{"type":"FeatureCollection","features":[{"type":"Feature","properties":{"kind":"road","name":"","class":"secondary"},"geometry":{"type":"LineString","coordinates":[[77.4595876,27.5027429],[77.4596661,27.5029691],[77.4599889,27.503869],[77.4600975,27.5041843],[77.4601512,27.5043794],[77.4601565,27.504405],[77.460186,27.5045483],[77.4602048,27.5047089],[77.4601994,27.5049242],[77.4601874,27.5051062],[77.4601525,27.5053167],[77.4601096,27.5055701],[77.4600933,27.5056595],[77.4599446,27.5064729],[77.4597944,27.5072473],[77.4595033,27.5087668],[77.4595192,27.5089376]]}},{"type":"Feature","properties":{"kind":"road","name":"","class":"secondary"},"geometry":{"type":"LineString","coordinates":[[77.4650733,27.4940544],[77.4649977,27.4940854],[77.4645059,27.4942867],[77.4642666,27.4943956],[77.4640779,27.4944815],[77.4639451,27.4945419],[77.4631387,27.4949084],[77.4630836,27.4949334]]}},{"type":"Feature","properties":{"kind":"road","name":"","class":"secondary"},"geometry":{"type":"LineString","coordinates":[[77.4584112,27.4953136],[77.4583203,27.4969958],[77.4582569,27.4981697],[77.4582481,27.4983328],[77.4582428,27.498604],[77.4582508,27.4987753],[77.4582776,27.4989776],[77.4583084,27.4990918],[77.4583863,27.4993582],[77.458747,27.5003741],[77.4588212,27.5005791],[77.4589561,27.5009516],[77.4591145,27.5013888],[77.4594766,27.5024354],[77.4595876,27.5027429]]}},{"type":"Feature","properties":{"kind":"road","name":"","class":"secondary"},"geometry":{"type":"LineString","coordinates":[[77.4595192,27.5089376],[77.4595839,27.5087686],[77.4596026,27.5086883],[77.459655,27.5083475],[77.4598451,27.5073763],[77.4599564,27.5067923],[77.4599835,27.5066525],[77.460186,27.5055558],[77.4602222,27.5053036],[77.4602531,27.5051085],[77.4602772,27.5048219],[77.4602736,27.5047522],[77.4602678,27.504641],[77.4602424,27.5044769],[77.4602075,27.5043258],[77.4601391,27.5040939],[77.4597676,27.5030518],[77.459659,27.502741]]}},{"type":"Feature","properties":{"kind":"road","name":"","class":"secondary"},"geometry":{"type":"LineString","coordinates":[[77.4212134,27.4846469],[77.4212631,27.484659],[77.4217353,27.4847715],[77.4229019,27.4850302],[77.4235382,27.4851646],[77.4239567,27.4852335],[77.4243601,27.4853023],[77.4246677,27.4853606],[77.4248227,27.4853879],[77.4252009,27.4854115],[77.4252417,27.4854152],[77.425442,27.4854333],[77.4258883,27.4854737],[77.4261166,27.4854939],[77.4263447,27.485514],[77.4266728,27.4855243],[77.426743,27.4855266],[77.4267727,27.4855275],[77.4272893,27.4855301],[77.4274317,27.4855308],[77.4282289,27.4855206],[77.4289979,27.4855107],[77.4292933,27.4855056],[77.4295016,27.485514],[77.4297232,27.4855476],[77.4300016,27.4856131],[77.4302206,27.4856818],[77.4306284,27.4858097],[77.4309333,27.485892],[77.431259,27.4859693],[77.4316018,27.4860483],[77.4320109,27.4861104],[77.4324559,27.4861743],[77.4330884,27.4862583],[77.4334471,27.4863184],[77.433649,27.4863523],[77.434041,27.4864246],[77.4343799,27.4865069],[77.4348004,27.4866329],[77.4356818,27.4869117],[77.4358041,27.4869504],[77.436496,27.4871848],[77.4371581,27.4874258],[77.4378323,27.4876745],[77.4384572,27.4879214],[77.438779,27.4880608],[77.4394787,27.4883639],[77.4395007,27.4883734],[77.4400196,27.4886169],[77.4403804,27.4888074],[77.4404078,27.4888219],[77.44043,27.4888345],[77.4406691,27.4889697],[77.4407769,27.4890364],[77.4409134,27.4891209],[77.4409617,27.4891533],[77.441224,27.4893292],[77.4418376,27.4897224],[77.4421271,27.4899101],[77.4429075,27.4904162],[77.4432111,27.4905977],[77.443256,27.4906245],[77.4437143,27.4908849],[77.444379,27.4912511],[77.4445813,27.4913553],[77.4447339,27.4914338],[77.4447672,27.491451],[77.4450513,27.4915804],[77.445348,27.4916899],[77.4454565,27.4917299],[77.4462481,27.4920054],[77.4470454,27.4922994],[77.4474839,27.4924563],[77.4478389,27.4925833],[77.4479844,27.4926352],[77.4487668,27.4929142],[77.4494363,27.4931581],[77.4496058,27.4932199],[77.4503348,27.4934913],[77.4509173,27.4937081],[77.4509501,27.4937206],[77.4509847,27.4937338],[77.4510446,27.4937525],[77.4511175,27.4937826],[77.451409,27.4938891],[77.4515544,27.4939423],[77.4519124,27.4940599],[77.4521699,27.4941422],[77.4524237,27.4942043],[77.4526945,27.4942547],[77.4530865,27.4943073],[77.4531452,27.4943152],[77.4537152,27.4943839],[77.4538421,27.4943992],[77.4541735,27.4944362],[77.4544178,27.4944748],[77.4546394,27.4945269],[77.4548515,27.4945974],[77.455126,27.4947152],[77.4554372,27.4948532],[77.4555857,27.4949015],[77.4556786,27.4949317],[77.4559522,27.4949936],[77.4560053,27.4950018],[77.4562491,27.4950392],[77.4564068,27.4950595],[77.4570842,27.4951467],[77.4572831,27.4951721],[77.457574,27.4952093],[77.4581239,27.4952795],[77.4582255,27.4952916],[77.4584112,27.4953136]]}},{"type":"Feature","properties":{"kind":"road","name":"","class":"secondary"},"geometry":{"type":"LineString","coordinates":[[77.4652121,27.4941615],[77.4654383,27.4942035],[77.465446,27.4942049]]}},{"type":"Feature","properties":{"kind":"road","name":"","class":"tertiary"},"geometry":{"type":"LineString","coordinates":[[77.4683999,27.4936905],[77.4684193,27.4937331],[77.4686032,27.4943274],[77.4687679,27.4948595],[77.4688746,27.4952042],[77.4689773,27.4955359],[77.4692159,27.4963225]]}},{"type":"Feature","properties":{"kind":"road","name":"","class":"tertiary"},"geometry":{"type":"LineString","coordinates":[[77.4630836,27.4949334],[77.4628958,27.4946707],[77.4627582,27.4944764],[77.4624001,27.4940776],[77.4623788,27.4940538],[77.4616917,27.4932406],[77.4613595,27.4928165],[77.4611082,27.4924985],[77.4608842,27.4922152],[77.460064,27.4910966],[77.4599679,27.4909594],[77.4597574,27.4906708],[77.4596387,27.4904724],[77.4594768,27.4902456],[77.4591192,27.4896235],[77.4588892,27.4892236],[77.4588273,27.4891159],[77.4582533,27.4880616],[77.4582237,27.4880071]]}},{"type":"Feature","properties":{"kind":"road","name":"","class":"track"},"geometry":{"type":"LineString","coordinates":[[77.4451322,27.4773533],[77.4451614,27.4775723],[77.4452454,27.4777317],[77.4454471,27.4779112],[77.446444,27.4788437],[77.4470089,27.4793786],[77.447557,27.4799247],[77.4482526,27.4806391],[77.4487336,27.481096],[77.4492223,27.4815367],[77.4496692,27.4820005],[77.4505925,27.4829131],[77.4512839,27.4835639],[77.4520343,27.4842895],[77.4524854,27.4847308],[77.4529745,27.4852096],[77.4535015,27.485808],[77.4541423,27.4865111],[77.4546103,27.4870384],[77.4552806,27.4878463],[77.4556643,27.4882988],[77.4568194,27.4894432],[77.4573338,27.4899968],[77.4575825,27.4902997],[77.4576331,27.4905951],[77.4577301,27.4907821],[77.4576768,27.4909506]]}},{"type":"Feature","properties":{"kind":"road","name":"","class":"residential"},"geometry":{"type":"LineString","coordinates":[[77.4604601,27.4942984],[77.4601072,27.4945695],[77.4599182,27.4947147],[77.459901,27.4947448],[77.45991,27.4947754],[77.46003,27.495025]]}},{"type":"Feature","properties":{"kind":"road","name":"","class":"residential"},"geometry":{"type":"LineString","coordinates":[[77.4523055,27.4850135],[77.4517199,27.4854572],[77.4516257,27.4855285],[77.4515252,27.4855832],[77.4514231,27.4856261],[77.4495283,27.486278],[77.4494934,27.4862995],[77.4494881,27.4863399],[77.4495018,27.4863993],[77.4498662,27.4871846],[77.4503652,27.4880854],[77.4503732,27.4881102],[77.4503624,27.4881387],[77.4503357,27.4881649],[77.4497214,27.4884314],[77.44966,27.4884687],[77.4495235,27.4885916],[77.4494167,27.4887422],[77.4493941,27.488785],[77.4493888,27.4888263],[77.4493982,27.4888668],[77.4494263,27.4889049],[77.4494585,27.4889335],[77.4496167,27.4890286],[77.4498179,27.4891428],[77.4504308,27.4894508],[77.4506629,27.4895338],[77.4508104,27.4895806],[77.451092,27.489671],[77.4514112,27.4897567],[77.4518591,27.4898828],[77.4527621,27.4901422],[77.4527842,27.4901495],[77.4528236,27.4901624],[77.4536905,27.4904469],[77.45385,27.4905206],[77.4539634,27.490573],[77.4542578,27.4907331],[77.4543746,27.4907967],[77.4549439,27.4911005],[77.4550612,27.4911631],[77.4551636,27.4911947],[77.455287,27.4912129],[77.4553769,27.4912415],[77.4556013,27.4913956],[77.4564374,27.4921806],[77.4566447,27.4923616],[77.4569113,27.4925942],[77.4569468,27.4926252],[77.4574244,27.4930571],[77.4579494,27.4934719],[77.4580981,27.4935651],[77.4581779,27.493615],[77.4586652,27.4939122],[77.4588683,27.4940285],[77.4589166,27.4940562],[77.4590252,27.4941303],[77.4591114,27.4941789],[77.4591582,27.494205],[77.4594363,27.4944096],[77.459901,27.4947448]]}},{"type":"Feature","properties":{"kind":"road","name":"","class":"tertiary"},"geometry":{"type":"LineString","coordinates":[[77.4853405,27.523604],[77.4854887,27.5236908],[77.4855517,27.523742],[77.4857032,27.5238645],[77.485887,27.5240321],[77.486005,27.5241546],[77.4861968,27.5242938],[77.4862648,27.5243262],[77.4863416,27.5243628],[77.4866514,27.5244674],[77.4869518,27.5245459],[77.4872307,27.5246244],[77.4875124,27.524741],[77.4876948,27.5248314],[77.4877927,27.5248718],[77.4878919,27.5249051],[77.4879684,27.5249015],[77.4880435,27.5248849],[77.4881159,27.5248504],[77.4883472,27.5246782],[77.488363,27.5246696],[77.4883821,27.5246601],[77.488432,27.5246518],[77.4884605,27.524658],[77.4884931,27.5246723],[77.488657,27.5248427],[77.4886986,27.5248772],[77.4887884,27.5249265],[77.4888548,27.5249687],[77.4889353,27.5250234],[77.489168,27.5252197],[77.4892069,27.525253],[77.4892893,27.5253249],[77.4893054,27.5253344],[77.4893292,27.5253389],[77.4893611,27.5253371],[77.4894181,27.525322],[77.4894697,27.5253089],[77.4895187,27.5253029],[77.489575,27.525294],[77.4897594,27.5252672],[77.4901694,27.5251555],[77.4901839,27.5251563],[77.4901949,27.5251611],[77.4902023,27.5251676],[77.4902368,27.5252039],[77.4902804,27.525225],[77.4903475,27.5252476],[77.490619,27.5252958],[77.4906482,27.5253068],[77.4906576,27.5253166],[77.49067,27.5253338],[77.490721,27.5253897],[77.4908115,27.5255509],[77.4908504,27.5256567],[77.4908772,27.525696],[77.4909067,27.5257245],[77.4909791,27.5257519],[77.4910195,27.525764],[77.4913138,27.5258523],[77.4914479,27.5258978],[77.4915364,27.5259279],[77.4915545,27.525941],[77.4915766,27.5259582],[77.4916202,27.5259897],[77.4917221,27.5262199],[77.4917348,27.5262347],[77.4917469,27.5262443],[77.4917657,27.5262532],[77.491879,27.5262526],[77.4921472,27.526249],[77.4922518,27.526249],[77.4924798,27.5262686],[77.4925764,27.5262722],[77.4926622,27.5262609],[77.49274,27.5262395],[77.4928768,27.5261848],[77.4929452,27.5261527],[77.4931142,27.5260742],[77.4931879,27.5260433],[77.493332,27.525995],[77.493426,27.5259713],[77.4934575,27.5259618],[77.4934709,27.5259529],[77.493489,27.5259274],[77.4934997,27.5258827],[77.4935125,27.5258209],[77.4935269,27.5255142],[77.4935272,27.5255081],[77.4935246,27.5253261],[77.4935111,27.5252215],[77.4934937,27.525162],[77.4934521,27.5250193],[77.4934132,27.524917],[77.4933676,27.5248409],[77.4933247,27.5247648],[77.493308,27.5247442],[77.4932885,27.5247252],[77.4932832,27.5247217],[77.4932783,27.5247193],[77.4930927,27.5247118],[77.4928641,27.5247273],[77.4927776,27.5247261],[77.4926488,27.5247112],[77.4924859,27.5246571],[77.4923913,27.5246048],[77.4923404,27.5245774],[77.492278,27.5245566],[77.4922083,27.5245525],[77.4921311,27.5245531],[77.4920225,27.5245459],[77.4919467,27.5245281],[77.4919178,27.5245205],[77.4917999,27.5244894],[77.4917429,27.5244775],[77.4916718,27.5244793],[77.4915997,27.5244866],[77.491354,27.5245126],[77.4912467,27.524521],[77.4912249,27.5245165],[77.4912125,27.5245088],[77.4912048,27.5244978],[77.4912014,27.524477],[77.4911401,27.5242724],[77.491136,27.5242064],[77.4911431,27.5241744],[77.4911468,27.5241576],[77.4911555,27.5241261],[77.4911615,27.524088],[77.4911521,27.5240434],[77.4910904,27.5238338],[77.4910851,27.5238157],[77.4909501,27.5235289],[77.4909429,27.5235136],[77.4908716,27.5233762],[77.490849,27.5233328],[77.4907772,27.5232191],[77.4907152,27.5231462],[77.4906318,27.5230482],[77.4905118,27.5229072],[77.4903783,27.5227643],[77.4902295,27.5226067],[77.4901912,27.5225794],[77.4901523,27.5225598],[77.49009,27.5225134],[77.4899974,27.5224355],[77.4899842,27.5224234],[77.4897381,27.5221587],[77.4897039,27.522122],[77.489635,27.5220559],[77.4894678,27.5219486],[77.4893224,27.5218418],[77.4893006,27.5218171],[77.4889578,27.5214283],[77.4888682,27.5213384],[77.4887317,27.5211597],[77.4883704,27.5206867]]}},{"type":"Feature","properties":{"kind":"road","name":"","class":""},"geometry":{"type":"LineString","coordinates":[[77.4318956,27.4602907],[77.4341613,27.4627878],[77.4364925,27.4651843],[77.4375538,27.4663904],[77.4402666,27.469665],[77.4430211,27.4730453],[77.444309,27.4744312],[77.4469502,27.4773511],[77.4476896,27.4780758],[77.4505335,27.4809692],[77.4511417,27.481641],[77.4533895,27.4840476],[77.4599598,27.4919443],[77.4613073,27.4936474]]}},{"type":"Feature","properties":{"kind":"water","name":"Radha Kund","class":""},"geometry":{"type":"Polygon","coordinates":[[[77.4755791,27.5103518],[77.4753585,27.5101403],[77.4755525,27.509987],[77.4757944,27.5101648],[77.4755791,27.5103518]]]}},{"type":"Feature","properties":{"kind":"water","name":"Manasi Ganga","class":""},"geometry":{"type":"Polygon","coordinates":[[[77.4624376,27.4982535],[77.4622146,27.4976767],[77.4622567,27.49763],[77.4623326,27.4977833],[77.4625603,27.497673],[77.4625181,27.4975889],[77.4628744,27.4975365],[77.4628828,27.4975795],[77.4629608,27.4975664],[77.4629545,27.4975085],[77.4630303,27.4975608],[77.4638988,27.497817],[77.4639579,27.4978731],[77.4647505,27.4975664],[77.4647441,27.4975309],[77.4650477,27.4974094],[77.4650688,27.4974449],[77.465191,27.4974037],[77.4651742,27.4973776],[77.4652943,27.4973327],[77.4653554,27.4974654],[77.4654651,27.4974168],[77.4655473,27.4975645],[77.465425,27.497615],[77.4654419,27.4976805],[77.4653828,27.497701],[77.4654292,27.4979273],[77.4653238,27.4979572],[77.465151,27.4979198],[77.4651278,27.4979853],[77.4653259,27.4984004],[77.4648306,27.4986004],[77.4645249,27.4985986],[77.4643499,27.4985256],[77.464274,27.498434],[77.4642277,27.4983256],[77.4641096,27.498262],[77.4637007,27.4984396],[77.463726,27.4985369],[77.4633971,27.4986734],[77.4633297,27.4987631],[77.4629924,27.4988042],[77.4630746,27.4995914],[77.4631379,27.500272],[77.4629692,27.5002982],[77.4629777,27.5003973],[77.4628954,27.5003992],[77.4628933,27.5002926],[77.4626024,27.5003599],[77.4626636,27.5005731],[77.4626003,27.5005581],[77.4625434,27.5003805],[77.462516,27.5003786],[77.4624359,27.5001337],[77.4627563,27.5000682],[77.4628006,27.5001898],[77.4629587,27.5001561],[77.4629545,27.5000383],[77.4630156,27.5000271],[77.4628744,27.4993876],[77.4626994,27.4994157],[77.4626151,27.4990641],[77.4626804,27.4989501],[77.4627921,27.4989089],[77.4627416,27.4986977],[77.4626678,27.4987033],[77.462535,27.4982321],[77.4624376,27.4982535]]]}},{"type":"Feature","properties":{"kind":"road","name":"","class":"residential"},"geometry":{"type":"LineString","coordinates":[[77.4656809,27.4971389],[77.4653924,27.4972385]]}},{"type":"Feature","properties":{"kind":"road","name":"","class":"service"},"geometry":{"type":"LineString","coordinates":[[77.4627026,27.4947559],[77.4628958,27.4946707]]}},{"type":"Feature","properties":{"kind":"road","name":"","class":"residential"},"geometry":{"type":"LineString","coordinates":[[77.4661702,27.4984923],[77.46592,27.4986371],[77.4651897,27.4990597],[77.4649609,27.4991557],[77.4643543,27.4993882],[77.4643041,27.4994451],[77.4642829,27.4994917],[77.4642656,27.4995299],[77.4642038,27.499746],[77.4641892,27.4997972],[77.464157,27.4998995],[77.4640873,27.4999972],[77.4638301,27.5002834],[77.4637158,27.5004011],[77.463219,27.5007233]]}},{"type":"Feature","properties":{"kind":"road","name":"","class":"track"},"geometry":{"type":"LineString","coordinates":[[77.4748319,27.5081114],[77.4748039,27.508303],[77.4748041,27.5083827],[77.4748116,27.5084205],[77.4748287,27.5084551],[77.4748928,27.5085269],[77.4749856,27.5086228],[77.475066,27.5087111],[77.4751276,27.5088022],[77.4751984,27.5089288],[77.4752805,27.5090835],[77.4753448,27.5092462],[77.4755585,27.5099473]]}},{"type":"Feature","properties":{"kind":"road","name":"","class":"service"},"geometry":{"type":"LineString","coordinates":[[77.4645196,27.4968702],[77.4647378,27.4969145],[77.4647993,27.4969256],[77.4650515,27.4969643]]}},{"type":"Feature","properties":{"kind":"road","name":"","class":"track"},"geometry":{"type":"LineString","coordinates":[[77.4754417,27.5074199],[77.4750977,27.5078325],[77.4748767,27.5080644],[77.4748319,27.5081114],[77.4745634,27.5083443],[77.4743397,27.5085697],[77.4742017,27.5086812],[77.4740271,27.5088089],[77.4737997,27.508969],[77.473503,27.5091571],[77.473377,27.5092406],[77.4732348,27.5093583],[77.4724055,27.5100674]]}},{"type":"Feature","properties":{"kind":"water","name":"Uddhava Kund","class":""},"geometry":{"type":"Polygon","coordinates":[[[77.4766176,27.5139846],[77.4765784,27.5139392],[77.4766062,27.5139204],[77.4765985,27.5139114],[77.4765707,27.5139303],[77.4765467,27.5139025],[77.4765749,27.5138834],[77.4765672,27.5138745],[77.476539,27.5138937],[77.4764974,27.5138455],[77.476547,27.5138118],[77.4765723,27.5138412],[77.4765833,27.5138337],[77.476558,27.5138043],[77.4766045,27.5137727],[77.47663,27.5138023],[77.4766413,27.5137947],[77.4766157,27.5137651],[77.4766744,27.5137252],[77.4767161,27.5137734],[77.4766809,27.5137974],[77.4766891,27.5138069],[77.4767243,27.513783],[77.4767445,27.5138063],[77.476709,27.5138305],[77.4767158,27.5138383],[77.4767513,27.5138142],[77.4767946,27.5138643],[77.4767348,27.5139049],[77.4767125,27.5138791],[77.4767016,27.5138865],[77.4767239,27.5139123],[77.4766759,27.513945],[77.4766537,27.5139193],[77.476643,27.5139266],[77.4766652,27.5139522],[77.4766176,27.5139846]]]}},{"type":"Feature","properties":{"kind":"water","name":"Lalita Kunda","class":""},"geometry":{"type":"Polygon","coordinates":[[[77.4930235,27.5263572],[77.4930027,27.5263163],[77.4929749,27.5263274],[77.492936,27.5262512],[77.4929701,27.5262375],[77.4929474,27.5261932],[77.4931589,27.5261084],[77.4931755,27.5261408],[77.4932008,27.5261307],[77.4932541,27.5262353],[77.4932245,27.5262471],[77.493237,27.5262716],[77.4930235,27.5263572]]]}},{"type":"Feature","properties":{"kind":"water","name":"Radha Kund","class":""},"geometry":{"type":"Polygon","coordinates":[[[77.4908475,27.5254081],[77.4911535,27.5247495],[77.4911957,27.5247649],[77.4912121,27.5247295],[77.491253,27.5247444],[77.4913094,27.5246231],[77.4913738,27.5246467],[77.4913134,27.5247766],[77.4918439,27.5249705],[77.4915219,27.5256634],[77.4912243,27.5255546],[77.4912528,27.5254933],[77.4911548,27.5254575],[77.4910782,27.5256223],[77.4910003,27.5255939],[77.4910519,27.5254828],[77.4908475,27.5254081]]]}},{"type":"Feature","properties":{"kind":"water","name":"Shyama Kunda","class":""},"geometry":{"type":"Polygon","coordinates":[[[77.4917621,27.5252106],[77.4918436,27.5250377],[77.4922872,27.5249902],[77.4922543,27.5246623],[77.4923467,27.5246659],[77.4924022,27.525003],[77.4926015,27.525003],[77.4926755,27.5248609],[77.4928686,27.524859],[77.492883,27.5248262],[77.4929508,27.5248317],[77.4929713,27.5249283],[77.4931007,27.5249483],[77.493298,27.5255751],[77.492657,27.525739],[77.4921968,27.5254056],[77.4917621,27.5252106]]]}},{"type":"Feature","properties":{"kind":"road","name":"Chhatikara-Govardan Road","class":"tertiary"},"geometry":{"type":"LineString","coordinates":[[77.4883704,27.5206867],[77.4879693,27.5203377],[77.4878965,27.5202841],[77.4878696,27.5202643]]}},{"type":"Feature","properties":{"kind":"road","name":"","class":"secondary"},"geometry":{"type":"LineString","coordinates":[[77.460157,27.4950215],[77.46003,27.495025]]}},{"type":"Feature","properties":{"kind":"road","name":"","class":"secondary"},"geometry":{"type":"LineString","coordinates":[[77.46003,27.495025],[77.4599078,27.4950434],[77.4597923,27.495077],[77.4596332,27.4951232],[77.4594165,27.4951805],[77.4591181,27.4952593],[77.4589167,27.4952919],[77.4588587,27.4953013],[77.4588197,27.4953057],[77.4587889,27.4953092],[77.4587081,27.4953184],[77.4585152,27.4953191],[77.4584112,27.4953136]]}},{"type":"Feature","properties":{"kind":"road","name":"","class":"secondary"},"geometry":{"type":"LineString","coordinates":[[77.4630836,27.4949334],[77.4628848,27.4950157],[77.4626822,27.495098],[77.462472,27.4951568],[77.4623186,27.4951736],[77.4621027,27.4951803],[77.4615213,27.4951736],[77.461294,27.4951686],[77.4610289,27.4951459],[77.4609469,27.4951348],[77.4607486,27.4951081],[77.4603472,27.4950426],[77.460157,27.4950215]]}},{"type":"Feature","properties":{"kind":"road","name":"","class":"tertiary"},"geometry":{"type":"LineString","coordinates":[[77.4604601,27.4942984],[77.4605979,27.4945576],[77.4607486,27.4951081]]}},{"type":"Feature","properties":{"kind":"road","name":"","class":"tertiary"},"geometry":{"type":"LineString","coordinates":[[77.4576768,27.4909506],[77.4578146,27.4911121],[77.4588004,27.4921617],[77.459477,27.4928863],[77.459878,27.4934644],[77.4599041,27.493502],[77.4600017,27.4936426],[77.4603892,27.4942032],[77.4604601,27.4942984]]}},{"type":"Feature","properties":{"kind":"water","name":"","class":""},"geometry":{"type":"Polygon","coordinates":[[[77.4639191,27.4975676],[77.4637552,27.4973383],[77.4639156,27.4971961],[77.4639117,27.4971574],[77.4641054,27.4971187],[77.4641978,27.4971631],[77.4643261,27.4972359],[77.4644069,27.497327],[77.4643684,27.4974294],[77.4642042,27.4975102],[77.4642209,27.4975398],[77.4640836,27.4976035],[77.4640447,27.4975503],[77.4640781,27.497531],[77.46405,27.4974874],[77.4640416,27.4974811],[77.4640253,27.4974857],[77.4639985,27.497512],[77.4640055,27.4975216],[77.4639191,27.4975676]]]}},{"type":"Feature","properties":{"kind":"water","name":"","class":""},"geometry":{"type":"Polygon","coordinates":[[[77.4651036,27.4992666],[77.4655885,27.4989275],[77.4658641,27.4992599],[77.465806,27.4992979],[77.4658371,27.4993354],[77.4658952,27.4992974],[77.4659811,27.4994009],[77.4659217,27.4994405],[77.4658966,27.4994109],[77.4659139,27.4993994],[77.4658903,27.4993715],[77.4658611,27.499391],[77.4658734,27.4994056],[77.4657384,27.4994957],[77.4657223,27.4994767],[77.4656593,27.4995188],[77.4656754,27.4995378],[77.4655497,27.4996217],[77.4655347,27.499604],[77.4654996,27.4996274],[77.4655229,27.4996548],[77.4655385,27.4996444],[77.4655666,27.4996776],[77.4654833,27.4997332],[77.4653941,27.4996237],[77.4654634,27.4995793],[77.4654278,27.4995356],[77.4653586,27.4995799],[77.4652449,27.4994403],[77.4652022,27.4994677],[77.4651597,27.4994154],[77.4652024,27.4993881],[77.4651036,27.4992666]]]}},{"type":"Feature","properties":{"kind":"water","name":"","class":""},"geometry":{"type":"Polygon","coordinates":[[[77.4870121,27.5259768],[77.4868171,27.5255013],[77.4869018,27.5254967],[77.487125,27.5255127],[77.4872636,27.5255968],[77.4873405,27.5257834],[77.4873457,27.5259063],[77.4873097,27.5259723],[77.4872507,27.5259859],[77.4871147,27.5259768],[77.4870121,27.5259768]]]}},{"type":"Feature","properties":{"kind":"water","name":"","class":""},"geometry":{"type":"Polygon","coordinates":[[[77.4911149,27.5323523],[77.4910405,27.5323478],[77.4910046,27.5322749],[77.4909558,27.5320315],[77.4909378,27.531788],[77.4909455,27.5316674],[77.4910328,27.5315742],[77.4911149,27.5315764],[77.4912355,27.5316765],[77.4913381,27.5320133],[77.4912483,27.5321384],[77.4912175,27.5322522],[77.491179,27.5323068],[77.4911149,27.5323523]]]}},{"type":"Feature","properties":{"kind":"water","name":"","class":""},"geometry":{"type":"Polygon","coordinates":[[[77.4878094,27.5242578],[77.4871423,27.5240359],[77.4872526,27.5238106],[77.4873617,27.5236752],[77.487337,27.5235962],[77.4874538,27.5235522],[77.4877359,27.5234963],[77.4878632,27.5234879],[77.4879467,27.5235082],[77.4881388,27.5237131],[77.4880237,27.5241394],[77.487948,27.5242475],[77.4878646,27.5242623],[77.4878094,27.5242578]]]}},{"type":"Feature","properties":{"kind":"water","name":"Kusum Sarovar","class":""},"geometry":{"type":"Polygon","coordinates":[[[77.4780534,27.5126588],[77.4780255,27.5125982],[77.478033,27.5125897],[77.4780375,27.5125795],[77.4780385,27.5125704],[77.4780353,27.5125587],[77.4780304,27.5125516],[77.4780208,27.5125451],[77.4780102,27.5125394],[77.4779966,27.5125355],[77.4779793,27.5124978],[77.4780719,27.5124643],[77.4780853,27.5124721],[77.4781015,27.5124694],[77.4781105,27.5124585],[77.4781108,27.5124439],[77.4781008,27.5124319],[77.4780821,27.5124304],[77.4780702,27.5124385],[77.4780666,27.5124528],[77.477976,27.5124857],[77.4779227,27.51237],[77.4780148,27.5123367],[77.4780274,27.512344],[77.4780438,27.5123417],[77.4780532,27.5123307],[77.4780521,27.5123166],[77.4780431,27.5123067],[77.4780288,27.5123033],[77.4780142,27.5123098],[77.478009,27.5123241],[77.4779204,27.5123561],[77.4777474,27.5119803],[77.477844,27.5119453],[77.477856,27.5119497],[77.4778697,27.5119483],[77.4778787,27.511939],[77.4778774,27.511924],[77.4778678,27.5119148],[77.4778543,27.511913],[77.4778422,27.5119183],[77.4778376,27.5119313],[77.4777444,27.511965],[77.4776915,27.5118501],[77.4777861,27.5118159],[77.4778001,27.5118208],[77.4778131,27.5118178],[77.4778212,27.5118075],[77.4778209,27.5117948],[77.4778126,27.5117858],[77.477797,27.511783],[77.4777844,27.5117894],[77.477779,27.5118005],[77.4776865,27.5118339],[77.4776113,27.5116705],[77.4777964,27.5116035],[77.4778362,27.51169],[77.4778296,27.5117036],[77.4778322,27.5117162],[77.4778445,27.5117237],[77.4778586,27.5117231],[77.4778697,27.5117159],[77.4778724,27.5117022],[77.4778637,27.5116904],[77.477849,27.5116854],[77.4778369,27.5116593],[77.4778841,27.5116423],[77.4778571,27.5115836],[77.4778941,27.5115702],[77.4779224,27.5116317],[77.4779682,27.5116151],[77.4779796,27.5116408],[77.4779723,27.5116523],[77.477975,27.5116678],[77.4779867,27.5116738],[77.4780021,27.5116735],[77.4780138,27.5116649],[77.4780161,27.5116516],[77.4780084,27.5116409],[77.4779936,27.5116359],[77.4779824,27.51161],[77.4779632,27.5115683],[77.4779778,27.511563],[77.4779697,27.5115453],[77.4781847,27.5114675],[77.478196,27.511492],[77.4782465,27.5114737],[77.4782361,27.5114511],[77.4782731,27.5114376],[77.4782841,27.5114616],[77.4783357,27.5114429],[77.478365,27.5115065],[77.4783548,27.5115202],[77.4783583,27.5115372],[77.4783727,27.5115452],[77.4783907,27.5115442],[77.4784047,27.511534],[77.4784066,27.5115179],[77.4783965,27.5115057],[77.4783787,27.5115015],[77.4783396,27.5114166],[77.4784699,27.5113694],[77.478509,27.5114544],[77.478499,27.5114667],[77.4784998,27.5114823],[77.4785147,27.5114927],[77.4785337,27.5114919],[77.4785475,27.5114823],[77.4785493,27.511465],[77.4785395,27.5114536],[77.478523,27.5114493],[77.4784839,27.5113643],[77.4786646,27.5112989],[77.4787399,27.5114626],[77.4786527,27.5114942],[77.4786398,27.5114877],[77.4786239,27.5114889],[77.4786131,27.5115008],[77.4786133,27.5115192],[77.4786252,27.5115301],[77.4786428,27.511533],[77.4786569,27.511526],[77.4786606,27.5115114],[77.4787479,27.5114799],[77.4788004,27.5115941],[77.478713,27.5116257],[77.4786996,27.511619],[77.4786826,27.5116189],[77.4786721,27.5116329],[77.4786726,27.5116509],[77.4786851,27.5116618],[77.4787034,27.5116652],[77.4787156,27.511658],[77.4787208,27.5116427],[77.4788083,27.511611],[77.4791147,27.512277],[77.4789704,27.5123292],[77.4789914,27.512375],[77.4791416,27.5123206],[77.479179,27.512402],[77.4790391,27.5124526],[77.4790342,27.5124418],[77.4789977,27.512455],[77.4790018,27.5124638],[77.4788352,27.5125241],[77.4787774,27.5123986],[77.4782494,27.5125897],[77.4782158,27.5125167],[77.4782251,27.5125058],[77.4782229,27.5124889],[77.4782101,27.5124796],[77.4781939,27.5124802],[77.4781828,27.5124895],[77.4781813,27.5125037],[77.4781902,27.5125161],[77.4782061,27.5125203],[77.4782395,27.512593],[77.4782355,27.5125945],[77.4781876,27.5126114],[77.4781789,27.5126037],[77.4781696,27.5125997],[77.4781575,27.5125957],[77.4781443,27.5125954],[77.4781321,27.5126022],[77.4781257,27.5126111],[77.4781206,27.5126219],[77.4781207,27.512635],[77.4780534,27.5126588]]]}},{"type":"Feature","properties":{"kind":"water","name":"","class":""},"geometry":{"type":"Polygon","coordinates":[[[77.4735752,27.5078807],[77.4736156,27.5079174],[77.4735946,27.5079356],[77.4736134,27.5079527],[77.4736344,27.5079346],[77.4736765,27.5079729],[77.4737168,27.5079381],[77.4737377,27.507957],[77.4737575,27.5079399],[77.4737367,27.5079209],[77.4737779,27.5078853],[77.4737379,27.507849],[77.4737615,27.5078286],[77.4737419,27.5078108],[77.4737183,27.5078311],[77.4736765,27.5077931],[77.4736358,27.5078282],[77.4736118,27.5078063],[77.4735919,27.5078235],[77.4736159,27.5078455],[77.4735752,27.5078807]]]}},{"type":"Feature","properties":{"kind":"water","name":"","class":""},"geometry":{"type":"Polygon","coordinates":[[[77.4922796,27.5311447],[77.4920181,27.5297688],[77.4922043,27.5297334],[77.4923949,27.5297688],[77.4924836,27.5298278],[77.4926254,27.5301973],[77.4928293,27.5305707],[77.4929934,27.5307909],[77.4940085,27.5305589],[77.49399,27.5303578],[77.4941484,27.5303271],[77.4941947,27.5302602],[77.4944075,27.5303231],[77.494536,27.5306651],[77.4946557,27.5309009],[77.4946468,27.5311211],[77.4945981,27.5311447],[77.4944829,27.5310345],[77.4943587,27.5309442],[77.494177,27.5309088],[77.4939996,27.5309638],[77.4939819,27.5311054],[77.4939686,27.5312783],[77.4939907,27.5314748],[77.4939597,27.5316556],[77.4938578,27.5316675],[77.4929313,27.5308773],[77.4922796,27.5311447]]]}},{"type":"Feature","properties":{"kind":"water","name":"","class":""},"geometry":{"type":"Polygon","coordinates":[[[77.4930829,27.5260053],[77.4930149,27.5256742],[77.4929777,27.5256799],[77.4930418,27.5260098],[77.4930829,27.5260053]]]}},{"type":"Feature","properties":{"kind":"water","name":"","class":""},"geometry":{"type":"Polygon","coordinates":[[[77.4908198,27.5291623],[77.4907993,27.5289803],[77.4904914,27.5288847],[77.4903862,27.5288825],[77.4903066,27.5289303],[77.4902091,27.5289667],[77.4901091,27.528903],[77.4901065,27.5288301],[77.4902014,27.5287642],[77.490281,27.5287277],[77.4903195,27.5286549],[77.4903939,27.5286436],[77.4904247,27.5285844],[77.4903836,27.5285412],[77.4903349,27.5285002],[77.490322,27.5284206],[77.4903682,27.5283569],[77.4904503,27.5283136],[77.4905324,27.5283182],[77.4905992,27.5283614],[77.4906813,27.5284115],[77.4908096,27.5283796],[77.4909404,27.5283136],[77.4911688,27.5281885],[77.4912021,27.5282317],[77.4912252,27.5283432],[77.4913304,27.5284342],[77.4914125,27.5285321],[77.4914484,27.5286458],[77.4914356,27.5287596],[77.4914074,27.5288461],[77.4913458,27.5288688],[77.4912406,27.5288415],[77.4911713,27.5288461],[77.4911149,27.5288916],[77.491061,27.5290008],[77.4911328,27.5290964],[77.4912432,27.5292124],[77.491315,27.5292511],[77.4914074,27.5293444],[77.4915383,27.5293512],[77.4916306,27.5294513],[77.4916537,27.529581],[77.4916742,27.5297539],[77.4917076,27.5300975],[77.4915921,27.5300406],[77.4914561,27.5299837],[77.491374,27.5299974],[77.4911816,27.5300838],[77.4911072,27.5300201],[77.4910661,27.52987],[77.4910533,27.5296606],[77.4910661,27.5292761],[77.4910507,27.529151],[77.4908198,27.5291623]]]}},{"type":"Feature","properties":{"kind":"water","name":"Mohana Kund","class":""},"geometry":{"type":"Polygon","coordinates":[[[77.4939412,27.5271213],[77.4938321,27.527127],[77.49376,27.5271083],[77.4937138,27.5270701],[77.4936538,27.5269939],[77.4936025,27.5268711],[77.4935589,27.5268506],[77.4934229,27.5268688],[77.4932792,27.5268642],[77.4931904,27.5268187],[77.4931483,27.5267186],[77.4931073,27.5267004],[77.4930303,27.5266936],[77.4929584,27.526623],[77.4929354,27.526532],[77.4929636,27.5264638],[77.4930264,27.5263659],[77.493242,27.5262836],[77.4933016,27.5263079],[77.4933927,27.5263449],[77.493496,27.5263568],[77.493555,27.5263159],[77.4935858,27.526259],[77.4936166,27.5262066],[77.4937167,27.5261475],[77.4938065,27.5260952],[77.4938886,27.5260838],[77.4939778,27.5260487],[77.494029,27.5260049],[77.4939784,27.5259245],[77.4939873,27.5258902],[77.4939745,27.5258508],[77.4940221,27.5258212],[77.4940449,27.5256832],[77.4940459,27.5255392],[77.4940375,27.5254674],[77.4940344,27.5253191],[77.4940114,27.5252134],[77.493945,27.525119],[77.4939476,27.5250386],[77.4940436,27.5249598],[77.4940544,27.5248396],[77.493957,27.5246377],[77.4939329,27.5246118],[77.493951,27.5245945],[77.4939993,27.5244334],[77.4939519,27.5243185],[77.4939296,27.5242703],[77.4939065,27.5242202],[77.4938449,27.5242066],[77.4937705,27.524202],[77.4936371,27.5241565],[77.4935986,27.5240996],[77.4935396,27.5240359],[77.4935165,27.5240018],[77.4934857,27.5238994],[77.4934241,27.5238357],[77.4934669,27.5237481],[77.4936791,27.5237302],[77.4938838,27.523752],[77.4939163,27.523668],[77.4939399,27.5234999],[77.4939775,27.5234963],[77.4944808,27.5234252],[77.4946631,27.523473],[77.4946606,27.5235348],[77.4948064,27.5240011],[77.4949021,27.5239722],[77.4950714,27.5245888],[77.4949842,27.5250803],[77.4951433,27.5254876],[77.4950535,27.525656],[77.4950198,27.5260825],[77.4941272,27.5262362],[77.4942401,27.5267118],[77.494081,27.5267436],[77.4940964,27.5268551],[77.4940938,27.5270008],[77.4940246,27.5270349],[77.4939904,27.5270697],[77.4939412,27.5271213]]]}},{"type":"Feature","properties":{"kind":"water","name":"","class":""},"geometry":{"type":"LineString","coordinates":[[77.4831173,27.5433956],[77.4818342,27.543405],[77.4804127,27.5434277],[77.4792786,27.5434095],[77.4788168,27.5432457],[77.4784678,27.5429864],[77.4767795,27.5410116],[77.4743728,27.5381177],[77.471304,27.5345138],[77.4688151,27.5315469],[77.4683379,27.5308506],[77.4681018,27.5302317],[77.4676759,27.5281498]]}},{"type":"Feature","properties":{"kind":"water","name":"","class":""},"geometry":{"type":"LineString","coordinates":[[77.4676759,27.5281498],[77.4670806,27.5253261],[77.4663571,27.5219448],[77.4663365,27.5215852],[77.4673885,27.5170706]]}},{"type":"Feature","properties":{"kind":"water","name":"Aring Distributary","class":""},"geometry":{"type":"LineString","coordinates":[[77.4774029,27.5940404],[77.4730507,27.5918821],[77.4725324,27.5915455],[77.4717883,27.5909815],[77.4711314,27.5903312],[77.4706337,27.5897263],[77.4701359,27.588994],[77.4697972,27.5882481],[77.4695304,27.5873294],[77.4693867,27.5863651],[77.4694585,27.5853554],[77.4696638,27.5842456],[77.4700538,27.5833177],[77.4706696,27.5822443],[77.4746723,27.57594],[77.4798861,27.5675791],[77.4829549,27.5626205],[77.4832114,27.5620382],[77.4834167,27.5613194],[77.4835296,27.5606916],[77.4835296,27.5599182],[77.4832936,27.5501457],[77.4831173,27.5433956],[77.483078,27.5418921],[77.4829138,27.5344842],[77.4828009,27.5285412],[77.482842,27.5278586],[77.4829857,27.527176],[77.4832217,27.5265206],[77.4837144,27.525656],[77.4852352,27.5236278]]}},{"type":"Feature","properties":{"kind":"water","name":"","class":""},"geometry":{"type":"LineString","coordinates":[[77.4871382,27.5001374],[77.4872892,27.4998909],[77.4874175,27.4995814],[77.4874586,27.4991671],[77.4873611,27.4979199],[77.4871661,27.4950658],[77.4870737,27.4934589],[77.4870018,27.4924802],[77.4870839,27.4914469],[77.4870634,27.4907959],[77.4871045,27.4905819],[77.4873713,27.4904772],[77.4888903,27.4900493],[77.4908352,27.4894666],[77.4923747,27.4889704],[77.4927699,27.4886745],[77.4932163,27.488192],[77.4937551,27.4872405],[77.4955102,27.484723],[77.498076,27.4809535],[77.4986918,27.4800794],[77.4987945,27.4798153],[77.4987534,27.4794056],[77.4973781,27.475645],[77.4963723,27.4729679],[77.4961978,27.4720481],[77.4961465,27.4712286],[77.496321,27.4683328],[77.4966494,27.4646993],[77.4967007,27.4641711],[77.4966699,27.463816],[77.4965468,27.4634153],[77.4963518,27.463051],[77.4954589,27.4622951],[77.4892085,27.4576961],[77.4882129,27.4565941],[77.4868889,27.455055],[77.4853289,27.4535887],[77.4827117,27.4513755],[77.4819625,27.4507835],[77.4815725,27.4503008],[77.481357,27.4499274],[77.4812749,27.449308],[77.4812441,27.448042],[77.4813159,27.4471494],[77.4815828,27.4460382],[77.4823936,27.4436701],[77.4826091,27.443324],[77.4830812,27.4429323],[77.484046,27.4420214],[77.4846618,27.4413019],[77.4852263,27.4404183],[77.4864887,27.4378952],[77.4885106,27.4340239],[77.4886645,27.4336777],[77.4886748,27.4333498],[77.4885516,27.4330765],[77.4882437,27.4327668],[77.4839033,27.4292878]]}},{"type":"Feature","properties":{"kind":"road","name":"","class":"living_street"},"geometry":{"type":"LineString","coordinates":[[77.4883821,27.5246601],[77.4883097,27.5246084],[77.4882567,27.5245644],[77.4882004,27.5244817],[77.4881548,27.5243628],[77.488136,27.5242248],[77.48814,27.5241297],[77.4881735,27.5239501],[77.4882272,27.5238395],[77.4882875,27.5237646],[77.4883452,27.5237134],[77.4886805,27.5234339],[77.48895,27.5231865],[77.4890175,27.5231343],[77.4895859,27.5226944],[77.4895986,27.522686]]}},{"type":"Feature","properties":{"kind":"road","name":"","class":"unclassified"},"geometry":{"type":"LineString","coordinates":[[77.4806353,27.5131372],[77.4807752,27.5130739],[77.480814,27.5130649],[77.480878,27.5130636],[77.4809516,27.5130723],[77.4809543,27.5130734],[77.4810435,27.5131084],[77.4814292,27.5133862],[77.4814774,27.5134121],[77.4815374,27.513437],[77.4834315,27.5138921],[77.4841426,27.5141474],[77.4846654,27.5143407],[77.4847336,27.5143603],[77.4848349,27.5143838],[77.4850527,27.5144185],[77.485176,27.5144368],[77.4852653,27.5144595],[77.4853684,27.514491],[77.485438,27.5145163],[77.4855082,27.5145498],[77.4860525,27.5148289],[77.4864066,27.5149975],[77.4865799,27.5150609],[77.4874185,27.5153039],[77.4875264,27.515339],[77.4876191,27.515384],[77.4878171,27.5154951],[77.4879694,27.5155699],[77.4881143,27.5156244],[77.4882925,27.5156768],[77.4888046,27.5158287],[77.4894254,27.516048],[77.4902029,27.5163201],[77.4902618,27.5163432],[77.4903032,27.5163531]]}},{"type":"Feature","properties":{"kind":"road","name":"","class":"living_street"},"geometry":{"type":"LineString","coordinates":[[77.4922539,27.5229201],[77.4919797,27.5220888],[77.4919202,27.521918],[77.4917998,27.5215592]]}},{"type":"Feature","properties":{"kind":"road","name":"","class":"living_street"},"geometry":{"type":"LineString","coordinates":[[77.4820282,27.518924],[77.4824811,27.5194525]]}},{"type":"Feature","properties":{"kind":"road","name":"","class":"living_street"},"geometry":{"type":"LineString","coordinates":[[77.4823133,27.5187515],[77.4827685,27.5192818]]}},{"type":"Feature","properties":{"kind":"road","name":"","class":"living_street"},"geometry":{"type":"LineString","coordinates":[[77.4885209,27.5228042],[77.4888161,27.5224924],[77.4888463,27.5224477],[77.4888482,27.5224118],[77.4888314,27.5223768],[77.4887644,27.5223198],[77.488407,27.5220911]]}},{"type":"Feature","properties":{"kind":"road","name":"","class":"living_street"},"geometry":{"type":"LineString","coordinates":[[77.4821201,27.518021],[77.4824529,27.5184331]]}},{"type":"Feature","properties":{"kind":"road","name":"","class":"living_street"},"geometry":{"type":"LineString","coordinates":[[77.4881092,27.5256889],[77.4878919,27.5249051]]}},{"type":"Feature","properties":{"kind":"road","name":"","class":"living_street"},"geometry":{"type":"LineString","coordinates":[[77.4860715,27.5183335],[77.4855912,27.5187967],[77.4855546,27.518809],[77.4855187,27.5188035],[77.48497,27.5183238]]}},{"type":"Feature","properties":{"kind":"road","name":"","class":"living_street"},"geometry":{"type":"LineString","coordinates":[[77.4922518,27.526249],[77.4923173,27.5257317]]}},{"type":"Feature","properties":{"kind":"road","name":"","class":"residential"},"geometry":{"type":"LineString","coordinates":[[77.4841426,27.5141474],[77.4835731,27.5144794],[77.483083,27.5147651],[77.4830456,27.5147869],[77.4826208,27.5150346]]}},{"type":"Feature","properties":{"kind":"road","name":"","class":"living_street"},"geometry":{"type":"LineString","coordinates":[[77.4831857,27.5175126],[77.4835537,27.5178392]]}},{"type":"Feature","properties":{"kind":"road","name":"","class":"living_street"},"geometry":{"type":"LineString","coordinates":[[77.4824735,27.5178142],[77.4827685,27.5181759]]}},{"type":"Feature","properties":{"kind":"road","name":"","class":"living_street"},"geometry":{"type":"LineString","coordinates":[[77.4884675,27.5220201],[77.4879632,27.5214432]]}},{"type":"Feature","properties":{"kind":"road","name":"","class":"living_street"},"geometry":{"type":"LineString","coordinates":[[77.4837724,27.5170083],[77.4842449,27.5174207]]}},{"type":"Feature","properties":{"kind":"road","name":"","class":"living_street"},"geometry":{"type":"LineString","coordinates":[[77.4932935,27.5245806],[77.4937462,27.5244956]]}},{"type":"Feature","properties":{"kind":"road","name":"","class":"service"},"geometry":{"type":"LineString","coordinates":[[77.4845512,27.522938],[77.484267,27.5231866]]}},{"type":"Feature","properties":{"kind":"road","name":"","class":"secondary"},"geometry":{"type":"LineString","coordinates":[[77.4587591,27.5135993],[77.4591589,27.5138962],[77.4593063,27.5140404],[77.459601,27.5143361],[77.4597976,27.514568],[77.4600035,27.5148661],[77.460345,27.5153637],[77.4608735,27.5161425],[77.4611093,27.5165572],[77.4611888,27.516747],[77.461215,27.5168095],[77.4613532,27.5171845],[77.461589,27.5178479],[77.4616378,27.5179705],[77.4616763,27.5180496],[77.4617638,27.5181905],[77.4626501,27.5195281],[77.4631908,27.5203682],[77.4633047,27.5205953],[77.4634022,27.520808],[77.463512,27.5210748],[77.4637356,27.521713],[77.4637978,27.5218282],[77.4638619,27.5218999],[77.4639385,27.5219443],[77.4640279,27.5219704],[77.4648211,27.522028],[77.4659132,27.5221018],[77.4663605,27.5221151]]}},{"type":"Feature","properties":{"kind":"road","name":"","class":"service"},"geometry":{"type":"LineString","coordinates":[[77.4841053,27.5207746],[77.4845145,27.5204792],[77.4849187,27.520167]]}},{"type":"Feature","properties":{"kind":"road","name":"","class":"living_street"},"geometry":{"type":"LineString","coordinates":[[77.4895986,27.522686],[77.489606,27.5226848],[77.4896141,27.5226852],[77.4896213,27.5226873],[77.489629,27.5226921],[77.4896578,27.5227221],[77.4896803,27.5227676],[77.4897007,27.5228244],[77.4897433,27.5229618],[77.4897587,27.5230236]]}},{"type":"Feature","properties":{"kind":"road","name":"","class":"living_street"},"geometry":{"type":"LineString","coordinates":[[77.4879693,27.5203377],[77.4865825,27.5222289],[77.4854887,27.5236908]]}},{"type":"Feature","properties":{"kind":"road","name":"","class":"living_street"},"geometry":{"type":"LineString","coordinates":[[77.4903783,27.5227643],[77.4907917,27.522514],[77.4908524,27.522514],[77.4908819,27.5225306],[77.490906,27.5225532],[77.4909984,27.5226911],[77.491077,27.5228083]]}},{"type":"Feature","properties":{"kind":"road","name":"","class":"service"},"geometry":{"type":"LineString","coordinates":[[77.4843568,27.5210226],[77.4847416,27.5207305],[77.4851419,27.520431]]}},{"type":"Feature","properties":{"kind":"road","name":"","class":"living_street"},"geometry":{"type":"LineString","coordinates":[[77.4877565,27.525847],[77.4875839,27.5249991],[77.4875612,27.5249202]]}},{"type":"Feature","properties":{"kind":"road","name":"","class":"living_street"},"geometry":{"type":"LineString","coordinates":[[77.4855582,27.5178247],[77.48497,27.5183238],[77.4848473,27.5184213],[77.4848167,27.5184334],[77.4847912,27.518432],[77.4847402,27.518391],[77.4845474,27.5181691],[77.4844658,27.5180685],[77.4844488,27.5180584],[77.4844275,27.5180567],[77.4844146,27.5180584],[77.4843673,27.5180752],[77.4842876,27.5181324],[77.4842668,27.5181425],[77.4842459,27.5181441],[77.4842301,27.5181401],[77.4842156,27.518129],[77.4840696,27.5179676],[77.483941,27.517807],[77.4839237,27.5177709],[77.4839066,27.5177171],[77.4838718,27.5176571],[77.4838291,27.5176059],[77.4834677,27.517269]]}},{"type":"Feature","properties":{"kind":"road","name":"","class":"living_street"},"geometry":{"type":"LineString","coordinates":[[77.4809902,27.5195519],[77.4820282,27.518924],[77.4823133,27.5187515],[77.4832612,27.5181782]]}},{"type":"Feature","properties":{"kind":"road","name":"","class":"living_street"},"geometry":{"type":"LineString","coordinates":[[77.4914744,27.5231538],[77.4913573,27.5229561],[77.4913399,27.5229267],[77.4912862,27.522863],[77.4912225,27.5228208],[77.4911622,27.5228],[77.491077,27.5228083],[77.4906318,27.5230482]]}},{"type":"Feature","properties":{"kind":"road","name":"","class":"living_street"},"geometry":{"type":"LineString","coordinates":[[77.4880587,27.5213102],[77.4879632,27.5214432],[77.4874402,27.5220907],[77.4871088,27.5225215]]}},{"type":"Feature","properties":{"kind":"road","name":"","class":"service"},"geometry":{"type":"LineString","coordinates":[[77.4863416,27.5243628],[77.4859332,27.5247707],[77.4858917,27.5248308],[77.4858829,27.5248563],[77.4858829,27.5248992],[77.4858917,27.5249235],[77.4859168,27.5249637]]}},{"type":"Feature","properties":{"kind":"road","name":"","class":"living_street"},"geometry":{"type":"LineString","coordinates":[[77.4932832,27.5247217],[77.4934494,27.5247071],[77.4934957,27.5247124],[77.4935266,27.5247184],[77.4935856,27.5247356],[77.4937499,27.5248016],[77.4937914,27.5248153],[77.4938159,27.5248189],[77.4938394,27.5248201],[77.4938652,27.5248201]]}},{"type":"Feature","properties":{"kind":"road","name":"","class":"residential"},"geometry":{"type":"LineString","coordinates":[[77.4805408,27.5189552],[77.4821201,27.518021],[77.4824735,27.5178142],[77.4827853,27.5176266]]}},{"type":"Feature","properties":{"kind":"road","name":"","class":"living_street"},"geometry":{"type":"LineString","coordinates":[[77.485887,27.5240321],[77.4861867,27.5235707],[77.4862082,27.5235237],[77.4862149,27.5234964],[77.4862175,27.5234559],[77.4862095,27.5234256],[77.4862155,27.5233756],[77.4862633,27.5232874],[77.4866275,27.5227998]]}},{"type":"Feature","properties":{"kind":"road","name":"","class":"living_street"},"geometry":{"type":"LineString","coordinates":[[77.4874402,27.5220907],[77.4880928,27.52246],[77.4885209,27.5228042],[77.48895,27.5231865]]}},{"type":"Feature","properties":{"kind":"road","name":"","class":"living_street"},"geometry":{"type":"LineString","coordinates":[[77.4893224,27.5218418],[77.4893906,27.5220381],[77.4894068,27.5220782],[77.4895369,27.5223999],[77.4895814,27.5225341],[77.4895859,27.5226944]]}},{"type":"Feature","properties":{"kind":"road","name":"","class":"unclassified"},"geometry":{"type":"LineString","coordinates":[[77.4829043,27.530255],[77.482933,27.5302466],[77.4829449,27.5302381],[77.4829546,27.530223],[77.4829613,27.5302015],[77.4829781,27.5300303],[77.4829942,27.5300023],[77.4830438,27.5299786],[77.4831055,27.5299512],[77.4831766,27.5299132],[77.4831947,27.5298917],[77.4832128,27.5298632],[77.4833,27.529692],[77.4833536,27.5295504],[77.4834354,27.5293709],[77.4835199,27.5291853],[77.4836688,27.5289059],[77.4837734,27.5287536],[77.4838243,27.5286644],[77.4838619,27.5285978],[77.4838914,27.5285205],[77.4839142,27.5284373],[77.483937,27.5281899],[77.483945,27.5281186],[77.4839826,27.5280127],[77.4840242,27.5279354],[77.4840778,27.5278462],[77.4842951,27.5275655],[77.4844104,27.5273836],[77.4844989,27.5271992],[77.4846438,27.5268841],[77.4849401,27.5263513],[77.4849582,27.5263222],[77.4850139,27.5262324],[77.4851118,27.5261075],[77.4851856,27.5260278],[77.4853103,27.5259434],[77.4854833,27.5258744],[77.4861726,27.5256187],[77.4864811,27.5254843],[77.4868864,27.5252828],[77.4873893,27.5250234],[77.4875612,27.5249202],[77.4876948,27.5248314]]}},{"type":"Feature","properties":{"kind":"road","name":"","class":"residential"},"geometry":{"type":"LineString","coordinates":[[77.490849,27.5233328],[77.4911501,27.523246],[77.4911855,27.5232377],[77.4914744,27.5231538],[77.4922539,27.5229201],[77.4923162,27.522913],[77.4924033,27.5229121],[77.4924759,27.5229113],[77.4925194,27.5229088],[77.492565,27.5229017],[77.4926884,27.5228755],[77.4930015,27.5228071],[77.4935889,27.5227179],[77.4937845,27.5226742],[77.4939117,27.522629],[77.494032,27.522555],[77.4941359,27.5224805],[77.4942122,27.5224484],[77.4943681,27.5223896],[77.4946316,27.5223256]]}},{"type":"Feature","properties":{"kind":"road","name":"","class":"living_street"},"geometry":{"type":"LineString","coordinates":[[77.4932174,27.5238692],[77.4932476,27.5238793],[77.4932577,27.523893],[77.493261,27.5239007],[77.4932637,27.5239418],[77.4932635,27.5241356],[77.493263,27.5245174],[77.493265,27.524534],[77.4932724,27.5245462],[77.4932912,27.5245739],[77.4932935,27.5245806],[77.4932949,27.5245908],[77.4932783,27.5247193]]}},{"type":"Feature","properties":{"kind":"road","name":"","class":"residential"},"geometry":{"type":"LineString","coordinates":[[77.4850184,27.5210368],[77.4847416,27.5207305],[77.4845145,27.5204792],[77.4842782,27.5202178],[77.4841794,27.5201084]]}},{"type":"Feature","properties":{"kind":"road","name":"","class":"living_street"},"geometry":{"type":"LineString","coordinates":[[77.4894237,27.524314],[77.4896226,27.5242908],[77.4897427,27.5242701],[77.4898021,27.5242526],[77.4896361,27.5240387]]}},{"type":"Feature","properties":{"kind":"road","name":"","class":"residential"},"geometry":{"type":"LineString","coordinates":[[77.4870528,27.5194239],[77.4865272,27.5197944],[77.4858012,27.5203922],[77.4850184,27.5210368],[77.4838364,27.5223183]]}},{"type":"Feature","properties":{"kind":"road","name":"","class":"residential"},"geometry":{"type":"LineString","coordinates":[[77.4842281,27.5165914],[77.4837724,27.5170083],[77.4834677,27.517269],[77.4831857,27.5175126],[77.4829016,27.5177328]]}},{"type":"Feature","properties":{"kind":"road","name":"","class":"secondary"},"geometry":{"type":"LineString","coordinates":[[77.4576795,27.5184803],[77.457643,27.5186761],[77.4571431,27.5213591],[77.4569009,27.5226201],[77.4568811,27.5227268],[77.4568601,27.5228424],[77.4568044,27.5231485],[77.4567379,27.5235769],[77.4567051,27.5237881],[77.4566375,27.5242235],[77.4565119,27.5250325],[77.456482,27.525377],[77.4563813,27.5268448],[77.4563652,27.5279913],[77.4564113,27.5284092],[77.4564618,27.5288666],[77.4566764,27.5302747],[77.456848,27.5315638],[77.4570733,27.5331954],[77.457245,27.5346891],[77.4573201,27.5351981],[77.4575098,27.536484],[77.4576056,27.5371047],[77.4577342,27.5382577],[77.4578259,27.5390802],[77.4581603,27.5415908],[77.4583038,27.5427949],[77.4584186,27.5436439],[77.4584659,27.5439936],[77.4587688,27.5463308],[77.4587738,27.5463834],[77.4589362,27.5476213],[77.4590912,27.5487017],[77.4592349,27.5498283],[77.45925,27.5499551],[77.4595492,27.5523866],[77.4597161,27.5536024],[77.4598619,27.5548158],[77.4600073,27.5558999],[77.4601417,27.5569239],[77.4605293,27.5598898],[77.4606887,27.5610859],[77.4608728,27.5625209],[77.4610452,27.5639023],[77.4614143,27.566665],[77.4614205,27.566707],[77.4614445,27.5668602],[77.461531,27.5674127],[77.4615886,27.5681112],[77.461983,27.5709398],[77.4628853,27.5779916],[77.4628909,27.5780159]]}},{"type":"Feature","properties":{"kind":"road","name":"","class":"living_street"},"geometry":{"type":"LineString","coordinates":[[77.4916202,27.5259897],[77.4916926,27.5258845],[77.4917456,27.5258203],[77.4917744,27.5257769],[77.4917912,27.5257287],[77.4918143,27.5255765],[77.4918143,27.5255339],[77.4918099,27.5255116],[77.4918039,27.5255],[77.4917845,27.5254816],[77.4916456,27.525435]]}},{"type":"Feature","properties":{"kind":"road","name":"","class":"service"},"geometry":{"type":"LineString","coordinates":[[77.4846781,27.5230487],[77.4845016,27.523221],[77.4844855,27.523246],[77.4844815,27.5232853],[77.4844815,27.5233025],[77.4844758,27.5233426],[77.484464,27.5233762],[77.4844412,27.5234054],[77.4841361,27.5237236],[77.4840977,27.5237669],[77.4840551,27.5238071],[77.4840168,27.5238692],[77.4840081,27.5239263],[77.4840309,27.5239703],[77.4840952,27.5240167],[77.4841851,27.5240524]]}},{"type":"Feature","properties":{"kind":"road","name":"","class":"living_street"},"geometry":{"type":"LineString","coordinates":[[77.4901839,27.5251563],[77.4901476,27.5250799],[77.4901223,27.5250178],[77.490094,27.5249485],[77.4900605,27.5248433],[77.4900539,27.5248173],[77.4900247,27.5247014],[77.4900202,27.5246839],[77.4899868,27.524558],[77.4899802,27.5245369],[77.4898021,27.5242526]]}},{"type":"Feature","properties":{"kind":"road","name":"","class":"residential"},"geometry":{"type":"LineString","coordinates":[[77.4917348,27.5262347],[77.4916859,27.5263715],[77.4916081,27.5266831],[77.4914559,27.5271963],[77.4914358,27.5272257],[77.4914173,27.5272421],[77.4913982,27.5272543],[77.4912346,27.527311]]}},{"type":"Feature","properties":{"kind":"road","name":"","class":"living_street"},"geometry":{"type":"LineString","coordinates":[[77.4924961,27.523974],[77.4924959,27.5238746],[77.4930082,27.5238597],[77.493097,27.5238637],[77.4932174,27.5238692]]}},{"type":"Feature","properties":{"kind":"road","name":"","class":"living_street"},"geometry":{"type":"LineString","coordinates":[[77.4899802,27.5245369],[77.4902264,27.5244701],[77.4902425,27.5244642],[77.4902468,27.5244599],[77.4902499,27.5244549],[77.4902506,27.5244463],[77.4902435,27.5242444],[77.4902388,27.5241879],[77.49021,27.5241011],[77.490159,27.5239953],[77.4900806,27.5238603],[77.4899787,27.523717],[77.4899331,27.5236325],[77.4899069,27.5235695],[77.4898865,27.5234179],[77.4898881,27.5233971],[77.4898975,27.5233789],[77.4899136,27.5233655],[77.4901503,27.5232555]]}},{"type":"Feature","properties":{"kind":"road","name":"","class":"unclassified"},"geometry":{"type":"LineString","coordinates":[[77.489575,27.525294],[77.4896266,27.5254873],[77.4896514,27.5255402],[77.489687,27.5255901],[77.4896996,27.5256051],[77.489744,27.5256573],[77.489797,27.5257376],[77.4898841,27.5258631],[77.4899793,27.5260052],[77.4900283,27.526048],[77.4901054,27.5260974],[77.4901852,27.5261336],[77.4904038,27.5261878],[77.4906231,27.5262383],[77.490672,27.5262627],[77.4907109,27.5262924],[77.4907498,27.5263403],[77.4907853,27.526384],[77.4910511,27.5268142],[77.4910583,27.5268258],[77.4911454,27.5270244],[77.4912044,27.5272052],[77.4912346,27.527311],[77.4913139,27.5276681],[77.4913171,27.5276845],[77.4913902,27.5280746],[77.4916118,27.5289596],[77.4916913,27.5292769],[77.4917871,27.5297437],[77.4919984,27.5309074],[77.4920668,27.5312665],[77.4921016,27.5313771],[77.4921472,27.5314794],[77.4921612,27.5315035],[77.4922666,27.5316863],[77.4925415,27.5320669],[77.4927345,27.5323194],[77.4931222,27.5328161],[77.4935286,27.5333512],[77.4938866,27.533865],[77.4942166,27.5344084],[77.4945948,27.535053],[77.4947798,27.5354288],[77.4949059,27.5357427],[77.495268,27.5367583],[77.4955952,27.5377643],[77.4958339,27.5383898],[77.4962287,27.5393528],[77.4963436,27.5396194],[77.4963623,27.5396711],[77.4963831,27.5397205],[77.4963972,27.539746],[77.4964173,27.5397758],[77.4964394,27.5398221],[77.496644,27.5402508],[77.4968331,27.5406456],[77.4976297,27.5423235],[77.4981682,27.5432592],[77.4981964,27.5433031],[77.4982307,27.5433662],[77.4982651,27.5434497],[77.4984948,27.5441553],[77.4986568,27.5447216],[77.4986773,27.5447883],[77.4986999,27.5448735],[77.4987235,27.5450281],[77.4987471,27.5453576],[77.4987912,27.546194],[77.498801,27.5463049],[77.4987972,27.5464487],[77.4987935,27.5465926],[77.4987898,27.5467364],[77.4987861,27.5468502],[77.4987689,27.5469634],[77.4987024,27.5473963],[77.4986927,27.5474917],[77.4987019,27.5475799],[77.4987096,27.5476377],[77.4987297,27.5477009],[77.4989632,27.5481728],[77.4990738,27.5484059],[77.4991291,27.5485225],[77.4991843,27.5486391],[77.499231,27.5487278],[77.4992574,27.5487967],[77.4992715,27.5488739],[77.4993783,27.5498674],[77.4995671,27.5516237],[77.4997657,27.5530502],[77.4997807,27.5531083],[77.4998014,27.5531633],[77.4998509,27.5532653],[77.4998978,27.5533267],[77.499954,27.5533854],[77.5000135,27.5534354],[77.500088,27.5534864],[77.5002055,27.5535483],[77.5002806,27.5535848],[77.5003545,27.5536207]]}},{"type":"Feature","properties":{"kind":"road","name":"","class":"living_street"},"geometry":{"type":"LineString","coordinates":[[77.4865825,27.5222289],[77.4871088,27.5225215],[77.4871405,27.5225396],[77.4875992,27.5228007],[77.4876438,27.5228161],[77.4876673,27.5228155],[77.4876948,27.5228066],[77.4880928,27.52246],[77.488407,27.5220911],[77.4884675,27.5220201],[77.4888422,27.5215559],[77.4889578,27.5214283]]}},{"type":"Feature","properties":{"kind":"road","name":"","class":"living_street"},"geometry":{"type":"LineString","coordinates":[[77.4886805,27.5234339],[77.4887969,27.5235002],[77.4889722,27.5235998],[77.4890695,27.5236428],[77.4891894,27.5236801],[77.489233,27.523698],[77.4892511,27.523711],[77.4892652,27.5237289],[77.4893168,27.5238199],[77.4893427,27.5238543],[77.4893547,27.5238701],[77.4893681,27.5238799],[77.4893882,27.5238871],[77.4894791,27.5239073],[77.489522,27.5239221],[77.4895401,27.5239328],[77.489583,27.5239626],[77.4896246,27.5240197],[77.4896361,27.5240387]]}},{"type":"Feature","properties":{"kind":"road","name":"","class":"service"},"geometry":{"type":"LineString","coordinates":[[77.4858012,27.5203922],[77.4856176,27.520004],[77.485558,27.5198538],[77.485538,27.5198245],[77.4854993,27.5198133],[77.4854319,27.5198248],[77.4853652,27.5198576],[77.4849962,27.5200535],[77.4849488,27.5200435],[77.4848984,27.5199953],[77.4847794,27.5199238],[77.4847391,27.5199045],[77.4847207,27.5199047],[77.484704,27.5199081],[77.4842782,27.5202178],[77.4838898,27.5205197]]}},{"type":"Feature","properties":{"kind":"road","name":"","class":"tertiary"},"geometry":{"type":"LineString","coordinates":[[77.4893054,27.5253344],[77.4885866,27.525536],[77.4883801,27.5255997],[77.4881092,27.5256889],[77.4877565,27.525847],[77.4876787,27.5258854],[77.4874453,27.5260004],[77.4874031,27.5260349],[77.487393,27.5260581],[77.4873896,27.526074],[77.4873816,27.5261111],[77.4873816,27.5261574],[77.4874011,27.5262954],[77.4874105,27.526362],[77.4874392,27.526506],[77.4875676,27.5271503],[77.4876089,27.5273574],[77.487676,27.5277106],[77.4876854,27.5278355],[77.4876653,27.5279425],[77.4876223,27.5280531],[77.4875271,27.5282755],[77.4874775,27.5283909],[77.4874373,27.5285396],[77.487393,27.5287691],[77.4873689,27.5290176],[77.4873099,27.5300535],[77.4873206,27.5302783],[77.4874225,27.5308431],[77.4874359,27.5308598],[77.4875137,27.5312927],[77.4875808,27.5318278],[77.4876264,27.5321156],[77.4876532,27.532256],[77.4876505,27.5323749],[77.487625,27.5325009],[77.4873072,27.5332002],[77.487271,27.5332692],[77.4871543,27.5334487],[77.4870872,27.5335879],[77.4870349,27.5337413],[77.4866715,27.5346451]]}},{"type":"Feature","properties":{"kind":"park","name":"","class":""},"geometry":{"type":"Polygon","coordinates":[[[77.4884365,27.523991],[77.488965,27.5238658],[77.4889766,27.5239022],[77.4891062,27.5238726],[77.489169,27.5240422],[77.4892511,27.524024],[77.4893833,27.5242947],[77.489219,27.524322],[77.4891716,27.5242208],[77.4890779,27.5242242],[77.4890459,27.5241775],[77.4888868,27.5242299],[77.4888021,27.5240831],[77.488516,27.5241832],[77.4885532,27.5242652],[77.4884942,27.5242868],[77.4884608,27.524198],[77.4884365,27.523991]]]}},{"type":"Feature","properties":{"kind":"road","name":"","class":"secondary"},"geometry":{"type":"LineString","coordinates":[[77.4869223,27.4910309],[77.4871811,27.4910213]]}},{"type":"Feature","properties":{"kind":"road","name":"","class":"secondary"},"geometry":{"type":"LineString","coordinates":[[77.4804488,27.4914228],[77.4806219,27.4914097],[77.4811011,27.4913815],[77.4811523,27.4913785],[77.4814891,27.4913586],[77.4823943,27.4913032],[77.4835457,27.491236],[77.484224,27.4911952],[77.4847198,27.4911654],[77.485805,27.4911033],[77.4862274,27.4910759],[77.4869223,27.4910309]]}},{"type":"Feature","properties":{"kind":"road","name":"","class":"secondary"},"geometry":{"type":"LineString","coordinates":[[77.4871811,27.4910213],[77.4887187,27.4909213],[77.4888765,27.4909192],[77.4890064,27.4909119],[77.4891861,27.4908917],[77.4905607,27.4906609],[77.4914045,27.4905121],[77.4921124,27.4903861],[77.4928714,27.4902469],[77.4938504,27.4900708],[77.4943516,27.4899891],[77.4945733,27.489953],[77.4948375,27.4899233],[77.4950029,27.489907],[77.4951151,27.4898959],[77.4953967,27.4898828],[77.4959613,27.4898483],[77.4970646,27.4897697],[77.4971273,27.4897656],[77.4974537,27.4897442],[77.4975846,27.4897385],[77.4980561,27.489702],[77.4985296,27.4896615],[77.4991103,27.4895997],[77.4997996,27.4895009],[77.500556,27.4893713],[77.5019239,27.4891155],[77.5026226,27.4889953],[77.5037009,27.4888085],[77.5048126,27.4886182],[77.5057976,27.4884448],[77.5062945,27.4883574],[77.5078758,27.4880792]]}},{"type":"Feature","properties":{"kind":"road","name":"","class":"tertiary"},"geometry":{"type":"LineString","coordinates":[[77.447821,27.446477],[77.4481509,27.4466769],[77.448851,27.4479195],[77.4508734,27.4516755],[77.4514907,27.4527773],[77.4522842,27.4541937],[77.4539633,27.4572973],[77.4559964,27.461053],[77.4564881,27.462096],[77.4576961,27.4643666],[77.4589916,27.4667777],[77.4597856,27.4682213],[77.4604362,27.4694902],[77.4611443,27.4708013],[77.4619584,27.4723838],[77.4627114,27.4737953],[77.4633493,27.4749901],[77.4640565,27.4763242],[77.4644414,27.477043],[77.4645595,27.4772705],[77.4648746,27.4778561],[77.4652764,27.4786089],[77.465549,27.4791364],[77.4657872,27.479582],[77.4661017,27.4801882],[77.4663683,27.4807267],[77.4664904,27.4809481],[77.4665948,27.4811098],[77.4667098,27.4812668],[77.4668478,27.4814206],[77.467022,27.4815779],[77.4672041,27.4817226],[77.4674225,27.4818772],[77.4676028,27.4819906],[77.4677815,27.4820863],[77.4681025,27.4822323],[77.4684501,27.4823501],[77.4691128,27.4825377],[77.4697857,27.4827028],[77.4700784,27.482783],[77.4703548,27.4828912],[77.4707634,27.4830797],[77.4727961,27.4844129],[77.4753627,27.4861379],[77.4774609,27.4875159],[77.4793884,27.488816],[77.4796043,27.489011],[77.4797457,27.4891772],[77.4799321,27.4894105],[77.4800585,27.4896073],[77.48018,27.4898183],[77.4802962,27.4900484],[77.4803718,27.4902792],[77.4804876,27.4907593],[77.4805641,27.4912048],[77.4806219,27.4914097]]}},{"type":"Feature","properties":{"kind":"water","name":"","class":""},"geometry":{"type":"LineString","coordinates":[[77.4870394,27.5003178],[77.4871382,27.5001374]]}},{"type":"Feature","properties":{"kind":"water","name":"","class":""},"geometry":{"type":"LineString","coordinates":[[77.47835,27.5100628],[77.4784571,27.5099799],[77.4785686,27.509876],[77.4786474,27.509768],[77.4789656,27.5091627],[77.4792222,27.5084799],[77.4794377,27.5080931],[77.4798483,27.5076288],[77.4809464,27.5064226],[77.4813724,27.5061222],[77.4829683,27.5051982],[77.4841281,27.5044609],[77.4844924,27.5040831],[77.4847491,27.5037379],[77.4847596,27.5037238]]}},{"type":"Feature","properties":{"kind":"road","name":"","class":"secondary"},"geometry":{"type":"LineString","coordinates":[[77.4652654,27.4935759],[77.4653108,27.4934274],[77.4653891,27.4928906],[77.4654056,27.4927775],[77.4654786,27.4921835],[77.4655008,27.4920028],[77.4655639,27.4916388],[77.4656262,27.4913141],[77.4656296,27.4912962],[77.4656993,27.4909892],[77.4657758,27.4907334],[77.4658179,27.4906178],[77.4658442,27.4905455],[77.4659193,27.4903635],[77.4660145,27.490191],[77.4661392,27.4899923],[77.4662532,27.4898114],[77.4664852,27.4894355],[77.4666461,27.4891702],[77.4667587,27.4889962],[77.466854,27.488849],[77.4671759,27.4883386],[77.4674588,27.4878627],[77.4675266,27.4877519],[77.4677432,27.4873975],[77.468112,27.4868086],[77.4683037,27.4864898],[77.4684295,27.4862953],[77.4685438,27.4861186],[77.4685637,27.4860633],[77.4686135,27.4859247]]}},{"type":"Feature","properties":{"kind":"road","name":"","class":"secondary"},"geometry":{"type":"LineString","coordinates":[[77.4803358,27.4914267],[77.4804488,27.4914228]]}},{"type":"Feature","properties":{"kind":"road","name":"","class":"secondary"},"geometry":{"type":"LineString","coordinates":[[77.465446,27.4942049],[77.4658616,27.4942857],[77.4658883,27.4942909],[77.4661099,27.4943396],[77.4662547,27.4943681],[77.4663958,27.4943799],[77.4665161,27.4943757],[77.46666,27.4943421],[77.466875,27.4942699],[77.4671353,27.4941808],[77.4675719,27.4940364],[77.4679099,27.4939162],[77.4684193,27.4937331],[77.4688081,27.4935831],[77.4694012,27.4933543],[77.4694765,27.4933238],[77.4701796,27.4930385],[77.4702793,27.4930017],[77.4708409,27.4927943],[77.4714124,27.4925833],[77.4714906,27.4925617],[77.4716984,27.4925043],[77.4721074,27.4924035],[77.4722524,27.4923766],[77.4725146,27.4923279],[77.4730013,27.4922523],[77.4737474,27.4921448],[77.4738,27.492137],[77.4743061,27.4920624],[77.474397,27.492049],[77.4746843,27.4920052],[77.4750549,27.4919487],[77.4751128,27.4919399],[77.4754162,27.4918974],[77.4760652,27.4918066],[77.4763292,27.4917726],[77.4764782,27.4917534],[77.4772376,27.4916778],[77.478175,27.4916156],[77.4787219,27.491579],[77.4791276,27.4915518],[77.4794931,27.4915266],[77.479798,27.4914829]]}},{"type":"Feature","properties":{"kind":"water","name":"Govardhan Distributary","class":""},"geometry":{"type":"LineString","coordinates":[[77.498196,27.5061404],[77.4966305,27.5052977],[77.4941522,27.5039749],[77.4899894,27.5017814],[77.4867386,27.5000399],[77.485376,27.4993404],[77.4823451,27.4976988],[77.4815297,27.4970897],[77.4812293,27.4966043],[77.4809182,27.4960809],[77.480768,27.4956336],[77.4803308,27.4913949],[77.4802342,27.4904967],[77.4800062,27.4898376],[77.4795985,27.4892761],[77.4792123,27.4888668],[77.4704575,27.4831086],[77.4697736,27.4828635],[77.4696261,27.4828325],[77.4686953,27.4825874],[77.467947,27.4823661],[77.4671906,27.4819474],[77.4666542,27.4815095],[77.4661553,27.4807481],[77.4641919,27.4769431],[77.4618262,27.4725668],[77.4588168,27.4667744],[77.4570279,27.4635281],[77.4545467,27.4590253],[77.4503088,27.4511613],[77.4479485,27.4467626]]}},{"type":"Feature","properties":{"kind":"road","name":"","class":"tertiary"},"geometry":{"type":"LineString","coordinates":[[77.4887207,27.4902064],[77.4887717,27.4904705],[77.4887904,27.4905467],[77.4888078,27.4906762],[77.4888765,27.4909192]]}},{"type":"Feature","properties":{"kind":"road","name":"","class":"tertiary"},"geometry":{"type":"LineString","coordinates":[[77.4886643,27.4900184],[77.4887207,27.4902064]]}},{"type":"Feature","properties":{"kind":"road","name":"","class":"tertiary"},"geometry":{"type":"LineString","coordinates":[[77.496133,27.4711354],[77.4960881,27.4711169],[77.4960592,27.4710949],[77.4960002,27.4710295],[77.4959023,27.470926],[77.4957629,27.4708332],[77.4957186,27.4708058],[77.4956375,27.4707737],[77.4955644,27.4707576],[77.495327,27.4707558],[77.4950749,27.4707772],[77.4946658,27.4708171],[77.4945035,27.4708447],[77.4943688,27.4708677],[77.4943024,27.4708807],[77.4942447,27.4708998],[77.4940717,27.4709795],[77.494042,27.4709955],[77.4939403,27.4710503],[77.4937465,27.4711687],[77.4936285,27.4712306],[77.4935673,27.4712536],[77.4935399,27.4712639],[77.4935272,27.4712686],[77.4932168,27.4713627],[77.4931598,27.4713853],[77.4930947,27.4714168],[77.4930096,27.4714668],[77.4929825,27.4714879],[77.4929083,27.4715459],[77.4928104,27.4716173],[77.492679,27.4717202],[77.4926016,27.4717983],[77.4925717,27.4718285],[77.4925113,27.4718933],[77.4924631,27.4719564],[77.4924523,27.4719751],[77.492402,27.4720626],[77.4923849,27.472081],[77.4923662,27.472095],[77.4923296,27.4721271],[77.4923209,27.472142],[77.4923142,27.4721575],[77.4923142,27.4722027],[77.4923229,27.472258],[77.4923491,27.4724062],[77.4923712,27.4725055],[77.4923826,27.4725704],[77.4924,27.4726911],[77.4924027,27.4727221],[77.4924007,27.4727441],[77.492394,27.4727631],[77.4923564,27.4728084],[77.4923269,27.4728369],[77.4922599,27.4729428],[77.4922529,27.4729607],[77.4922223,27.4730392],[77.4922129,27.4730892],[77.4922076,27.4732343],[77.4922036,27.4733408],[77.4921995,27.4734188],[77.4921962,27.4734598],[77.4921855,27.473483],[77.4921653,27.4735056],[77.4920212,27.4735937],[77.4919194,27.473663],[77.4918306,27.4737236],[77.4917315,27.4737912],[77.4916162,27.4738661],[77.4916093,27.4738716],[77.4914613,27.4739952],[77.4914056,27.4740863],[77.4913815,27.47416],[77.4913774,27.4742362],[77.4914351,27.4745182],[77.4914646,27.4746669],[77.4914499,27.4748002],[77.4914418,27.4748454],[77.4914043,27.4749144],[77.4912956,27.4750203],[77.4912634,27.4750679],[77.4912557,27.4750935],[77.4912474,27.4751214],[77.4912487,27.4752297],[77.4912728,27.4754605],[77.491297,27.4756563],[77.4913044,27.47578],[77.4912976,27.4758496],[77.4912836,27.4759091],[77.4912152,27.4760662],[77.4911669,27.4761756],[77.4911213,27.4762772],[77.4911065,27.4763101],[77.4908705,27.4767182],[77.4908464,27.4767812],[77.4908102,27.4769002],[77.49079,27.4770644],[77.4907458,27.4773547],[77.4907233,27.4774489],[77.4907163,27.4774785],[77.490672,27.4775891],[77.4906103,27.477695],[77.490491,27.4778455],[77.4904494,27.4779282],[77.4904038,27.4780329],[77.4903622,27.4781757],[77.4903341,27.4783304],[77.4903019,27.4785327],[77.4902563,27.4788111],[77.4901919,27.4792894],[77.4901825,27.479381],[77.4901624,27.4794678],[77.4901101,27.4796189],[77.4900229,27.4798022],[77.4898915,27.4801258],[77.4897788,27.4804042],[77.4897131,27.4806172],[77.489693,27.4807112],[77.4896809,27.4808337],[77.489685,27.4810657],[77.4896595,27.4812727],[77.4896474,27.4813786],[77.4895991,27.4816309],[77.4894851,27.4823186],[77.4894536,27.4825738],[77.4894449,27.4827124],[77.4894462,27.482842],[77.4894914,27.483446],[77.4895341,27.4837236],[77.4895623,27.4841672],[77.4896106,27.4843447],[77.4896437,27.4845491],[77.4897352,27.4849893],[77.4898011,27.4851622],[77.489899,27.4853774],[77.4899231,27.4854307],[77.489917,27.4854906],[77.4898801,27.4855379],[77.4898168,27.4855751],[77.489718,27.4856],[77.4896303,27.4856202],[77.4893686,27.4856521],[77.4891439,27.4856708],[77.4890211,27.485685],[77.4888793,27.4857127],[77.4887493,27.4857478],[77.4886195,27.4858222],[77.4884944,27.4859223],[77.4883975,27.4860835],[77.4883864,27.4861048],[77.488346,27.4861822],[77.488318,27.4862931],[77.4882858,27.4866484],[77.4882183,27.4869613],[77.4882091,27.4870366],[77.4881898,27.4871936],[77.4881483,27.4875326],[77.4881461,27.48755],[77.4881312,27.4876754],[77.4881235,27.4877404],[77.4881097,27.4879299],[77.4881089,27.4880451],[77.4881299,27.4882007],[77.4881722,27.4883148],[77.4882125,27.4884114],[77.4882796,27.488587],[77.4885785,27.489633],[77.4886643,27.4900184]]}},{"type":"Feature","properties":{"kind":"park","name":"","class":""},"geometry":{"type":"Polygon","coordinates":[[[77.4939376,27.5295088],[77.4940288,27.5300226],[77.4927038,27.5302604],[77.4921459,27.5292377],[77.4913385,27.5293518],[77.4911132,27.5289522],[77.4915853,27.5288],[77.491419,27.5280555],[77.4899545,27.5283814],[77.4897346,27.5279033],[77.4894208,27.5280294],[77.4882701,27.5281245],[77.4881601,27.5276369],[77.4896219,27.5273657],[77.4897319,27.5272587],[77.4900699,27.5272421],[77.4901825,27.5277653],[77.4908155,27.5276369],[77.4907377,27.5273158],[77.4909577,27.5272492],[77.4905205,27.5264833],[77.4898821,27.5265761],[77.4897909,27.5261765],[77.4892545,27.526136],[77.4891365,27.5258554],[77.4887529,27.5259671],[77.4888441,27.526205],[77.4883291,27.5263834],[77.4884632,27.527292],[77.4876934,27.527644],[77.4877149,27.5277749],[77.4872696,27.5278605],[77.4870658,27.5271755],[77.487452,27.527097],[77.4873716,27.526676],[77.4859688,27.5271969],[77.4855477,27.5266284],[77.486001,27.52645],[77.4857917,27.5260623],[77.4856254,27.526136],[77.4854887,27.5259243],[77.4860358,27.5257031],[77.4854189,27.5252702],[77.4856013,27.5250181],[77.4848074,27.524433],[77.4877578,27.520394],[77.4889889,27.5187408],[77.4892625,27.5191689],[77.4901021,27.5188026],[77.4896648,27.5178535],[77.4901155,27.5172636],[77.4903515,27.5182055],[77.4905419,27.5181152],[77.4907994,27.5188026],[77.491478,27.5184268],[77.4918428,27.5184648],[77.4920949,27.5186337],[77.4929157,27.5180961],[77.4932295,27.5188121],[77.4927494,27.5190286],[77.493023,27.5198183],[77.4928004,27.5199206],[77.4934414,27.5212051],[77.4933448,27.5212884],[77.493479,27.521619],[77.4928567,27.5218997],[77.4929398,27.5222161],[77.492795,27.5228416],[77.4924141,27.5228749],[77.492571,27.5237586],[77.4934092,27.5237646],[77.493538,27.5241523],[77.4938545,27.5242522],[77.4939832,27.5243616],[77.4940073,27.5260266],[77.494171,27.5262431],[77.4948978,27.5261455],[77.4949381,27.5265642],[77.4947584,27.5266094],[77.4948066,27.5269685],[77.4946082,27.5270113],[77.4946859,27.5274609],[77.4944794,27.5274894],[77.4945223,27.5282577],[77.4947637,27.5293518],[77.4939376,27.5295088]]]}},{"type":"Feature","properties":{"kind":"park","name":"","class":""},"geometry":{"type":"Polygon","coordinates":[[[77.4993047,27.5098582],[77.4996212,27.5094371],[77.4988702,27.5085831],[77.4986529,27.5082476],[77.4988139,27.5079955],[77.4977839,27.5070391],[77.4960485,27.5091968],[77.4964401,27.5092515],[77.4965286,27.5097059],[77.4972099,27.5097535],[77.4976364,27.5103958],[77.4974647,27.5105005],[77.4977517,27.5109929],[77.4971053,27.511678],[77.4970141,27.5121277],[77.4974379,27.5123822],[77.4980065,27.5119588],[77.4983311,27.5123917],[77.4985564,27.5122823],[77.4985778,27.5117018],[77.4984089,27.5110809],[77.4987254,27.5100604],[77.4990928,27.5097654],[77.4993047,27.5098582]]]}},{"type":"Feature","properties":{"kind":"road","name":"","class":"tertiary"},"geometry":{"type":"LineString","coordinates":[[77.490673,27.516397],[77.4906485,27.5163778],[77.4905675,27.5163139]]}},{"type":"Feature","properties":{"kind":"road","name":"","class":"tertiary"},"geometry":{"type":"LineString","coordinates":[[77.4930611,27.5179324],[77.4929472,27.5177151],[77.4928692,27.5176013],[77.4928009,27.5175144],[77.4927422,27.5174577],[77.4926231,27.5173762],[77.4924798,27.5173056],[77.4917862,27.5169968],[77.4908,27.5164715],[77.4907164,27.5164262],[77.490673,27.516397]]}},{"type":"Feature","properties":{"kind":"road","name":"","class":"unclassified"},"geometry":{"type":"LineString","coordinates":[[77.4991434,27.5093683],[77.4989374,27.5095111],[77.4989091,27.5095307],[77.4987674,27.5096174],[77.4986811,27.5096655],[77.4986248,27.509707],[77.498569,27.5097673],[77.4984918,27.5098632],[77.4982982,27.5101034],[77.4982528,27.5101597],[77.4982311,27.5102013],[77.4982144,27.5102602],[77.4981124,27.5106824],[77.4980948,27.5107701],[77.4980795,27.5108422],[77.4980449,27.5110048],[77.4980257,27.5110526],[77.4979978,27.5111104],[77.4979726,27.5111483],[77.4979295,27.5112132],[77.4978853,27.5112643],[77.4978223,27.5113372],[77.4975721,27.5116104],[77.4974758,27.5117479],[77.4973905,27.5119196],[77.4973318,27.5120628],[77.4972158,27.5122809],[77.4970429,27.5125563],[77.4968367,27.512886],[77.4966423,27.5131756],[77.4965777,27.513273],[77.4965202,27.5133571],[77.4964558,27.5134344],[77.4963983,27.5135031],[77.4962245,27.5136881],[77.496074,27.5138422],[77.4959079,27.5140352],[77.4958227,27.5141566],[77.4956771,27.5144096],[77.4953659,27.5149184],[77.495141,27.5153094],[77.4950482,27.5154526],[77.4949555,27.5155817],[77.494707,27.5159028],[77.494395,27.5162847],[77.494241,27.5164642],[77.494127,27.5166344],[77.4939343,27.5169311],[77.493877,27.5169942],[77.493803,27.5170551],[77.49366,27.5171442],[77.4935158,27.517241],[77.4934326,27.5173231],[77.4933486,27.5174229],[77.4932885,27.5175299],[77.4932314,27.5176461],[77.4932165,27.5176899],[77.4931996,27.5177741],[77.4931874,27.5178719]]}},{"type":"Feature","properties":{"kind":"water","name":"","class":""},"geometry":{"type":"Polygon","coordinates":[[[77.4996185,27.5107562],[77.4994978,27.5106361],[77.499294,27.510749],[77.4992149,27.5107205],[77.4989252,27.5102959],[77.4989426,27.5102638],[77.4991451,27.5101187],[77.4991451,27.5099938],[77.4993087,27.5099129],[77.4992685,27.5098808],[77.4991116,27.5098606],[77.4990606,27.5098391],[77.4989828,27.5098653],[77.498944,27.5099367],[77.498889,27.5100473],[77.4988407,27.5100556],[77.498838,27.5101722],[77.4986972,27.510265],[77.4986744,27.5103268],[77.4986663,27.5104589],[77.4985751,27.5105457],[77.4985671,27.5106099],[77.4985792,27.5106789],[77.4985564,27.5109049],[77.4985081,27.5112154],[77.4985443,27.5112689],[77.498602,27.5112475],[77.4986798,27.5112106],[77.4987656,27.5112439],[77.4988407,27.5113046],[77.498893,27.5116638],[77.4989748,27.5117506],[77.4989654,27.5118172],[77.4988943,27.5118684],[77.4988689,27.511904],[77.4988729,27.5119659],[77.4989238,27.512061],[77.4989721,27.5121253],[77.4990338,27.51213],[77.4992752,27.5120313],[77.4994764,27.5118267],[77.4995421,27.5117185],[77.4996346,27.5116281],[77.4996386,27.511596],[77.4996158,27.5115044],[77.4996762,27.5114092],[77.4997312,27.5113759],[77.4997687,27.5113628],[77.4997915,27.5112344],[77.499813,27.5111642],[77.4997178,27.5108347],[77.499694,27.5108029],[77.4996185,27.5107562]]]}},{"type":"Feature","properties":{"kind":"water","name":"","class":""},"geometry":{"type":"Polygon","coordinates":[[[77.4992927,27.5106765],[77.4994845,27.5105611],[77.4994154,27.510457],[77.4994248,27.5103904],[77.4993973,27.5102614],[77.4993322,27.5101936],[77.4992933,27.5101876],[77.4992223,27.5102096],[77.4992169,27.5101965],[77.4990157,27.5103125],[77.4992927,27.5106765]]]}},{"type":"Feature","properties":{"kind":"road","name":"Chhatikara-Govardan Road","class":"secondary"},"geometry":{"type":"LineString","coordinates":[[77.5133459,27.5275056],[77.5129357,27.5273324],[77.5117149,27.5267986],[77.5115705,27.5267354],[77.5103983,27.5262502],[77.5101542,27.5261551],[77.5093147,27.5257983],[77.5076222,27.5250704],[77.5071287,27.524873],[77.5066406,27.5246304],[77.5065596,27.5245823],[77.5062597,27.5244044],[77.5059834,27.5242308],[77.5057125,27.5240143],[77.5052056,27.5235505],[77.5049186,27.5233007],[77.5034765,27.5220002],[77.5024883,27.5211355],[77.5020515,27.5207533],[77.5020099,27.5207199],[77.5016416,27.520424],[77.5014722,27.5203131],[77.5013417,27.5202493],[77.5012126,27.5202007],[77.5009705,27.5201323],[77.5007082,27.5200713],[77.5005197,27.5200133],[77.5003542,27.5199439],[77.5001888,27.5198554],[77.4998299,27.5196683],[77.4992747,27.5193732],[77.498858,27.5191494]]}},{"type":"Feature","properties":{"kind":"park","name":"","class":""},"geometry":{"type":"Polygon","coordinates":[[[77.4917525,27.4960513],[77.4916755,27.4956175],[77.4919181,27.4955356],[77.4919258,27.495358],[77.4926034,27.4952794],[77.492638,27.4954878],[77.4941126,27.4950711],[77.4942358,27.4954844],[77.4938046,27.495761],[77.4939009,27.495983],[77.4947825,27.4957029],[77.4951329,27.4962015],[77.4954101,27.4960444],[77.4952523,27.4954707],[77.495618,27.4952624],[77.4960877,27.4962494],[77.4948287,27.4968538],[77.495002,27.49711],[77.4955834,27.496987],[77.4957335,27.4972056],[77.4942012,27.4978169],[77.4944437,27.4981926],[77.4941742,27.4982848],[77.4938277,27.4978374],[77.4933773,27.4981175],[77.4932348,27.4978955],[77.4930577,27.4979638],[77.4928998,27.4974105],[77.4925572,27.4975335],[77.492407,27.4971988],[77.4914676,27.4973149],[77.4910133,27.497431],[77.4909247,27.4972261],[77.4905205,27.49739],[77.4903087,27.4965294],[77.489916,27.496625],[77.489839,27.4964304],[77.4907399,27.4963177],[77.4908285,27.4963894],[77.4916678,27.4963723],[77.491714,27.4966455],[77.4919835,27.496625],[77.4919412,27.4963586],[77.4917525,27.4960513]]]}},{"type":"Feature","properties":{"kind":"water","name":"","class":""},"geometry":{"type":"Polygon","coordinates":[[[77.4945612,27.4983753],[77.4944418,27.4982746],[77.4942859,27.4983446],[77.4942147,27.4982455],[77.4941338,27.4982165],[77.4940838,27.4982336],[77.4940626,27.4982592],[77.4940684,27.498389],[77.4941627,27.498529],[77.4942609,27.4986092],[77.4943071,27.4986195],[77.4943571,27.4986058],[77.4945612,27.4983753]]]}},{"type":"Feature","properties":{"kind":"water","name":"","class":""},"geometry":{"type":"Polygon","coordinates":[[[77.4946824,27.4982916],[77.4951329,27.498056],[77.4951637,27.4980048],[77.4948538,27.497653],[77.4947075,27.4976274],[77.494617,27.497653],[77.4943186,27.4977896],[77.4942974,27.4978886],[77.4943706,27.4980252],[77.4944457,27.4981089],[77.4945034,27.4981892],[77.4946824,27.4982916]]]}},{"type":"Feature","properties":{"kind":"road","name":"","class":"unclassified"},"geometry":{"type":"LineString","coordinates":[[77.4887187,27.4909213],[77.4888718,27.4916609],[77.4889985,27.4921264],[77.4891706,27.4926203],[77.4892593,27.4929261],[77.4892802,27.4930687],[77.4893094,27.4931714],[77.489349,27.4932839],[77.4895263,27.4936539],[77.4896653,27.4939587],[77.4897143,27.4940963],[77.4897196,27.4941112],[77.4898094,27.4943804],[77.489851,27.4945767],[77.4899182,27.494909],[77.4899844,27.4951109],[77.4901111,27.4954631],[77.4901517,27.4956433],[77.4901694,27.4957479],[77.490254,27.49604],[77.4903228,27.4962888],[77.4903717,27.4964205],[77.4904263,27.4968077],[77.4904763,27.497112],[77.4905022,27.497209],[77.4905298,27.4973121],[77.4905728,27.4974694],[77.4906402,27.497872],[77.4906769,27.4981115],[77.4906895,27.4983662],[77.4906717,27.498579],[77.4906391,27.49876],[77.4906263,27.4989353],[77.4906973,27.4993464],[77.490705,27.4994679],[77.4906863,27.4995925],[77.4905732,27.5000264],[77.4905624,27.5000679],[77.4904137,27.5005471],[77.4903121,27.5010976],[77.4902498,27.5015037],[77.490165,27.5017516]]}},{"type":"Feature","properties":{"kind":"water","name":"","class":""},"geometry":{"type":"LineString","coordinates":[[77.499694,27.5108029],[77.5001941,27.5100695],[77.5002879,27.5099656],[77.5021055,27.5073277],[77.5042307,27.5055042],[77.5073031,27.5035747],[77.5081463,27.5026698],[77.5087969,27.5021985],[77.5088431,27.5021165],[77.5083118,27.5009144],[77.5082695,27.500771],[77.5083388,27.5006754],[77.5087623,27.5003817],[77.509644,27.499965],[77.5102677,27.4995757],[77.5105218,27.4993708],[77.5116537,27.4977862],[77.512996,27.4962231],[77.5139792,27.495054],[77.5146722,27.4944871],[77.5151111,27.4942071],[77.516424,27.4935069],[77.5180988,27.4923423],[77.5191338,27.4916452],[77.5203001,27.490518]]}},{"type":"Feature","properties":{"kind":"road","name":"","class":"tertiary"},"geometry":{"type":"LineString","coordinates":[[77.4583863,27.4993582],[77.4579021,27.4996687],[77.4575508,27.4998781],[77.4574354,27.4999162],[77.4571699,27.4999518],[77.4566481,27.4999659],[77.4565243,27.4999873],[77.4564707,27.5000053],[77.4564249,27.5000206],[77.4562928,27.5000684],[77.4558714,27.5002812],[77.4555954,27.5004205],[77.454983,27.500686],[77.4545306,27.5008821],[77.4540614,27.5011088],[77.4539435,27.5011642],[77.4532512,27.5014673],[77.4530661,27.5015268],[77.4526683,27.50164],[77.4521273,27.50176],[77.4514006,27.5019392],[77.4513173,27.5019598],[77.4508019,27.5020519],[77.4506407,27.5020807],[77.4506119,27.5020859],[77.4503678,27.5021383],[77.4501924,27.5021853],[77.4495217,27.5023717],[77.449401,27.5024026],[77.4491957,27.5024523],[77.4490844,27.5024666],[77.4482596,27.5025379],[77.4475752,27.5025669],[77.4466134,27.5026098],[77.4463713,27.5026093],[77.4461091,27.5026218],[77.4457182,27.5026771],[77.4451402,27.5027735],[77.4449997,27.5027985],[77.4444589,27.5028948],[77.4438885,27.5030294],[77.4433323,27.5032006],[77.4429938,27.5033065],[77.4428071,27.5033586],[77.4426229,27.5034004],[77.4420164,27.5034923],[77.4417686,27.5035181],[77.4415702,27.503561],[77.4407641,27.5038005],[77.4405454,27.5038772],[77.440344,27.5039597],[77.4402223,27.5040188],[77.4401754,27.5040415],[77.4391991,27.5046173],[77.4381852,27.5052691],[77.4376434,27.5056165],[77.4362004,27.5063444],[77.4347734,27.5069915],[77.4345736,27.507126],[77.4345213,27.5071461],[77.4343942,27.5071555],[77.4343282,27.5071604],[77.4340707,27.5072104],[77.4340036,27.5072151],[77.43395,27.5072151],[77.4338534,27.5071961],[77.4335986,27.5070272],[77.4335155,27.507001],[77.4334511,27.507001],[77.4323558,27.5074247],[77.4321851,27.5075054],[77.4318847,27.5077052],[77.4315521,27.5079633],[77.4315185,27.5080026],[77.431474,27.5080671],[77.4314532,27.5081424],[77.431426,27.5081914],[77.4313968,27.5082441],[77.4312839,27.5083618],[77.4311039,27.5084848],[77.4308923,27.5085997],[77.430753,27.5086533],[77.4306965,27.5086644],[77.4305969,27.5086683],[77.4303033,27.5086436],[77.4301978,27.5086194],[77.4300636,27.5085821],[77.4297294,27.5084212],[77.4292669,27.5081215],[77.4292338,27.5081133],[77.4291931,27.5081133],[77.4291059,27.5081334],[77.4290161,27.5081786],[77.4284971,27.5085022],[77.4277541,27.5088257],[77.4270475,27.5091601],[77.4266874,27.5093212],[77.4263138,27.5094704],[77.4260796,27.5095538],[77.4258273,27.5096252],[77.4252731,27.5097559],[77.4241495,27.510085],[77.4239363,27.5101442],[77.4239028,27.5101497]]}},{"type":"Feature","properties":{"kind":"road","name":"","class":"secondary"},"geometry":{"type":"LineString","coordinates":[[77.4595192,27.5089376],[77.4594152,27.5094718],[77.4591775,27.5106933],[77.4591064,27.5110585],[77.4589536,27.5118826],[77.4588007,27.5126807],[77.458646,27.5134491],[77.4586402,27.5134781],[77.4586223,27.513574],[77.4585739,27.5138329],[77.4583209,27.5151873],[77.4582864,27.5153817],[77.4582227,27.5157156],[77.4582038,27.5158149],[77.4580081,27.5168413],[77.4579334,27.5172068],[77.4578968,27.5173861],[77.457861,27.5175818],[77.4577641,27.51813],[77.4577077,27.5183578],[77.4576795,27.5184803],[77.4575977,27.5186171],[77.4575333,27.5187086],[77.457068,27.5193485],[77.4563174,27.5203726],[77.4557483,27.5211135],[77.4557157,27.5211576],[77.4551513,27.5219205],[77.4551288,27.5219509],[77.454886,27.5222791],[77.4543951,27.5229463],[77.4541044,27.5233421],[77.4539942,27.5234922],[77.453947,27.5235556],[77.4533732,27.5243259],[77.4531627,27.5245947],[77.4529615,27.5248397],[77.4525847,27.5252774],[77.4521743,27.5257436],[77.4518176,27.526137],[77.4516298,27.5263442],[77.4515061,27.5264846],[77.451261,27.5267628],[77.4507554,27.5273099],[77.4505422,27.5275168],[77.4503611,27.5276821],[77.450117,27.5278997],[77.4498126,27.5281733],[77.449307,27.5286311],[77.4487169,27.529177],[77.4481617,27.5296848],[77.4480544,27.5297822],[77.4478184,27.5299964],[77.4468085,27.5309264],[77.4462198,27.5314722],[77.4458228,27.531829],[77.4452957,27.5323142],[77.4449296,27.532646],[77.444762,27.5328018],[77.4446037,27.5329742],[77.4445045,27.5330848],[77.4443865,27.5332608],[77.4442631,27.5334642],[77.4440056,27.5339125],[77.4434665,27.5348318],[77.4430735,27.5354906],[77.4428026,27.5359425],[77.4426095,27.5362814],[77.4422863,27.5368617],[77.442055,27.5373279],[77.4420436,27.5373499],[77.4416292,27.5383018],[77.4414387,27.5387561],[77.4413033,27.53907],[77.4411303,27.5394791],[77.4409425,27.5399024],[77.4408849,27.5400261],[77.4408258,27.5401426],[77.4407159,27.5403234],[77.4405509,27.5405766],[77.4403417,27.5408977],[77.4401566,27.5411736],[77.4399903,27.5414186],[77.4398334,27.5416231],[77.4397248,27.5417467],[77.439592,27.5418966],[77.4393426,27.5421475],[77.4391294,27.5423318],[77.4386425,27.5427206],[77.4382335,27.5430369],[77.4378245,27.5433639],[77.4372129,27.5438598]]}},{"type":"Feature","properties":{"kind":"water","name":"","class":""},"geometry":{"type":"LineString","coordinates":[[77.4754384,27.5130329],[77.4754786,27.5128294]]}},{"type":"Feature","properties":{"kind":"water","name":"","class":""},"geometry":{"type":"LineString","coordinates":[[77.4676759,27.5281498],[77.4681326,27.5279086],[77.4685124,27.5277493],[77.4686561,27.5276037],[77.4692513,27.526548],[77.469939,27.5253147],[77.4712732,27.5229801],[77.4728076,27.5202541],[77.4739827,27.5181515],[77.4742599,27.5172868],[77.4745747,27.5161265]]}},{"type":"Feature","properties":{"kind":"park","name":"","class":""},"geometry":{"type":"Polygon","coordinates":[[[77.4635911,27.5052644],[77.4642563,27.5045887],[77.4656135,27.5038845],[77.4663699,27.5036514],[77.4669546,27.5032231],[77.4676627,27.5040082],[77.4663377,27.5045269],[77.4672604,27.5055974],[77.4680865,27.5051311],[77.4696904,27.5067584],[77.4694759,27.5069582],[77.4691433,27.506668],[77.468816,27.5069344],[77.4684942,27.5066347],[77.4678665,27.5070534],[77.4674106,27.5073674],[77.4668258,27.5067179],[77.4663618,27.5058448],[77.4653077,27.5063206],[77.4649161,27.5055832],[77.4646157,27.5057354],[77.4643904,27.5053786],[77.4639505,27.5057069],[77.4635911,27.5052644]]]}},{"type":"Feature","properties":{"kind":"park","name":"","class":""},"geometry":{"type":"Polygon","coordinates":[[[77.455169,27.4983317],[77.4529695,27.4989645],[77.452712,27.4982983],[77.4540102,27.4978986],[77.4538949,27.4975517],[77.4542651,27.497449],[77.4543643,27.4976084],[77.45419,27.4976869],[77.4542758,27.4978677],[77.4548203,27.4977035],[77.454713,27.4974371],[77.4553916,27.4972039],[77.4556652,27.497882],[77.4560165,27.4977701],[77.4561882,27.4980533],[77.455743,27.4982127],[77.4559548,27.4987004],[77.457017,27.498334],[77.4565852,27.4974942],[77.4570009,27.4973538],[77.4567568,27.4967852],[77.4570546,27.4966567],[77.4569258,27.4963712],[77.4572289,27.4962665],[77.457135,27.4959048],[77.4556652,27.4964449],[77.4558529,27.4968375],[77.455346,27.4969993],[77.4553728,27.4970849],[77.4550107,27.4972158],[77.4546942,27.4963712],[77.4544287,27.4964521],[77.4542999,27.4962474],[77.4549597,27.4960405],[77.4543992,27.4953291],[77.4530151,27.4957549],[77.4535328,27.4965758],[77.4537688,27.4971468],[77.4524653,27.4975275],[77.452122,27.4969374],[77.4526262,27.4967185],[77.4521649,27.4959477],[77.4519932,27.4954718],[77.4529105,27.4952101],[77.4528623,27.4946343],[77.4529052,27.4943869],[77.4533558,27.4943964],[77.4533933,27.4940157],[77.4540907,27.4938444],[77.4538386,27.4929355],[77.4560863,27.4921313],[77.455169,27.49127],[77.4546164,27.4918077],[77.4544501,27.4917078],[77.4547881,27.4910939],[77.4541712,27.4907418],[77.4551046,27.4901374],[77.4549276,27.48989],[77.4551046,27.4897163],[77.4554318,27.4900898],[77.4563378,27.489806],[77.4565852,27.4900327],[77.4581569,27.491565],[77.4593103,27.4928118],[77.4600077,27.493773],[77.4606085,27.4947438],[77.4612683,27.4943869],[77.4621534,27.4949246],[77.462486,27.494739],[77.4623519,27.4941632],[77.4611878,27.4926643],[77.460067,27.4910951],[77.4588597,27.4890191],[77.4599594,27.4884481],[77.4607909,27.4897282],[77.4620247,27.4893094],[77.4616384,27.487739],[77.4630976,27.4871346],[77.4628186,27.4864922],[77.4625289,27.4866016],[77.4621266,27.4857545],[77.462604,27.484541],[77.4641651,27.4843364],[77.4642456,27.4845648],[77.463913,27.4855071],[77.4635589,27.4855975],[77.4636984,27.4862923],[77.4632746,27.4864541],[77.463516,27.4869205],[77.4653238,27.4859639],[77.4656296,27.485845],[77.4653399,27.4838557],[77.4661982,27.4837605],[77.4660319,27.4831514],[77.4668151,27.4828944],[77.4671853,27.4832656],[77.4673676,27.484027],[77.4663752,27.4843745],[77.4666595,27.4858783],[77.4673945,27.485845],[77.4675822,27.4867825],[77.4679846,27.4867349],[77.4666166,27.4890096],[77.4673516,27.4893189],[77.4680006,27.489119],[77.4683762,27.4900375],[77.4687946,27.4899947],[77.468757,27.4894331],[77.4691057,27.4892285],[77.4688429,27.4885528],[77.4697763,27.4883957],[77.4702644,27.4885528],[77.4706668,27.4876676],[77.4713159,27.4874963],[77.4711817,27.4872203],[77.4728286,27.486278],[77.4730754,27.4865969],[77.4723512,27.4870109],[77.472598,27.487363],[77.4724156,27.4875248],[77.4726194,27.4882054],[77.4719167,27.488529],[77.4720025,27.4890715],[77.472952,27.4889763],[77.4729252,27.4888192],[77.4738103,27.4886241],[77.4740356,27.489081],[77.4733061,27.4895759],[77.4735045,27.4906894],[77.475028,27.4899042],[77.4756986,27.4909654],[77.4763852,27.4908845],[77.4765354,27.4916126],[77.4767178,27.4916031],[77.4767822,27.4919505],[77.4764818,27.4919933],[77.4767355,27.4930341],[77.4767822,27.4932258],[77.4772382,27.493221],[77.4773562,27.4939253],[77.4768895,27.4939681],[77.4769378,27.4942869],[77.4746203,27.4946676],[77.4746472,27.4953624],[77.4741214,27.4953957],[77.4740678,27.4952244],[77.4730915,27.4953529],[77.4730379,27.4950799],[77.4730157,27.4949673],[77.4729735,27.4947525],[77.4729642,27.4947051],[77.4728447,27.4940966],[77.4704146,27.4944725],[77.4704897,27.4957621],[77.4697709,27.4959477],[77.470082,27.4968708],[77.4704093,27.496847],[77.4703234,27.4963617],[77.4713149,27.4962854],[77.4716994,27.4962559],[77.4719328,27.4962379],[77.4721688,27.4970088],[77.4712408,27.4971658],[77.471509,27.4979938],[77.4711013,27.4981936],[77.4712086,27.4985791],[77.4708359,27.4986855],[77.4701525,27.4988806],[77.4699587,27.4989359],[77.4702161,27.4999733],[77.4698889,27.500135],[77.4697334,27.499959],[77.4691808,27.5003159],[77.4686712,27.4997924],[77.4679148,27.5002207],[77.4672282,27.4995545],[77.4683279,27.4988884],[77.4679363,27.4984411],[77.4681508,27.4982032],[77.4678343,27.4979129],[77.4675286,27.4973562],[77.467035,27.4975798],[77.4672496,27.4979748],[77.4662009,27.4984173],[77.4656939,27.4971753],[77.463972,27.497813],[77.462942,27.4974561],[77.4621695,27.4976893],[77.4625021,27.498798],[77.4632478,27.4988265],[77.4639076,27.4983649],[77.4648786,27.49866],[77.464841,27.4990787],[77.4649537,27.4993309],[77.4647659,27.4994832],[77.4668044,27.5022334],[77.4661928,27.5031898],[77.4657637,27.5034515],[77.4644065,27.5039226],[77.4638647,27.5032755],[77.4632263,27.5034325],[77.4625826,27.5030709],[77.4614829,27.5041081],[77.4617779,27.5052215],[77.4612844,27.5055308],[77.4624968,27.5076005],[77.4620086,27.5078384],[77.4618047,27.5075292],[77.4613595,27.5077338],[77.4617457,27.5089708],[77.460925,27.5093229],[77.4606407,27.5089042],[77.4595731,27.5093324],[77.4592459,27.5093182],[77.4585968,27.5091136],[77.4588382,27.5070153],[77.4590743,27.5064777],[77.4594176,27.5061446],[77.4591923,27.5056498],[77.4594605,27.5054975],[77.459144,27.5045078],[77.4594551,27.5044888],[77.4588811,27.5027997],[77.4592996,27.5025617],[77.4590099,27.5020146],[77.458232,27.5022334],[77.4570814,27.5009749],[77.4577492,27.5006513],[77.4580523,27.5009844],[77.4583527,27.5007893],[77.4582079,27.5006085],[77.4578807,27.5001802],[77.4575427,27.5003349],[77.4575803,27.5004396],[77.4574381,27.5004943],[77.4572316,27.500273],[77.4570546,27.5003444],[77.4569902,27.5002469],[77.456679,27.5003848],[77.4568641,27.5006775],[77.4559683,27.5011914],[77.4558181,27.5008964],[77.4539834,27.5016482],[77.4535435,27.5013865],[77.452814,27.5015387],[77.4509418,27.5019955],[77.4513709,27.5029138],[77.4510008,27.5030566],[77.4505395,27.5020383],[77.4503785,27.5020716],[77.4497831,27.5005966],[77.4507916,27.5003682],[77.4511242,27.501277],[77.4536025,27.5003967],[77.4534148,27.5000304],[77.4528193,27.5002492],[77.4525082,27.4994403],[77.4532431,27.4992214],[77.4534738,27.4995736],[77.454831,27.4991596],[77.454788,27.4990407],[77.455405,27.4988669],[77.455169,27.4983317]]]}},{"type":"Feature","properties":{"kind":"park","name":"","class":""},"geometry":{"type":"Polygon","coordinates":[[[77.4597233,27.5184006],[77.4590635,27.517197],[77.4583393,27.5173111],[77.458275,27.5171684],[77.4578726,27.5171303],[77.4579209,27.5168116],[77.4574381,27.5167926],[77.4573898,27.5170257],[77.456274,27.5169971],[77.4562097,27.5174491],[77.4571592,27.5175347],[77.4570465,27.5184625],[77.4565476,27.5186718],[77.4564189,27.5185148],[77.4561828,27.5186432],[77.4561024,27.518158],[77.4542087,27.5176775],[77.4541712,27.5179344],[77.4531573,27.5178678],[77.4531573,27.5176489],[77.4524277,27.5176346],[77.4515748,27.5180248],[77.4518967,27.5188335],[77.4515426,27.5189667],[77.45121,27.5195947],[77.4513763,27.5199944],[77.4506736,27.5202846],[77.4508077,27.5205748],[77.4510062,27.5205319],[77.4511939,27.520865],[77.4516767,27.520727],[77.4522453,27.5216547],[77.4533451,27.5226823],[77.4534738,27.5226109],[77.4533665,27.5222065],[77.4537635,27.5219972],[77.4534255,27.5214549],[77.4538761,27.5212979],[77.4540746,27.5216452],[77.4543267,27.5215548],[77.4548364,27.522178],[77.4556571,27.5211504],[77.4564189,27.5219972],[77.4570465,27.5213264],[77.4573147,27.520061],[77.4581194,27.5198802],[77.4586987,27.5197565],[77.4585646,27.5191333],[77.4596375,27.5189477],[77.4595946,27.5184196],[77.4597233,27.5184006]]]}},{"type":"Feature","properties":{"kind":"road","name":"","class":"residential"},"geometry":{"type":"LineString","coordinates":[[77.4688604,27.5012801],[77.4690014,27.5012294],[77.4690933,27.5012333],[77.4692031,27.5012626],[77.4693888,27.5013134],[77.4697039,27.5013579],[77.4704877,27.5013934],[77.4707398,27.5013863]]}},{"type":"Feature","properties":{"kind":"road","name":"","class":"tertiary"},"geometry":{"type":"LineString","coordinates":[[77.4664074,27.4893986],[77.4664852,27.4894355],[77.4672122,27.4897681],[77.4684006,27.4903118],[77.4687852,27.4904878],[77.4691696,27.4906636],[77.4694008,27.4907656],[77.4697785,27.4909517],[77.4703982,27.4912499],[77.470466,27.4912825],[77.4705538,27.4913247],[77.4706265,27.4913771],[77.4707016,27.4914571],[77.4709674,27.4918787],[77.471377,27.4925285],[77.4714124,27.4925833]]}},{"type":"Feature","properties":{"kind":"water","name":"","class":""},"geometry":{"type":"Polygon","coordinates":[[[77.4569634,27.4998852],[77.457422,27.4998472],[77.457296,27.4995331],[77.4575105,27.4994498],[77.4575427,27.4993499],[77.4575695,27.4992381],[77.4571002,27.498422],[77.4570492,27.4984125],[77.4564135,27.4986504],[77.4567541,27.4993618],[77.4569634,27.4998852]]]}},{"type":"Feature","properties":{"kind":"water","name":"","class":""},"geometry":{"type":"Polygon","coordinates":[[[77.4610698,27.5023333],[77.4619871,27.501277],[77.4620488,27.5012675],[77.4619979,27.5014388],[77.4620703,27.501572],[77.462199,27.5015863],[77.4623895,27.5015744],[77.462419,27.5015982],[77.462427,27.5016553],[77.4623814,27.5019646],[77.4623519,27.5021121],[77.4623117,27.5022762],[77.4622419,27.5023881],[77.4621347,27.5023857],[77.4619415,27.5026498],[77.4618933,27.5026593],[77.4616438,27.5024713],[77.4614158,27.5026236],[77.4613461,27.5025808],[77.4611664,27.5024475],[77.4610752,27.5023738],[77.4610698,27.5023333]]]}},{"type":"Feature","properties":{"kind":"road","name":"","class":"tertiary"},"geometry":{"type":"LineString","coordinates":[[77.4613713,27.500371],[77.4613272,27.50043],[77.4609066,27.5009932],[77.4606116,27.5013883],[77.4605951,27.5014103],[77.4602889,27.5017886],[77.4600694,27.5020598],[77.4599272,27.5022025],[77.4597877,27.5022929],[77.4596509,27.5023643],[77.4595464,27.5024182],[77.4594766,27.5024354]]}},{"type":"Feature","properties":{"kind":"road","name":"","class":"residential"},"geometry":{"type":"LineString","coordinates":[[77.4637409,27.501081],[77.4635531,27.5013251],[77.4633523,27.5015865],[77.463326,27.5016222],[77.4633121,27.501641],[77.4631461,27.5018871],[77.4630252,27.5022001],[77.462952,27.5023816],[77.4628235,27.5027],[77.4628074,27.5027463],[77.4627933,27.5027999],[77.462787,27.5028484],[77.4627787,27.5029816],[77.462766,27.5030371],[77.4627292,27.5031035],[77.4626949,27.5031479],[77.4626616,27.503176],[77.4621905,27.5035452],[77.462089,27.5036247],[77.461954,27.5037427],[77.4618804,27.5038155],[77.4616482,27.504021],[77.4616001,27.5040636],[77.4615432,27.504118],[77.4615017,27.5041724],[77.4614657,27.504253],[77.4614151,27.5044525],[77.4613867,27.5045685],[77.4613606,27.5046355],[77.4613088,27.5047014],[77.461237,27.504767],[77.4610888,27.5048933],[77.4609355,27.5050266],[77.4606627,27.5052513],[77.4605565,27.5053317],[77.4604413,27.5054116],[77.4603354,27.5054778],[77.460186,27.5055558]]}},{"type":"Feature","properties":{"kind":"water","name":"","class":""},"geometry":{"type":"Polygon","coordinates":[[[77.4609974,27.5063302],[77.4611315,27.5062231],[77.461161,27.5061256],[77.4611261,27.5059638],[77.461094,27.5058591],[77.4610135,27.5057877],[77.4608687,27.5056926],[77.4608311,27.5055903],[77.4606755,27.5056521],[77.460705,27.5058642],[77.4607286,27.5059631],[77.4607899,27.5062103],[77.4608499,27.5063135],[77.4609974,27.5063302]]]}},{"type":"Feature","properties":{"kind":"road","name":"","class":"unclassified"},"geometry":{"type":"LineString","coordinates":[[77.4551819,27.5197824],[77.4551461,27.5197336],[77.4550567,27.5195448],[77.455034,27.5194926],[77.4550107,27.5194366],[77.4547711,27.519114],[77.4547429,27.5190955],[77.4547066,27.5190861],[77.4546739,27.5190816],[77.454632,27.5190852],[77.4545711,27.5190879],[77.4545254,27.5190771],[77.4544934,27.5190465],[77.4544809,27.5189945],[77.4544815,27.5189692],[77.454485,27.5188347],[77.454478,27.5187922],[77.4544609,27.518755],[77.4544169,27.5186875],[77.4543649,27.5186272],[77.4543106,27.5185788],[77.4542403,27.5185382],[77.454153,27.5184958],[77.4540539,27.5184639],[77.4538928,27.5184268],[77.4537928,27.5184163],[77.4537017,27.5184106],[77.4535916,27.5184088],[77.453498,27.518415],[77.4534235,27.5184235],[77.4533372,27.5184489],[77.4532014,27.5184923],[77.4528975,27.5186199],[77.4528332,27.518645],[77.452789,27.5186509],[77.4527392,27.518651],[77.452665,27.5186504],[77.4526063,27.5186701],[77.4525601,27.5186986],[77.4524837,27.5187647],[77.4524286,27.518824],[77.4523826,27.5188776],[77.4520635,27.5193848],[77.4519162,27.5196017],[77.4518056,27.5197573],[77.4517706,27.5198065],[77.451715,27.5198682],[77.4516499,27.5199159],[77.4514916,27.5199991],[77.4507621,27.5203726]]}},{"type":"Feature","properties":{"kind":"road","name":"","class":"residential"},"geometry":{"type":"LineString","coordinates":[[77.454408,27.5198794],[77.4544983,27.5200134],[77.4545863,27.5201396],[77.4546727,27.5202437],[77.4548036,27.5203906],[77.4549463,27.5205105],[77.4552387,27.5207199],[77.4557483,27.5211135]]}},{"type":"Feature","properties":{"kind":"road","name":"","class":"residential"},"geometry":{"type":"LineString","coordinates":[[77.452704,27.5211647],[77.4529052,27.5209649],[77.4531065,27.520805],[77.4532041,27.5207543],[77.4533223,27.5206875],[77.4534415,27.5206199],[77.4535598,27.520546],[77.4536082,27.5205158],[77.4537565,27.5204027],[77.4541069,27.5200091],[77.4541311,27.5199876],[77.4541851,27.5199398],[77.4542428,27.5198992],[77.4542974,27.5198736],[77.454408,27.5198794],[77.4550483,27.5197446],[77.4551461,27.5197336]]}},{"type":"Feature","properties":{"kind":"water","name":"","class":""},"geometry":{"type":"Polygon","coordinates":[[[77.4551757,27.521757],[77.4554238,27.5214168],[77.4554265,27.5213169],[77.4552695,27.5212075],[77.4552441,27.5212551],[77.4552561,27.5212943],[77.4550188,27.5214204],[77.4549879,27.5214537],[77.455008,27.5215203],[77.4550617,27.5215369],[77.4551274,27.5216487],[77.4551408,27.5217296],[77.4551757,27.521757]]]}},{"type":"Feature","properties":{"kind":"water","name":"","class":""},"geometry":{"type":"Polygon","coordinates":[[[77.4554855,27.5185053],[77.4554399,27.5185338],[77.4552521,27.5186028],[77.4552307,27.5186908],[77.4552628,27.5187455],[77.4553299,27.5188787],[77.4554184,27.5190571],[77.4553916,27.519157],[77.4554479,27.5192355],[77.4555016,27.5192451],[77.455582,27.5192236],[77.4556893,27.5193735],[77.4555632,27.5194782],[77.4556759,27.5197089],[77.4559763,27.5198207],[77.4560943,27.5198611],[77.4562338,27.5200158],[77.4563464,27.5201014],[77.4563867,27.520099],[77.4565262,27.5199301],[77.4562687,27.519766],[77.4566147,27.5193212],[77.4564511,27.5191999],[77.4562338,27.5190762],[77.4560407,27.5187265],[77.4561185,27.5186242],[77.4560568,27.5184696],[77.4560407,27.5183673],[77.4557886,27.5184291],[77.4556679,27.5184767],[77.4554855,27.5185053]]]}},{"type":"Feature","properties":{"kind":"park","name":"","class":""},"geometry":{"type":"Polygon","coordinates":[[[77.4915236,27.5168948],[77.491875,27.5166474],[77.49136,27.5159576],[77.4909952,27.5160884],[77.4906948,27.5164928],[77.4908477,27.5165999],[77.4911427,27.5167497],[77.4915236,27.5168948]]]}},{"type":"Feature","properties":{"kind":"road","name":"","class":"residential"},"geometry":{"type":"LineString","coordinates":[[77.4981124,27.5106824],[77.4980519,27.510563],[77.4979822,27.5104256],[77.4978828,27.5102591],[77.497819,27.5101573],[77.4977762,27.510065],[77.497767,27.5100185],[77.4977526,27.509991],[77.4977315,27.509955],[77.4976828,27.5098963],[77.4975943,27.5097898],[77.4975262,27.5097085],[77.4972651,27.5093968],[77.49725,27.5093694],[77.4971946,27.5092696],[77.4971811,27.5092333],[77.4971807,27.5092078],[77.4971861,27.5091807],[77.4972156,27.5091345],[77.4973073,27.5089711],[77.4973326,27.5089305],[77.4973435,27.5089055],[77.4973499,27.5088776],[77.4973646,27.5087714],[77.4973759,27.5086976],[77.497384,27.5086605],[77.4973928,27.5086337],[77.4974123,27.5086044],[77.4974424,27.5085788],[77.4975086,27.5085293],[77.4975962,27.508459],[77.4976711,27.5083989],[77.4979394,27.5082263]]}},{"type":"Feature","properties":{"kind":"road","name":"","class":"unclassified"},"geometry":{"type":"LineString","coordinates":[[77.4980584,27.5082092],[77.4980873,27.5081249],[77.4980939,27.5080844],[77.4980948,27.5080447],[77.4981007,27.5079448],[77.4981065,27.5079243],[77.4981162,27.50789],[77.498147,27.5078525],[77.4982708,27.5076985],[77.4983494,27.5075605],[77.4983713,27.5074864],[77.4984397,27.5072397],[77.4984904,27.50713],[77.4985399,27.5070419],[77.4986487,27.5068745],[77.4987536,27.5067723],[77.4993798,27.5061829],[77.4994429,27.5061125],[77.4994802,27.5060652],[77.4999328,27.5055067],[77.500003,27.505404],[77.5000787,27.5053239],[77.5001818,27.5052227],[77.5005268,27.50492],[77.5011843,27.5043444],[77.5013995,27.5041795],[77.5016335,27.5040363],[77.501921,27.5038756],[77.5021505,27.5037608],[77.5030625,27.5034753],[77.5040978,27.5030614],[77.5043768,27.5030542],[77.5045162,27.50299],[77.5048368,27.5027176],[77.5050674,27.5024487],[77.5052954,27.5022049],[77.5054201,27.5020812],[77.5055248,27.5019801],[77.5059271,27.5016529],[77.5064327,27.5012794],[77.5065869,27.5011604],[77.5067291,27.5010641],[77.5068216,27.5010189],[77.5069473,27.5009823]]}},{"type":"Feature","properties":{"kind":"park","name":"","class":""},"geometry":{"type":"Polygon","coordinates":[[[77.4801028,27.5042771],[77.4806526,27.5040939],[77.4802771,27.5032802],[77.4798748,27.5033897],[77.4801028,27.5042771]]]}},{"type":"Feature","properties":{"kind":"road","name":"","class":"residential"},"geometry":{"type":"LineString","coordinates":[[77.4799714,27.5025677],[77.4799686,27.5026813],[77.4799718,27.5027334],[77.479989,27.502821],[77.4801946,27.5033987],[77.4802159,27.5034768],[77.4802348,27.5035529],[77.4802389,27.5036322],[77.4802383,27.5036444],[77.4802362,27.5036857],[77.4802301,27.5037279],[77.480232,27.5037548],[77.4802374,27.5037725],[77.4802961,27.5039176],[77.4803175,27.5039843],[77.4803627,27.5041251]]}},{"type":"Feature","properties":{"kind":"water","name":"","class":""},"geometry":{"type":"LineString","coordinates":[[77.4847993,27.5036644],[77.4856522,27.5023898],[77.4870394,27.5003178]]}},{"type":"Feature","properties":{"kind":"water","name":"","class":""},"geometry":{"type":"LineString","coordinates":[[77.4847596,27.5037238],[77.4847993,27.5036644]]}},{"type":"Feature","properties":{"kind":"road","name":"","class":"service"},"geometry":{"type":"LineString","coordinates":[[77.4994388,27.510139],[77.4997741,27.5097143]]}},{"type":"Feature","properties":{"kind":"road","name":"","class":""},"geometry":{"type":"Polygon","coordinates":[[[77.4613729,27.4944285],[77.461613,27.4947021],[77.4617752,27.4946545],[77.4619549,27.4947747],[77.4620824,27.4949067],[77.4621226,27.4949198],[77.4622513,27.4948853],[77.4623667,27.4948449],[77.4625464,27.4947711],[77.4626027,27.4947533],[77.4626778,27.4946819],[77.4627046,27.4946093],[77.462647,27.4945415],[77.4624673,27.4943869],[77.4624096,27.4943131],[77.4623077,27.4941489],[77.462191,27.494055],[77.4621293,27.4939729],[77.4620423,27.4939784],[77.4622124,27.4942203],[77.4622178,27.4943916],[77.4621856,27.4945391],[77.4618933,27.4946034],[77.4616894,27.4945463],[77.4614668,27.4944333],[77.4613729,27.4944285]]]}},{"type":"Feature","properties":{"kind":"water","name":"Aring Distributary","class":""},"geometry":{"type":"LineString","coordinates":[[77.485313,27.5235303],[77.4863315,27.5221791],[77.4877202,27.5202929]]}},{"type":"Feature","properties":{"kind":"water","name":"Aring Distributary","class":""},"geometry":{"type":"LineString","coordinates":[[77.4852352,27.5236278],[77.485313,27.5235303]]}},{"type":"Feature","properties":{"kind":"road","name":"","class":"unclassified"},"geometry":{"type":"LineString","coordinates":[[77.4827958,27.5302504],[77.4829043,27.530255]]}},{"type":"Feature","properties":{"kind":"road","name":"","class":"unclassified"},"geometry":{"type":"LineString","coordinates":[[77.4808162,27.532206],[77.481401,27.5315876],[77.4822794,27.53066],[77.4824873,27.5304352],[77.4825778,27.5303544],[77.4826348,27.5303074],[77.4826764,27.5302884],[77.4827958,27.5302504]]}},{"type":"Feature","properties":{"kind":"water","name":"Aring Distributary","class":""},"geometry":{"type":"LineString","coordinates":[[77.487849,27.5201133],[77.4898138,27.5174544],[77.4904622,27.5165745],[77.4942138,27.5114839],[77.498196,27.5061404],[77.5007926,27.5026994],[77.5045182,27.4977014],[77.5075459,27.4935955],[77.5079564,27.4928853],[77.5082438,27.4920933],[77.5083772,27.4912648],[77.508408,27.4904545],[77.5082233,27.4894256],[77.5080138,27.4883814],[77.5078844,27.4877199],[77.5076178,27.4865212],[77.5076178,27.4858202],[77.5077512,27.4851009],[77.5079975,27.4843998],[77.5083259,27.483808],[77.5089007,27.4830249],[77.5136424,27.4783175],[77.516554,27.4754058]]}},{"type":"Feature","properties":{"kind":"water","name":"Aring Distributary","class":""},"geometry":{"type":"LineString","coordinates":[[77.4877202,27.5202929],[77.487849,27.5201133]]}},{"type":"Feature","properties":{"kind":"road","name":"","class":""},"geometry":{"type":"Polygon","coordinates":[[[77.4591172,27.4904467],[77.45938,27.4904372],[77.4593586,27.490323],[77.4588114,27.489238],[77.4582213,27.4882482],[77.4578619,27.487739],[77.4571377,27.4867254],[77.4562204,27.4854928],[77.4559522,27.4853453],[77.4557805,27.4852882],[77.4554533,27.4849788],[77.455228,27.4846552],[77.4554533,27.4845125],[77.4555069,27.4844078],[77.4554372,27.4842507],[77.4545574,27.4832846],[77.4535972,27.4822186],[77.4521059,27.4804102],[77.4510276,27.4790348],[77.4491823,27.4774499],[77.4487531,27.4771453],[77.4484795,27.4770168],[77.4483347,27.4769788],[77.4481738,27.4769217],[77.4474335,27.4763077],[77.4470633,27.4762982],[77.4467039,27.4763981],[77.4464571,27.4765028],[77.4469185,27.4767789],[77.4476266,27.476836],[77.4479914,27.4770454],[77.4483454,27.4775023],[77.4504697,27.4797391],[77.4524438,27.4818998],[77.4531627,27.4828516],[77.4539673,27.484027],[77.4545252,27.4848313],[77.455759,27.4858545],[77.4568051,27.4874059],[77.4572289,27.4878722],[77.4574327,27.4881863],[77.4574757,27.48841],[77.4575186,27.4886099],[77.4582857,27.4893617],[77.4591172,27.4904467]]]}},{"type":"Feature","properties":{"kind":"road","name":"","class":""},"geometry":{"type":"Polygon","coordinates":[[[77.4597448,27.4925548],[77.4595892,27.4928165],[77.4594605,27.4927404],[77.4590582,27.4922931],[77.4591386,27.4920456],[77.4590582,27.4919076],[77.4585217,27.4915507],[77.4573308,27.490461],[77.456392,27.4895473],[77.4547988,27.4876343],[77.4527925,27.4853834],[77.4517679,27.4843745],[77.4495202,27.4823281],[77.4474657,27.4804292],[77.446543,27.4795059],[77.4464732,27.4794107],[77.4456578,27.478535],[77.4452501,27.478378],[77.4448264,27.4778925],[77.4445099,27.4775927],[77.4443221,27.4774642],[77.4443328,27.4773357],[77.4448425,27.4768788],[77.4451511,27.4768],[77.4452126,27.4768931],[77.4465483,27.47824],[77.4471652,27.4789205],[77.4483508,27.4802055],[77.4499655,27.4816095],[77.4515533,27.4833322],[77.4530715,27.4848646],[77.4543643,27.4864113],[77.4554694,27.4875534],[77.4570143,27.4893855],[77.4585432,27.4908941],[77.4592191,27.4919552],[77.4597448,27.4925548]]]}},{"type":"Feature","properties":{"kind":"road","name":"govardhan parikrama marg","class":""},"geometry":{"type":"Polygon","coordinates":[[[77.4599487,27.492669],[77.4602249,27.4930259],[77.4607694,27.4936422],[77.4611074,27.4940205],[77.4611878,27.4941656],[77.4612831,27.4943476],[77.4613729,27.4944285],[77.4614668,27.4944333],[77.4616894,27.4945463],[77.4618933,27.4946034],[77.4621856,27.4945391],[77.4622178,27.4943916],[77.4622124,27.4942203],[77.4620423,27.4939784],[77.4619013,27.4937778],[77.4615526,27.4933685],[77.4604368,27.4919981],[77.4599433,27.4914841],[77.4591172,27.4904467],[77.4582857,27.4893617],[77.4575186,27.4886099],[77.4574757,27.48841],[77.4574327,27.4881863],[77.4572289,27.4878722],[77.4568051,27.4874059],[77.455759,27.4858545],[77.4545252,27.4848313],[77.4539673,27.484027],[77.4531627,27.4828516],[77.4524438,27.4818998],[77.4504697,27.4797391],[77.4483454,27.4775023],[77.4479914,27.4770454],[77.4476266,27.476836],[77.4469185,27.4767789],[77.4464571,27.4765028],[77.4455666,27.4756747],[77.4449712,27.4749085],[77.4443436,27.4739708],[77.4440002,27.4734521],[77.4438393,27.4732331],[77.4432385,27.4727286],[77.4427128,27.4722384],[77.4422037,27.4716141],[77.4418008,27.4711199],[77.4414039,27.4705868],[77.4403583,27.4693879],[77.4399179,27.4688829],[77.4394673,27.4682689],[77.4392254,27.4678254],[77.4389791,27.4673741],[77.437579,27.4657177],[77.4356317,27.4635663],[77.4339902,27.4616242],[77.4336791,27.4612053],[77.4333143,27.460815],[77.4327671,27.4600534],[77.4323004,27.4596631],[77.4319518,27.4595679],[77.4315626,27.4594489],[77.431469,27.4594203],[77.431249,27.4595441],[77.4311793,27.4597535],[77.4312812,27.4600344],[77.4315333,27.4604771],[77.4315602,27.460934],[77.4326277,27.4618241],[77.432676,27.4620812],[77.43406,27.463571],[77.4347252,27.4641898],[77.4360609,27.4657034],[77.4371821,27.4670314],[77.4386358,27.4685497],[77.4395345,27.4696111],[77.4399716,27.470187],[77.441597,27.4721718],[77.4423265,27.4730094],[77.4429649,27.473671],[77.4436516,27.4744373],[77.4441773,27.4753273],[77.4451511,27.4768],[77.4452126,27.4768931],[77.4465483,27.47824],[77.4471652,27.4789205],[77.4483508,27.4802055],[77.4499655,27.4816095],[77.4515533,27.4833322],[77.4530715,27.4848646],[77.4543643,27.4864113],[77.4554694,27.4875534],[77.4570143,27.4893855],[77.4585432,27.4908941],[77.4592191,27.4919552],[77.4597448,27.4925548],[77.4599487,27.492669]]]}},{"type":"Feature","properties":{"kind":"road","name":"","class":"residential"},"geometry":{"type":"LineString","coordinates":[[77.4912125,27.5245088],[77.4911843,27.5246078],[77.4911209,27.5247222],[77.4911052,27.5247505],[77.490949,27.5250139],[77.4909168,27.5250573],[77.4908296,27.5251412],[77.4907377,27.5252238],[77.4906482,27.5253068]]}},{"type":"Feature","properties":{"kind":"road","name":"","class":""},"geometry":{"type":"Polygon","coordinates":[[[77.4600694,27.4936255],[77.4605414,27.4943631],[77.4606273,27.4945653],[77.4606702,27.4946914],[77.4607211,27.4947105],[77.4608687,27.4946676],[77.4611476,27.4944297],[77.4612361,27.4943678],[77.4612831,27.4943476],[77.4611878,27.4941656],[77.4611074,27.4940205],[77.4607694,27.4936422],[77.4602249,27.4930259],[77.4600908,27.4930997],[77.4602383,27.4932163],[77.4602866,27.4934399],[77.4602061,27.4935113],[77.4600694,27.4936255]]]}},{"type":"Feature","properties":{"kind":"park","name":"","class":""},"geometry":{"type":"Polygon","coordinates":[[[77.472775,27.4960524],[77.4760956,27.4956003],[77.4762136,27.4964283],[77.4753982,27.4965044],[77.4753821,27.4962617],[77.4749476,27.4963379],[77.475087,27.4974942],[77.4754894,27.4976322],[77.4756986,27.4985981],[77.4749958,27.4986838],[77.4747062,27.4975798],[77.4730271,27.4977749],[77.4727911,27.4969184],[77.4729788,27.4968613],[77.472775,27.4960524]]]}},{"type":"Feature","properties":{"kind":"road","name":"","class":"secondary"},"geometry":{"type":"LineString","coordinates":[[77.4650822,27.4941004],[77.465113,27.4941382],[77.4651595,27.4941601],[77.4652121,27.4941615],[77.4652597,27.4941425],[77.4652931,27.4941068],[77.4653054,27.4940617],[77.4652943,27.4940164],[77.4652619,27.4939801],[77.4652148,27.49396],[77.4651649,27.4939598],[77.4651194,27.4939781],[77.4650869,27.4940118],[77.4650733,27.4940544],[77.4650822,27.4941004]]}},{"type":"Feature","properties":{"kind":"road","name":"","class":""},"geometry":{"type":"Polygon","coordinates":[[[77.4652997,27.5035062],[77.4651656,27.503235],[77.4650368,27.5032755],[77.4643502,27.5037204],[77.4642992,27.5037822],[77.4643314,27.5038512],[77.464385,27.5038821],[77.4645621,27.5038536],[77.4652514,27.5036109],[77.4656644,27.5034896],[77.4657395,27.5034301],[77.4657074,27.5032755],[77.4656242,27.5032755],[77.4655679,27.5032755],[77.4655089,27.503235],[77.4654043,27.5031755],[77.4652782,27.5030875],[77.4651951,27.5030899],[77.4652138,27.5031851],[77.4653399,27.5032755],[77.4654928,27.5033254],[77.4655625,27.5033897],[77.4655464,27.5034349],[77.4652997,27.5035062]]]}},{"type":"Feature","properties":{"kind":"water","name":"","class":""},"geometry":{"type":"Polygon","coordinates":[[[77.4636179,27.5042437],[77.4636742,27.5041962],[77.4637815,27.5041581],[77.4638432,27.5041081],[77.463913,27.5040011],[77.4639371,27.5038488],[77.4639317,27.5036752],[77.4639264,27.5035419],[77.4638647,27.5033326],[77.4633175,27.503492],[77.4634007,27.503668],[77.463465,27.5037537],[77.463465,27.5038512],[77.463465,27.5040772],[77.4635616,27.5041533],[77.4635643,27.5042247],[77.4636179,27.5042437]]]}},{"type":"Feature","properties":{"kind":"road","name":"","class":""},"geometry":{"type":"Polygon","coordinates":[[[77.4825785,27.5142829],[77.4830559,27.5140308],[77.4830881,27.5139213],[77.4814814,27.5134812],[77.481409,27.5135645],[77.4815565,27.513712],[77.4818677,27.513957],[77.4819159,27.5140022],[77.4821466,27.514202],[77.4822298,27.5142948],[77.4822915,27.5143115],[77.4823639,27.51429],[77.4824363,27.5142734],[77.4825785,27.5142829]]]}},{"type":"Feature","properties":{"kind":"road","name":"","class":""},"geometry":{"type":"Polygon","coordinates":[[[77.4785444,27.5131934],[77.4785686,27.5131339],[77.4787107,27.5130911],[77.4789414,27.5130197],[77.4791935,27.5129151],[77.4793974,27.512808],[77.4795797,27.5127557],[77.4797299,27.5126819],[77.4798265,27.5126772],[77.4802771,27.5130649],[77.4803254,27.513122],[77.4802691,27.5132005],[77.4794859,27.5138024],[77.4794805,27.5138547],[77.4801913,27.5144708],[77.4802315,27.5145993],[77.4801591,27.5149966],[77.4800894,27.5150441],[77.4800357,27.515018],[77.4794644,27.5144161],[77.479274,27.5141806],[77.4788609,27.513643],[77.4785444,27.5131934]]]}},{"type":"Feature","properties":{"kind":"road","name":"","class":""},"geometry":{"type":"Polygon","coordinates":[[[77.4783459,27.5129222],[77.4784505,27.5128318],[77.4784666,27.5127367],[77.478421,27.512632],[77.4782976,27.5126034],[77.4781394,27.5126677],[77.4780187,27.5127557],[77.4778685,27.5127985],[77.4777719,27.5128318],[77.4777317,27.5129032],[77.4777934,27.5129174],[77.4779355,27.5128366],[77.4780804,27.5128532],[77.4783459,27.5129222]]]}},{"type":"Feature","properties":{"kind":"water","name":"","class":""},"geometry":{"type":"LineString","coordinates":[[77.4781756,27.5101508],[77.47835,27.5100628]]}},{"type":"Feature","properties":{"kind":"water","name":"","class":""},"geometry":{"type":"LineString","coordinates":[[77.4754786,27.5128294],[77.4757378,27.51198],[77.4761227,27.5114247],[77.4766769,27.5109559],[77.4778777,27.5103096],[77.4781756,27.5101508]]}},{"type":"Feature","properties":{"kind":"water","name":"","class":""},"geometry":{"type":"LineString","coordinates":[[77.4889058,27.5065847],[77.4887368,27.506298],[77.4883425,27.5058401],[77.4878356,27.5055094],[77.4863899,27.5046767],[77.4847491,27.5037379]]}},{"type":"Feature","properties":{"kind":"water","name":"","class":""},"geometry":{"type":"LineString","coordinates":[[77.4889339,27.5066382],[77.4889058,27.5065847]]}},{"type":"Feature","properties":{"kind":"water","name":"","class":""},"geometry":{"type":"LineString","coordinates":[[77.4903582,27.5163287],[77.4902992,27.5159968],[77.4900404,27.5146278],[77.4897346,27.5131839],[77.4895576,27.5117494],[77.4893564,27.509901],[77.4891821,27.5081834],[77.4890533,27.5069796],[77.4889339,27.5066382]]}},{"type":"Feature","properties":{"kind":"water","name":"","class":""},"geometry":{"type":"LineString","coordinates":[[77.4903662,27.5163941],[77.4903582,27.5163287]]}},{"type":"Feature","properties":{"kind":"water","name":"","class":""},"geometry":{"type":"LineString","coordinates":[[77.4904622,27.5165745],[77.4904132,27.5165285],[77.4903662,27.5163941]]}},{"type":"Feature","properties":{"kind":"park","name":"","class":""},"geometry":{"type":"Polygon","coordinates":[[[77.4815404,27.5224587],[77.4827903,27.52155],[77.4837318,27.5223493],[77.483308,27.5228393],[77.4829352,27.5229344],[77.4829164,27.5237836],[77.4829701,27.5240262],[77.482506,27.5241689],[77.4824712,27.5237051],[77.4819374,27.5236813],[77.4819615,27.5234078],[77.4826348,27.5234101],[77.4826348,27.5230272],[77.4819133,27.52307],[77.4815404,27.5224587]]]}},{"type":"Feature","properties":{"kind":"park","name":"","class":""},"geometry":{"type":"Polygon","coordinates":[[[77.483654,27.5203702],[77.4846786,27.5197232],[77.4854457,27.5206128],[77.4846303,27.5213788],[77.483654,27.5203702]]]}},{"type":"Feature","properties":{"kind":"road","name":"","class":""},"geometry":{"type":"Polygon","coordinates":[[[77.4859285,27.5203987],[77.4865347,27.521217],[77.4866688,27.5213359],[77.4868834,27.5212313],[77.4874896,27.5203987],[77.4875057,27.5202465],[77.4874145,27.5201371],[77.4871033,27.5201276],[77.4869156,27.5199801],[77.4867171,27.5199325],[77.4863845,27.5201085],[77.4862343,27.5201276],[77.4859285,27.5203987]]]}},{"type":"Feature","properties":{"kind":"park","name":"","class":""},"geometry":{"type":"Polygon","coordinates":[[[77.4869558,27.5191975],[77.4871972,27.5190476],[77.4867278,27.5181794],[77.4863309,27.5184482],[77.4869558,27.5191975]]]}},{"type":"Feature","properties":{"kind":"road","name":"","class":"residential"},"geometry":{"type":"LineString","coordinates":[[77.4832612,27.5181782],[77.4829016,27.5177328],[77.4827853,27.5176266],[77.4823418,27.5172345],[77.4822949,27.5171761],[77.4822916,27.5171675],[77.4822939,27.5171589],[77.4823046,27.5171474],[77.4830878,27.5166594],[77.4834316,27.5164609],[77.4838296,27.5162024]]}},{"type":"Feature","properties":{"kind":"park","name":"","class":""},"geometry":{"type":"Polygon","coordinates":[[[77.4831927,27.5143781],[77.4834475,27.5142615],[77.4835575,27.5144708],[77.4837452,27.5143923],[77.4839008,27.5146564],[77.4837935,27.5147111],[77.4842548,27.5154937],[77.4838364,27.5156555],[77.4846518,27.5164524],[77.484515,27.5165261],[77.4850407,27.5170733],[77.4855477,27.5167664],[77.4856818,27.5169948],[77.4850005,27.5174681],[77.4862021,27.5186527],[77.4855691,27.5192046],[77.4854645,27.5191618],[77.4853089,27.5190096],[77.484802,27.5185053],[77.4846652,27.518579],[77.4844184,27.5182745],[77.4841931,27.5183911],[77.4837318,27.5178582],[77.4833027,27.5180795],[77.4836808,27.5186956],[77.4819964,27.5198754],[77.4826214,27.520589],[77.482439,27.5208554],[77.482506,27.5209649],[77.4824309,27.5210124],[77.4818167,27.5204915],[77.4810576,27.5195662],[77.4800974,27.5202893],[77.4793839,27.5196804],[77.4789548,27.5199563],[77.4787992,27.5198041],[77.4775976,27.5200277],[77.4770558,27.518353],[77.4789494,27.5178345],[77.47859,27.5172873],[77.4790299,27.5171303],[77.4797648,27.5181342],[77.4804407,27.5177774],[77.4809074,27.5184625],[77.4826214,27.5175086],[77.4828038,27.5176917],[77.4836943,27.5169281],[77.4833563,27.5165642],[77.4823397,27.5172041],[77.4820393,27.5168092],[77.4832061,27.5161408],[77.482608,27.5155294],[77.4828923,27.5153177],[77.4826375,27.5150275],[77.4816692,27.5140545],[77.4817792,27.5139475],[77.4823049,27.5144161],[77.4824953,27.5142972],[77.482962,27.5148419],[77.4833241,27.5146183],[77.4831927,27.5143781]]]}},{"type":"Feature","properties":{"kind":"park","name":"","class":""},"geometry":{"type":"Polygon","coordinates":[[[77.4783406,27.5100937],[77.4786437,27.5098463],[77.4792954,27.5084451],[77.4796119,27.5080121],[77.4805856,27.506982],[77.4816155,27.5070058],[77.4823826,27.5082952],[77.4809074,27.5095561],[77.4802637,27.5089233],[77.4801403,27.5090945],[77.4809021,27.5101413],[77.4815082,27.5096893],[77.4818864,27.5100318],[77.482093,27.5099319],[77.482903,27.5108692],[77.4819428,27.5111],[77.4821144,27.5117256],[77.482447,27.5116781],[77.4826294,27.5124107],[77.4813634,27.5126962],[77.4812427,27.5122371],[77.4806446,27.5126653],[77.4813822,27.5135003],[77.4812454,27.5136382],[77.4803147,27.5128152],[77.4795395,27.5121776],[77.4793598,27.5119802],[77.4791372,27.511728],[77.4789092,27.5113735],[77.4783406,27.5100937]]]}},{"type":"Feature","properties":{"kind":"road","name":"","class":""},"geometry":{"type":"Polygon","coordinates":[[[77.4671289,27.4994094],[77.4672255,27.4994689],[77.467365,27.4994356],[77.4678263,27.499162],[77.4678022,27.4990763],[77.467609,27.4990763],[77.467432,27.4990097],[77.4674025,27.4989169],[77.4677217,27.4987694],[77.4678665,27.4986742],[77.4678853,27.4984078],[77.4676493,27.4983293],[77.4673784,27.4983316],[77.4670592,27.4984863],[77.4669251,27.498591],[77.4667937,27.4986695],[77.4666247,27.4987884],[77.4666998,27.4989288],[77.4669841,27.4992976],[77.4671289,27.4994094]]]}},{"type":"Feature","properties":{"kind":"road","name":"","class":"residential"},"geometry":{"type":"LineString","coordinates":[[77.465691,27.5054345],[77.46566,27.5052367],[77.4656357,27.5050813],[77.4656387,27.5050553],[77.465647,27.5050292],[77.4656813,27.5049802],[77.4657178,27.5049371],[77.4657507,27.5048909],[77.4657644,27.5048389],[77.4657676,27.5047869],[77.4657659,27.5047412],[77.4657634,27.5046756],[77.4657583,27.5045424],[77.465757,27.5044321],[77.4657561,27.5043529],[77.4657593,27.5042372],[77.4657607,27.5041886],[77.4657657,27.5040249],[77.4657795,27.5035708],[77.4657827,27.50346],[77.4657788,27.5033367],[77.4657644,27.5031385]]}},{"type":"Feature","properties":{"kind":"road","name":"","class":""},"geometry":{"type":"Polygon","coordinates":[[[77.4762833,27.5124762],[77.4763396,27.5125892],[77.476349,27.5126463],[77.4763705,27.5126915],[77.476467,27.5129067],[77.4765837,27.5131434],[77.4773911,27.512877],[77.4775547,27.5128175],[77.4775788,27.512789],[77.4773508,27.512287],[77.4771979,27.5119017],[77.4771604,27.5118707],[77.4768734,27.5119968],[77.4766535,27.5120587],[77.4764013,27.5121443],[77.476168,27.5122204],[77.4762109,27.5123085],[77.4762833,27.5124762]]]}},{"type":"Feature","properties":{"kind":"road","name":"","class":""},"geometry":{"type":"Polygon","coordinates":[[[77.4793947,27.5171779],[77.4805587,27.5161836],[77.4801886,27.5152606],[77.4800813,27.5151845],[77.4790084,27.5161836],[77.4788421,27.516469],[77.4790192,27.5167593],[77.4792927,27.5171018],[77.4793947,27.5171779]]]}},{"type":"Feature","properties":{"kind":"water","name":"","class":""},"geometry":{"type":"LineString","coordinates":[[77.4745958,27.5160128],[77.4754384,27.5130329]]}},{"type":"Feature","properties":{"kind":"water","name":"","class":""},"geometry":{"type":"LineString","coordinates":[[77.4745747,27.5161265],[77.4745958,27.5160128]]}},{"type":"Feature","properties":{"kind":"park","name":"","class":""},"geometry":{"type":"Polygon","coordinates":[[[77.4731934,27.5175157],[77.4738237,27.5169781],[77.4742207,27.5171969],[77.4737942,27.518384],[77.4731854,27.5179558],[77.4734402,27.5177274],[77.4731934,27.5175157]]]}},{"type":"Feature","properties":{"kind":"road","name":"","class":"unclassified"},"geometry":{"type":"LineString","coordinates":[[77.4755791,27.5130487],[77.4753792,27.5137676],[77.4747446,27.5160211],[77.4747274,27.5160592],[77.474697,27.5160745],[77.4746519,27.5160848]]}},{"type":"Feature","properties":{"kind":"water","name":"","class":""},"geometry":{"type":"Polygon","coordinates":[[[77.4772301,27.5153629],[77.4769405,27.5149609],[77.4764603,27.5150941],[77.4764979,27.5152249],[77.4766186,27.5151964],[77.4766749,27.5153748],[77.4765703,27.515401],[77.4766132,27.515527],[77.4772301,27.5153629]]]}},{"type":"Feature","properties":{"kind":"road","name":"","class":"residential"},"geometry":{"type":"LineString","coordinates":[[77.4867295,27.526018],[77.4864811,27.5254843]]}},{"type":"Feature","properties":{"kind":"road","name":"","class":"residential"},"geometry":{"type":"LineString","coordinates":[[77.4866896,27.5266676],[77.486589,27.5264809],[77.4865428,27.526406],[77.4865253,27.526387],[77.4865086,27.5263763],[77.4864683,27.5263745],[77.4858749,27.5266605],[77.4858635,27.5266777],[77.4858615,27.5267099],[77.4858702,27.5267414],[77.486005,27.5269774]]}},{"type":"Feature","properties":{"kind":"road","name":"","class":"residential"},"geometry":{"type":"LineString","coordinates":[[77.4873816,27.5261574],[77.486836,27.5263664],[77.486589,27.5264809]]}},{"type":"Feature","properties":{"kind":"road","name":"","class":"residential"},"geometry":{"type":"LineString","coordinates":[[77.486005,27.5269774],[77.4860097,27.5269821],[77.4860186,27.5269849],[77.4860293,27.5269859],[77.486038,27.5269838],[77.4866896,27.5266676],[77.4874105,27.526362]]}},{"type":"Feature","properties":{"kind":"road","name":"","class":"residential"},"geometry":{"type":"LineString","coordinates":[[77.4913572,27.5206786],[77.4910626,27.5207742],[77.4906879,27.5208958],[77.4899028,27.5211863],[77.4898862,27.5211924],[77.4898646,27.5211876],[77.4898449,27.5211721],[77.4897837,27.5210718],[77.4897657,27.5210522],[77.4897224,27.521053],[77.4896306,27.5210755],[77.4895259,27.5210939],[77.4894245,27.5211187],[77.4888682,27.5213384]]}},{"type":"Feature","properties":{"kind":"road","name":"","class":"living_street"},"geometry":{"type":"LineString","coordinates":[[77.4928553,27.5205351],[77.4924176,27.5207129]]}},{"type":"Feature","properties":{"kind":"road","name":"","class":"residential"},"geometry":{"type":"LineString","coordinates":[[77.4905256,27.5194555],[77.4907825,27.5198317],[77.4907951,27.5198501],[77.4911538,27.5204909]]}},{"type":"Feature","properties":{"kind":"road","name":"","class":"living_street"},"geometry":{"type":"LineString","coordinates":[[77.4896306,27.5210755],[77.4896096,27.520908],[77.4896078,27.520787],[77.4896072,27.5207496],[77.4896469,27.5206973],[77.4901768,27.5203421]]}},{"type":"Feature","properties":{"kind":"road","name":"","class":"living_street"},"geometry":{"type":"LineString","coordinates":[[77.4907481,27.5216419],[77.4912286,27.5215869]]}},{"type":"Feature","properties":{"kind":"road","name":"","class":"residential"},"geometry":{"type":"LineString","coordinates":[[77.4896298,27.5217566],[77.4897353,27.5217499],[77.4897808,27.5217533],[77.4898357,27.5217734],[77.4899154,27.5218222],[77.489976,27.5218743],[77.4900092,27.5219196],[77.4900537,27.5219802],[77.4901277,27.5220962],[77.4901511,27.5221463],[77.4901618,27.522163],[77.4901684,27.5221661],[77.4901792,27.5221665],[77.4902045,27.5221624],[77.4902141,27.5221618],[77.4902229,27.5221646],[77.4902328,27.5221701],[77.4902469,27.5221784],[77.4902583,27.5221796],[77.4902682,27.5221758],[77.4902822,27.5221695],[77.4903736,27.5221285],[77.4905116,27.5220786],[77.4906524,27.5220465],[77.4908615,27.5220179],[77.4910594,27.5219645]]}},{"type":"Feature","properties":{"kind":"road","name":"","class":"living_street"},"geometry":{"type":"LineString","coordinates":[[77.4906879,27.5208958],[77.4907003,27.5211149],[77.49071,27.5212865],[77.4907325,27.5214966],[77.4907481,27.5216419],[77.4907648,27.5216972],[77.4907804,27.521749],[77.4908615,27.5220179],[77.4909025,27.5221616],[77.4909252,27.5222411],[77.4909419,27.5222996],[77.4909427,27.52233],[77.4909368,27.5223735],[77.4909168,27.5224253],[77.4908524,27.522514]]}},{"type":"Feature","properties":{"kind":"road","name":"","class":"living_street"},"geometry":{"type":"LineString","coordinates":[[77.4918485,27.5212177],[77.4914725,27.5212666],[77.4914554,27.5212652],[77.4914398,27.5212467],[77.4914304,27.5212048],[77.4914139,27.5211927],[77.4913935,27.5211857],[77.4911247,27.521238],[77.49071,27.5212865]]}},{"type":"Feature","properties":{"kind":"road","name":"","class":"residential"},"geometry":{"type":"LineString","coordinates":[[77.4922813,27.5208459],[77.4921408,27.5208861],[77.4920015,27.5209166],[77.49175,27.5209717],[77.4917306,27.5209706],[77.4917111,27.5209534],[77.4916114,27.5203936]]}},{"type":"Feature","properties":{"kind":"road","name":"","class":"living_street"},"geometry":{"type":"LineString","coordinates":[[77.4923,27.5214337],[77.4921408,27.5208861]]}},{"type":"Feature","properties":{"kind":"road","name":"","class":"residential"},"geometry":{"type":"LineString","coordinates":[[77.4929656,27.5217937],[77.4929218,27.5216555],[77.4928308,27.5213682],[77.4928,27.5213421],[77.4927651,27.5213195],[77.4927177,27.5213102],[77.4923,27.5214337],[77.4917998,27.5215592],[77.4914812,27.5216378],[77.4914557,27.521634],[77.4914461,27.5216184],[77.4914286,27.5215181],[77.491419,27.5213597],[77.491419,27.5213159],[77.4914254,27.5212933],[77.4914378,27.5212789],[77.4914554,27.5212652]]}},{"type":"Feature","properties":{"kind":"water","name":"","class":""},"geometry":{"type":"Polygon","coordinates":[[[77.4929801,27.5217344],[77.4932925,27.5216202],[77.4931879,27.5213585],[77.4931598,27.5213514],[77.4928661,27.5214489],[77.4929801,27.5217344]]]}},{"type":"Feature","properties":{"kind":"road","name":"","class":"living_street"},"geometry":{"type":"LineString","coordinates":[[77.4910742,27.5221358],[77.4913326,27.5220693],[77.4919202,27.521918],[77.4929218,27.5216555]]}},{"type":"Feature","properties":{"kind":"road","name":"","class":"residential"},"geometry":{"type":"LineString","coordinates":[[77.4928964,27.5195843],[77.492424,27.5183222]]}},{"type":"Feature","properties":{"kind":"road","name":"","class":"residential"},"geometry":{"type":"LineString","coordinates":[[77.4919797,27.5220888],[77.4921833,27.5220307],[77.4924595,27.5219518],[77.4928084,27.5218521],[77.4929656,27.5217937],[77.4933555,27.5216489],[77.4933826,27.5216303],[77.493397,27.5216139],[77.4934076,27.5215929],[77.4934029,27.5215702],[77.4932252,27.5211989],[77.4928553,27.5205351],[77.4926063,27.5201196],[77.4923363,27.5197708],[77.4917045,27.5187482]]}},{"type":"Feature","properties":{"kind":"road","name":"","class":"living_street"},"geometry":{"type":"LineString","coordinates":[[77.4925195,27.5272052],[77.4923551,27.5272076],[77.4922251,27.5272024],[77.4920547,27.5271957],[77.4916048,27.5272016],[77.4914559,27.5271963]]}},{"type":"Feature","properties":{"kind":"road","name":"","class":"living_street"},"geometry":{"type":"LineString","coordinates":[[77.492099,27.5266391],[77.4920547,27.5271957]]}},{"type":"Feature","properties":{"kind":"road","name":"","class":"living_street"},"geometry":{"type":"LineString","coordinates":[[77.4936349,27.5279963],[77.4937371,27.5283564],[77.4938441,27.5288618],[77.4938469,27.5289057],[77.4938437,27.5289173],[77.4938382,27.5289253],[77.4938268,27.5289301],[77.4938182,27.528932]]}},{"type":"Feature","properties":{"kind":"road","name":"","class":"living_street"},"geometry":{"type":"LineString","coordinates":[[77.4926471,27.5299628],[77.4934833,27.5298014],[77.4940217,27.5296921]]}},{"type":"Feature","properties":{"kind":"road","name":"","class":"living_street"},"geometry":{"type":"LineString","coordinates":[[77.4925322,27.5297084],[77.49342,27.5295549],[77.4939549,27.5294282]]}},{"type":"Feature","properties":{"kind":"road","name":"","class":"living_street"},"geometry":{"type":"LineString","coordinates":[[77.4924204,27.5295051],[77.4933635,27.529348],[77.4937727,27.5292769]]}},{"type":"Feature","properties":{"kind":"road","name":"","class":"living_street"},"geometry":{"type":"LineString","coordinates":[[77.4918884,27.5287417],[77.4927481,27.5285467],[77.4931705,27.5284718],[77.4937371,27.5283564],[77.4944392,27.5281852]]}},{"type":"Feature","properties":{"kind":"road","name":"","class":"residential"},"geometry":{"type":"LineString","coordinates":[[77.4916913,27.5292769],[77.4920066,27.5292261],[77.4922396,27.5291886],[77.4928433,27.5290914],[77.4932832,27.5290188],[77.4938182,27.528932]]}},{"type":"Feature","properties":{"kind":"road","name":"","class":"living_street"},"geometry":{"type":"LineString","coordinates":[[77.4944056,27.5278225],[77.4936349,27.5279963],[77.493094,27.5280995],[77.4926773,27.5281784],[77.4918431,27.5283558]]}},{"type":"Feature","properties":{"kind":"road","name":"","class":"living_street"},"geometry":{"type":"LineString","coordinates":[[77.4929814,27.5266748],[77.4929587,27.5269092],[77.4929573,27.5269233],[77.4929613,27.5270078],[77.4929667,27.5273735],[77.493019,27.5277427],[77.493094,27.5280995],[77.4931705,27.5284718],[77.4932832,27.5290188],[77.4933635,27.529348],[77.49342,27.5295549],[77.4934833,27.5298014],[77.4935245,27.5300249],[77.4936015,27.5303836],[77.4936465,27.5305934]]}},{"type":"Feature","properties":{"kind":"road","name":"","class":"residential"},"geometry":{"type":"LineString","coordinates":[[77.4929667,27.5273735],[77.4935554,27.527229],[77.4939322,27.5271469],[77.4945813,27.5270256]]}},{"type":"Feature","properties":{"kind":"road","name":"","class":"living_street"},"geometry":{"type":"LineString","coordinates":[[77.4925764,27.5262722],[77.4925383,27.5268959],[77.4925195,27.5272052],[77.4925281,27.5273063],[77.4925415,27.5274621],[77.4926032,27.5278165],[77.4926773,27.5281784],[77.4927481,27.5285467],[77.4928433,27.5290914]]}},{"type":"Feature","properties":{"kind":"road","name":"","class":"residential"},"geometry":{"type":"LineString","coordinates":[[77.494525,27.526764],[77.4945813,27.5270256],[77.4946511,27.5273539],[77.4946524,27.5273741],[77.4946444,27.5273943],[77.4946323,27.527405],[77.493019,27.5277427]]}},{"type":"Feature","properties":{"kind":"road","name":"","class":"living_street"},"geometry":{"type":"LineString","coordinates":[[77.4924959,27.5238746],[77.4924916,27.523705],[77.4924912,27.523692],[77.4924926,27.5235588],[77.4924939,27.5234845],[77.4924818,27.5233376],[77.4924517,27.5231235],[77.4924033,27.5229121]]}},{"type":"Feature","properties":{"kind":"road","name":"","class":"residential"},"geometry":{"type":"LineString","coordinates":[[77.4596532,27.5027243],[77.4595876,27.5027429],[77.4592223,27.5029069],[77.4591172,27.502959],[77.4590153,27.5030209],[77.4588758,27.5031232],[77.4577674,27.5039987],[77.457181,27.5044581],[77.4566632,27.5048638],[77.4564891,27.5050002],[77.4560568,27.5053331],[77.4547885,27.5063101],[77.4537032,27.5071145],[77.4536169,27.5071785],[77.4528421,27.5077528]]}},{"type":"Feature","properties":{"kind":"park","name":"","class":""},"geometry":{"type":"Polygon","coordinates":[[[77.4784452,27.4933638],[77.4791908,27.4932972],[77.4794,27.4941299],[77.4799901,27.4940395],[77.4798024,27.492807],[77.4803871,27.4928261],[77.4801511,27.4906752],[77.4789923,27.4907703],[77.478649,27.4901517],[77.478193,27.4902326],[77.4786705,27.4912557],[77.4776995,27.4914032],[77.4773776,27.4908274],[77.4768144,27.4910463],[77.4769968,27.4915317],[77.4778765,27.4915174],[77.4784452,27.4933638]]]}},{"type":"Feature","properties":{"kind":"road","name":"","class":"tertiary"},"geometry":{"type":"LineString","coordinates":[[77.4474633,27.4465561],[77.4477124,27.4467317],[77.448265,27.4476505],[77.4490428,27.4490691],[77.4501023,27.4510138],[77.4511188,27.4528775],[77.45202,27.4545531],[77.4529079,27.4562287],[77.4538869,27.4580042],[77.4551502,27.4603462],[77.4562677,27.4623408],[77.4570465,27.46369],[77.4589026,27.4671314],[77.4595241,27.4683448],[77.4601162,27.4694333],[77.4615731,27.4721501],[77.4623584,27.4736712],[77.4633372,27.4754803],[77.4642977,27.4773305],[77.4648786,27.4784375],[77.4651894,27.4790257],[77.465498,27.4796096],[77.4658503,27.4802925],[77.4661816,27.4809309],[77.4662957,27.4811302],[77.4664108,27.4813092],[77.4665617,27.4814881],[77.4666923,27.4816353],[77.466851,27.4817761],[77.467016,27.481912],[77.467246,27.4820721],[77.4674682,27.4822222],[77.4676359,27.4823076],[77.4677692,27.4823754],[77.468068,27.4824908],[77.4689153,27.4827516],[77.4695779,27.4829356],[77.4697022,27.4829701],[77.4702416,27.4831106],[77.4706438,27.4833256],[77.4718445,27.4840972],[77.4732798,27.4850663],[77.4751224,27.4862992],[77.4770045,27.48755],[77.4788621,27.4888008],[77.479362,27.4891915],[77.4795865,27.489428],[77.4797266,27.4896387],[77.4798594,27.4898635],[77.4799449,27.4900368],[77.4800116,27.4901993],[77.4801824,27.4907933],[77.4802023,27.4909036],[77.4802171,27.4909863],[77.4802389,27.4911904],[77.4802648,27.4914317]]}},{"type":"Feature","properties":{"kind":"road","name":"","class":"service"},"geometry":{"type":"LineString","coordinates":[[77.4918838,27.492117],[77.4914045,27.4905121]]}},{"type":"Feature","properties":{"kind":"road","name":"","class":"unclassified"},"geometry":{"type":"LineString","coordinates":[[77.490165,27.5017516],[77.4900913,27.5018706]]}},{"type":"Feature","properties":{"kind":"road","name":"","class":"secondary"},"geometry":{"type":"LineString","coordinates":[[77.4936935,27.5318659],[77.4927345,27.5323194],[77.4923471,27.5325057],[77.4920413,27.5326199],[77.4916899,27.5327316],[77.491065,27.5328506],[77.4894208,27.5331265],[77.4887797,27.5332145],[77.4879026,27.5332953],[77.4875084,27.5333167],[77.487271,27.5332692],[77.4870443,27.5331669],[77.4862531,27.5326746],[77.4853666,27.532055],[77.4839625,27.5310905],[77.4834743,27.5307218],[77.4832383,27.5304959],[77.4829613,27.5302015],[77.4829581,27.5301975]]}},{"type":"Feature","properties":{"kind":"road","name":"","class":"secondary"},"geometry":{"type":"LineString","coordinates":[[77.498858,27.5191494],[77.4989184,27.5197302],[77.4991373,27.5207152],[77.4996422,27.5230731],[77.4998653,27.5241903],[77.5005305,27.5271398],[77.5004983,27.5273396],[77.4971831,27.5300321],[77.4965125,27.5305102],[77.4958903,27.5309264],[77.4955925,27.5310715],[77.4948147,27.5313854],[77.4936935,27.5318659]]}},{"type":"Feature","properties":{"kind":"road","name":"","class":"tertiary"},"geometry":{"type":"LineString","coordinates":[[77.4806219,27.4914097],[77.4808804,27.4940836],[77.4810136,27.4953533],[77.4810693,27.495574],[77.481106,27.4957162],[77.4811563,27.4958443]]}},{"type":"Feature","properties":{"kind":"road","name":"","class":"track"},"geometry":{"type":"LineString","coordinates":[[77.4657005,27.5303588],[77.4656779,27.530333],[77.4656431,27.53023],[77.4656178,27.5301512],[77.465313,27.5294913],[77.4652609,27.5293978],[77.4652119,27.5293426],[77.4651429,27.5292766],[77.4650411,27.5292091],[77.4646841,27.5289903],[77.4641985,27.5286915],[77.4640071,27.5285662],[77.4637376,27.5283582],[77.4635315,27.5282261]]}},{"type":"Feature","properties":{"kind":"road","name":"","class":"track"},"geometry":{"type":"LineString","coordinates":[[77.4658808,27.5304386],[77.4657005,27.5303588]]}},{"type":"Feature","properties":{"kind":"road","name":"","class":"track"},"geometry":{"type":"LineString","coordinates":[[77.471002,27.5374123],[77.4705702,27.5364895],[77.4700284,27.535267],[77.4695982,27.5343797],[77.469583,27.5343563],[77.4695655,27.534343],[77.4695365,27.5343405],[77.4695056,27.5343482],[77.469202,27.5344709],[77.4691753,27.5344808],[77.4691457,27.5344829],[77.4691219,27.5344737],[77.4691034,27.5344543],[77.4690914,27.5344311],[77.4688016,27.5338049],[77.4683228,27.5325861],[77.4677672,27.5312856],[77.4674066,27.5307461],[77.467376,27.5307051],[77.4673424,27.5306798],[77.4673074,27.5306674],[77.4672544,27.5306645],[77.4671023,27.530682],[77.4669044,27.5307141],[77.4667065,27.5307367],[77.4665563,27.5307369],[77.4664008,27.5307222],[77.4662654,27.5306881],[77.46617,27.5306462],[77.4660137,27.5305363],[77.4658808,27.5304386]]}},{"type":"Feature","properties":{"kind":"water","name":"","class":""},"geometry":{"type":"LineString","coordinates":[[77.4707526,27.539598],[77.470707,27.539403],[77.4705192,27.5390058],[77.469551,27.5374076],[77.4694651,27.5374004],[77.4687919,27.5375336],[77.46847,27.5374741],[77.4678689,27.5373188],[77.4669841,27.537077],[77.4663994,27.5368772],[77.4662304,27.5368035],[77.4661928,27.5367725],[77.4656913,27.5359758],[77.465525,27.5352195],[77.4655545,27.5349983],[77.4659112,27.5342586],[77.4661687,27.5337258],[77.4662197,27.5335617],[77.4663109,27.5322869],[77.4659461,27.5312047],[77.4656752,27.5302152],[77.4656618,27.5300368],[77.4656698,27.5297728],[77.4658254,27.5293257],[77.465938,27.5291592],[77.4676759,27.5281498]]}},{"type":"Feature","properties":{"kind":"park","name":"","class":""},"geometry":{"type":"Polygon","coordinates":[[[77.4554479,27.5247755],[77.4563974,27.5243378],[77.4559951,27.5240096],[77.4560058,27.5238621],[77.4567622,27.5235338],[77.4569017,27.5229106],[77.4571699,27.5232579],[77.4573362,27.5236242],[77.4583232,27.5244805],[77.4586451,27.5242474],[77.4592727,27.5247279],[77.4575937,27.5258601],[77.457068,27.5255319],[77.4568963,27.5249229],[77.4574435,27.5246994],[77.4572343,27.5241095],[77.4565262,27.524295],[77.4563599,27.5253796],[77.4559843,27.5255414],[77.4554479,27.5247755]]]}},{"type":"Feature","properties":{"kind":"road","name":"","class":"unclassified"},"geometry":{"type":"LineString","coordinates":[[77.4568811,27.5227268],[77.4570724,27.5229182],[77.4571552,27.5229925],[77.4572241,27.5230747],[77.4572563,27.5231375],[77.4574216,27.5235264],[77.4574608,27.5236318],[77.4577741,27.5244734],[77.4580159,27.5250178],[77.4580716,27.5251432],[77.4583689,27.5258128],[77.4586018,27.5263936],[77.4587777,27.5269167],[77.4590664,27.5276618],[77.4591766,27.5279251],[77.4592317,27.5280568],[77.4592868,27.5281884],[77.4593415,27.5282961],[77.4594949,27.5285611],[77.4595997,27.5287309],[77.4597044,27.5289007],[77.4599088,27.5291948],[77.4601131,27.5294889],[77.4602882,27.5298045],[77.4604277,27.5300642],[77.4606237,27.530378],[77.4606451,27.5304121],[77.4608909,27.5307312],[77.4609655,27.5308393],[77.4612126,27.5311975],[77.4613796,27.5314109],[77.4615547,27.5316278],[77.4619084,27.5320794],[77.461982,27.5321583],[77.4620829,27.5322533],[77.4621694,27.5323136],[77.4622594,27.532381],[77.4623213,27.5324319],[77.4624023,27.5325414],[77.4626534,27.5329624],[77.4629044,27.5333833],[77.4629951,27.5335237],[77.4631512,27.533689],[77.463422,27.5339521],[77.4635189,27.5340628],[77.4636194,27.5342112],[77.4636837,27.5343437],[77.4638516,27.5347986],[77.4640981,27.5353907],[77.4641377,27.5355294],[77.4641789,27.5356891],[77.4642202,27.5358488],[77.4642619,27.5361965],[77.4642827,27.5363703],[77.4643035,27.5365441],[77.4643575,27.5367482],[77.4644291,27.5369334],[77.4644562,27.5370098],[77.4645798,27.5375905],[77.4646017,27.537672],[77.4646454,27.537756],[77.4647853,27.537962],[77.4648928,27.5381412],[77.4650003,27.5383203],[77.4650876,27.5384314],[77.4654538,27.538847],[77.4658607,27.5392818],[77.4660842,27.5395205],[77.4663076,27.5397592],[77.4665854,27.5400265],[77.4668632,27.5402939],[77.4674189,27.5408285]]}},{"type":"Feature","properties":{"kind":"park","name":"","class":""},"geometry":{"type":"Polygon","coordinates":[[[77.4625665,27.5206318],[77.4628267,27.5204701],[77.4626899,27.5201894],[77.4625826,27.5202417],[77.4613059,27.518315],[77.4614775,27.5182484],[77.461389,27.5180985],[77.4609491,27.5181937],[77.4625665,27.5206318]]]}},{"type":"Feature","properties":{"kind":"road","name":"","class":"unclassified"},"geometry":{"type":"LineString","coordinates":[[77.4623614,27.5203662],[77.4609446,27.5181715],[77.4601298,27.516954],[77.4600854,27.5168877],[77.4596539,27.5162347],[77.4596152,27.5161897],[77.459573,27.5161661],[77.4595143,27.5161659],[77.4592078,27.5162955],[77.45916,27.5163049],[77.4591091,27.5163025],[77.4590527,27.516274],[77.4583209,27.5151873]]}},{"type":"Feature","properties":{"kind":"road","name":"","class":"residential"},"geometry":{"type":"LineString","coordinates":[[77.4670665,27.4883518],[77.4667027,27.4883734],[77.4665815,27.4883806],[77.4656737,27.4884463],[77.4651814,27.4884768],[77.4649546,27.4885045],[77.4640693,27.4887665],[77.4639046,27.4888152],[77.4637252,27.488874],[77.4634484,27.4889414],[77.4633967,27.488954],[77.4632036,27.4890117],[77.4629532,27.4890866],[77.4626695,27.4891715],[77.4625424,27.4892095],[77.4624722,27.4892335],[77.4623287,27.4892825],[77.4621086,27.4893659],[77.4616959,27.4895223],[77.4614427,27.4895925],[77.4607625,27.4897856],[77.4602229,27.4899387],[77.4601469,27.4899398],[77.4600747,27.489928],[77.4599821,27.4899137],[77.4599084,27.4899162],[77.4598164,27.4899406],[77.4597487,27.4899793],[77.4597099,27.4900185],[77.4596443,27.4901039],[77.4594768,27.4902456]]}},{"type":"Feature","properties":{"kind":"water","name":"","class":""},"geometry":{"type":"Polygon","coordinates":[[[77.4657078,27.4928114],[77.4657865,27.4928736],[77.465867,27.4929093],[77.4659729,27.4928641],[77.465993,27.4927642],[77.4659246,27.4926643],[77.4659085,27.4924941],[77.4658495,27.4924168],[77.4657838,27.4923871],[77.4657409,27.4924037],[77.4656953,27.4925453],[77.465643,27.4927428],[77.4656612,27.4927694],[77.4657078,27.4928114]]]}},{"type":"Feature","properties":{"kind":"water","name":"","class":""},"geometry":{"type":"Polygon","coordinates":[[[77.4658026,27.4921361],[77.46593,27.4920992],[77.4659662,27.4920159],[77.4659769,27.4919362],[77.4660292,27.491916],[77.4660654,27.4919005],[77.4662331,27.4917982],[77.4662465,27.4916305],[77.4661218,27.491546],[77.4660547,27.4915151],[77.4660131,27.49154],[77.4660091,27.4916911],[77.4659447,27.4917946],[77.4658509,27.4918089],[77.4657181,27.4918303],[77.465698,27.4918791],[77.465765,27.4920944],[77.4657623,27.4921456],[77.4658026,27.4921361]]]}},{"type":"Feature","properties":{"kind":"water","name":"","class":""},"geometry":{"type":"Polygon","coordinates":[[[77.4650797,27.4913735],[77.4652836,27.4913556],[77.4653426,27.4914449],[77.4653292,27.4916661],[77.4653077,27.4917209],[77.4652836,27.4918815],[77.4652487,27.4919338],[77.4651575,27.4919302],[77.4651656,27.4917922],[77.4651414,27.4917018],[77.4651052,27.4916043],[77.4650797,27.4915246],[77.4650797,27.4913735]]]}},{"type":"Feature","properties":{"kind":"water","name":"","class":""},"geometry":{"type":"Polygon","coordinates":[[[77.465297,27.4911582],[77.4653077,27.4908239],[77.4650609,27.4908584],[77.4650556,27.4909976],[77.4651052,27.4910927],[77.465191,27.4911498],[77.465246,27.4911879],[77.465297,27.4911582]]]}},{"type":"Feature","properties":{"kind":"road","name":"","class":"residential"},"geometry":{"type":"LineString","coordinates":[[77.4613595,27.4928165],[77.4619414,27.4924582],[77.4624038,27.4922112],[77.4627066,27.4920418],[77.4630242,27.491864],[77.4631641,27.4917945],[77.463373,27.4916908],[77.4634942,27.4916425],[77.4638219,27.4915118],[77.4640525,27.4914199],[77.4640942,27.4914199],[77.4641201,27.4914374],[77.4641688,27.4915671],[77.4641885,27.4915956],[77.4642278,27.4915986],[77.4642934,27.491585],[77.4646515,27.4914677],[77.4648402,27.4914053],[77.4651629,27.4912985],[77.465266,27.4912753],[77.4655518,27.4912521]]}},{"type":"Feature","properties":{"kind":"park","name":"","class":""},"geometry":{"type":"Polygon","coordinates":[[[77.469677,27.5070534],[77.4698353,27.5069344],[77.4700525,27.5071937],[77.4706346,27.5067227],[77.4719757,27.5082286],[77.4716377,27.5084617],[77.4719918,27.5089042],[77.4716216,27.5091231],[77.4710047,27.5083475],[77.4703771,27.5086187],[77.4705809,27.5090374],[77.469964,27.509242],[77.4693042,27.5081905],[77.4697494,27.5079764],[77.4694008,27.5075958],[77.4697441,27.5071961],[77.469677,27.5070534]]]}},{"type":"Feature","properties":{"kind":"park","name":"","class":""},"geometry":{"type":"Polygon","coordinates":[[[77.4741349,27.5066894],[77.4749851,27.5057877],[77.4745667,27.5054475],[77.4751246,27.5047695],[77.4747115,27.504484],[77.4739069,27.5052691],[77.4737674,27.5050836],[77.4740249,27.5048171],[77.4738049,27.5045649],[77.4745291,27.5040368],[77.4739337,27.5036514],[77.4738532,27.5036847],[77.473408,27.503461],[77.4715948,27.5043984],[77.4709189,27.502557],[77.471686,27.5023],[77.4711871,27.5007203],[77.4721581,27.5004158],[77.4719006,27.4995069],[77.4704039,27.5000684],[77.4706882,27.5011152],[77.4694598,27.5014007],[77.4691325,27.5012961],[77.4689609,27.5013389],[77.4695402,27.5023476],[77.471289,27.5043223],[77.4721205,27.5052168],[77.4726033,27.5056973],[77.4737406,27.5064872],[77.4741349,27.5066894]]]}},{"type":"Feature","properties":{"kind":"road","name":"","class":"residential"},"geometry":{"type":"LineString","coordinates":[[77.4736575,27.5064791],[77.4741462,27.505913],[77.4741833,27.5058701],[77.4744181,27.5055982],[77.474964,27.5049659],[77.4752188,27.5046708]]}},{"type":"Feature","properties":{"kind":"road","name":"","class":"residential"},"geometry":{"type":"LineString","coordinates":[[77.4740731,27.5044505],[77.473722,27.5040087],[77.4733459,27.5035353]]}},{"type":"Feature","properties":{"kind":"road","name":"","class":"residential"},"geometry":{"type":"LineString","coordinates":[[77.4737605,27.5046742],[77.4734037,27.5042226],[77.4729993,27.5037108]]}},{"type":"Feature","properties":{"kind":"road","name":"","class":"residential"},"geometry":{"type":"LineString","coordinates":[[77.4733974,27.5049069],[77.4730425,27.5044605],[77.4726023,27.5039067]]}},{"type":"Feature","properties":{"kind":"road","name":"","class":"residential"},"geometry":{"type":"LineString","coordinates":[[77.4730554,27.5051152],[77.4727108,27.5046888],[77.4722398,27.504106]]}},{"type":"Feature","properties":{"kind":"road","name":"","class":"residential"},"geometry":{"type":"LineString","coordinates":[[77.4723776,27.5055377],[77.4730554,27.5051152],[77.4733974,27.5049069],[77.4737605,27.5046742],[77.4738879,27.5045882],[77.4739959,27.5045091],[77.4740731,27.5044505],[77.4743896,27.5041439],[77.474566,27.503973]]}},{"type":"Feature","properties":{"kind":"road","name":"","class":"residential"},"geometry":{"type":"LineString","coordinates":[[77.4753313,27.5073719],[77.4764545,27.5060553],[77.4764651,27.5060225],[77.4764541,27.505987],[77.4764103,27.505911],[77.4764024,27.5058764],[77.4764159,27.5058432],[77.4767759,27.5054108]]}},{"type":"Feature","properties":{"kind":"road","name":"","class":"residential"},"geometry":{"type":"LineString","coordinates":[[77.4675895,27.5000026],[77.4684903,27.4989326],[77.468648,27.4987302],[77.4686706,27.4987011],[77.4688777,27.4983792],[77.4695779,27.4975705]]}},{"type":"Feature","properties":{"kind":"road","name":"","class":"residential"},"geometry":{"type":"LineString","coordinates":[[77.4656111,27.4952372],[77.4658796,27.4958136],[77.4659874,27.496013],[77.4660017,27.4960394],[77.4662359,27.4964721],[77.4665327,27.4970206],[77.4665732,27.4970365],[77.4666145,27.4970295],[77.4669849,27.4968377],[77.4673032,27.4966728],[77.4673596,27.4966602],[77.4674009,27.4966681],[77.4675608,27.4967906],[77.467606,27.4968149],[77.4676546,27.4968089],[77.4677266,27.4967871],[77.4683909,27.4965865],[77.4689095,27.4964472],[77.4692366,27.4963909]]}},{"type":"Feature","properties":{"kind":"road","name":"","class":"residential"},"geometry":{"type":"LineString","coordinates":[[77.4657422,27.4947397],[77.4657,27.4946456],[77.4656591,27.4945784],[77.4655927,27.4945041],[77.4655189,27.4944238],[77.4654995,27.4943839],[77.4654633,27.4943143],[77.4654383,27.4942035]]}},{"type":"Feature","properties":{"kind":"road","name":"","class":"residential"},"geometry":{"type":"LineString","coordinates":[[77.4691696,27.4906636],[77.4689932,27.4908678],[77.4689582,27.4909083],[77.4686729,27.4911406],[77.4684118,27.4913533],[77.4683813,27.4913781],[77.4681402,27.4915935],[77.4678761,27.4918102],[77.4678299,27.4918512],[77.4675696,27.4920819],[77.4675324,27.4921148],[77.4674646,27.4921749],[77.4672425,27.4923436],[77.4671601,27.4924062],[77.466941,27.4925726],[77.466691,27.4927626],[77.4666366,27.4928039],[77.4665788,27.4928478],[77.4664208,27.4929843],[77.4663617,27.4930354],[77.4661969,27.4931778],[77.4661508,27.4932177],[77.4658434,27.4934776],[77.4657905,27.4935223],[77.4653651,27.4938296],[77.4652238,27.4938968]]}},{"type":"Feature","properties":{"kind":"road","name":"","class":"residential"},"geometry":{"type":"LineString","coordinates":[[77.4695981,27.4900803],[77.4694746,27.4902632],[77.4693627,27.4904288],[77.4693317,27.4904746],[77.4691696,27.4906636]]}},{"type":"Feature","properties":{"kind":"road","name":"","class":"secondary"},"geometry":{"type":"LineString","coordinates":[[77.479798,27.4914829],[77.4802648,27.4914317],[77.4803358,27.4914267]]}},{"type":"Feature","properties":{"kind":"road","name":"","class":"secondary"},"geometry":{"type":"LineString","coordinates":[[77.479798,27.4914829],[77.4796175,27.4914679],[77.479495,27.4914577],[77.4789947,27.4914959],[77.4787678,27.4915132],[77.477855,27.4915703],[77.4775605,27.4915934],[77.4772338,27.491619],[77.4768096,27.4916509],[77.4762528,27.4917164],[77.4755911,27.4918078],[77.4752939,27.4918488],[77.4750238,27.4918861],[77.4747609,27.4919271],[77.4738724,27.4920658],[77.4731016,27.4921801],[77.4728994,27.4922138],[77.4722154,27.4923279],[77.4718006,27.4924169],[77.471377,27.4925285],[77.4711094,27.4926269],[77.470727,27.4927707],[77.47035,27.4929125],[77.4693709,27.493309],[77.4690897,27.4934195],[77.4687481,27.4935537],[77.4683999,27.4936905],[77.4683578,27.4937071],[77.4683299,27.4937166],[77.4673882,27.494038],[77.4667892,27.4942412],[77.4667443,27.4942564],[77.4666231,27.4942967],[77.4664905,27.4943186],[77.4663902,27.4943203],[77.4662898,27.4943051],[77.4661193,27.4942799],[77.465911,27.4942329],[77.4658776,27.4942262],[77.465608,27.4941724],[77.4652931,27.4941068]]}},{"type":"Feature","properties":{"kind":"road","name":"","class":"secondary"},"geometry":{"type":"LineString","coordinates":[[77.4652654,27.4935759],[77.4652238,27.4938968],[77.4652148,27.49396]]}},{"type":"Feature","properties":{"kind":"road","name":"","class":"secondary"},"geometry":{"type":"LineString","coordinates":[[77.4686135,27.4859247],[77.4684674,27.4860817],[77.4680784,27.4867016],[77.4680428,27.486761],[77.4679231,27.4869604],[77.4678679,27.4870525],[77.4675339,27.487595],[77.4672711,27.4880269],[77.4670665,27.4883518],[77.4666327,27.4890512],[77.4664263,27.4893694],[77.4664074,27.4893986],[77.4660507,27.4899816],[77.4659273,27.4901933],[77.4658482,27.4903492],[77.4657865,27.4904848],[77.4657355,27.4906121],[77.4656832,27.490756],[77.4656001,27.4910963],[77.4655518,27.4912521],[77.4654633,27.4917696],[77.4653828,27.4924406],[77.4653077,27.4929391],[77.4652393,27.4934256],[77.4652654,27.4935759]]}},{"type":"Feature","properties":{"kind":"road","name":"","class":"secondary_link"},"geometry":{"type":"LineString","coordinates":[[77.4582508,27.4987753],[77.4583152,27.4987706]]}},{"type":"Feature","properties":{"kind":"road","name":"","class":"secondary"},"geometry":{"type":"LineString","coordinates":[[77.459659,27.502741],[77.4596532,27.5027243],[77.4595464,27.5024182],[77.4593358,27.5018278],[77.4591708,27.5013639],[77.4589764,27.5008321],[77.4588516,27.5004717],[77.4586987,27.5000387],[77.4586596,27.4999275],[77.4585284,27.4995545],[77.4584258,27.4992709],[77.4583997,27.4991988],[77.458346,27.4989919],[77.4583152,27.4987706],[77.4583125,27.4985898],[77.4583286,27.4980806],[77.4583703,27.497606],[77.4583863,27.497424],[77.4583908,27.4973356],[77.4584192,27.4967795],[77.4584278,27.4966115],[77.4584761,27.4959738],[77.4585152,27.4953191]]}},{"type":"Feature","properties":{"kind":"road","name":"","class":"residential"},"geometry":{"type":"LineString","coordinates":[[77.4915263,27.5226389],[77.4913326,27.5220693]]}},{"type":"Feature","properties":{"kind":"road","name":"","class":"residential"},"geometry":{"type":"LineString","coordinates":[[77.4914067,27.5208036],[77.4913572,27.5206786],[77.4912743,27.5204691]]}},{"type":"Feature","properties":{"kind":"road","name":"","class":"residential"},"geometry":{"type":"LineString","coordinates":[[77.4914139,27.5211927],[77.4914215,27.5211724],[77.4914224,27.5211474],[77.4913988,27.5209994]]}},{"type":"Feature","properties":{"kind":"road","name":"","class":"residential"},"geometry":{"type":"LineString","coordinates":[[77.4897657,27.5210522],[77.4897937,27.5210217],[77.4898638,27.520975],[77.4905358,27.5206951]]}},{"type":"Feature","properties":{"kind":"road","name":"","class":"unclassified"},"geometry":{"type":"LineString","coordinates":[[77.4903032,27.5163531],[77.4904141,27.5163401]]}},{"type":"Feature","properties":{"kind":"road","name":"","class":"unclassified"},"geometry":{"type":"LineString","coordinates":[[77.4904141,27.5163401],[77.4905453,27.5162666]]}},{"type":"Feature","properties":{"kind":"road","name":"","class":"unclassified"},"geometry":{"type":"LineString","coordinates":[[77.500206,27.5099938],[77.5001476,27.5099391],[77.4997741,27.5097143],[77.4995794,27.5096153],[77.4992976,27.5094686],[77.499216,27.5094213],[77.4991434,27.5093683],[77.4990799,27.5092996],[77.4990325,27.509227],[77.4989885,27.5091599],[77.4989567,27.5090997],[77.4988975,27.5089877],[77.4988273,27.5088257],[77.4987785,27.5087214],[77.498766,27.5086915],[77.4987494,27.5086719],[77.4987213,27.5086545],[77.498657,27.5086164],[77.4986005,27.5085754],[77.4983176,27.5083701],[77.4982385,27.5083035],[77.4981218,27.5082262],[77.498087,27.5082161],[77.4980584,27.5082092],[77.4979774,27.5082272],[77.4979394,27.5082263],[77.4979075,27.5082043],[77.4975637,27.5079911],[77.4973094,27.5078333],[77.4972582,27.5078016],[77.4971804,27.5077481]]}},{"type":"Feature","properties":{"kind":"road","name":"","class":"unclassified"},"geometry":{"type":"LineString","coordinates":[[77.4971804,27.5077481],[77.4970141,27.5076505]]}},{"type":"Feature","properties":{"kind":"road","name":"","class":"unclassified"},"geometry":{"type":"LineString","coordinates":[[77.4970141,27.5076505],[77.4969494,27.5076137],[77.496306,27.507484],[77.4959583,27.5074032],[77.495843,27.5073545],[77.4957387,27.5072921],[77.4956387,27.5072236],[77.4954075,27.5070281],[77.4953129,27.5069535],[77.4952627,27.5069244],[77.495162,27.5069012],[77.4948013,27.506894],[77.4946571,27.5068764],[77.4945561,27.506842],[77.4944518,27.5068068],[77.4942968,27.5067622],[77.4942211,27.5067394],[77.494057,27.506725],[77.493943,27.5067201],[77.4933555,27.5066858],[77.4932082,27.5066553],[77.4930888,27.5066343],[77.4929948,27.506616],[77.4929197,27.5065919],[77.4925924,27.5064622],[77.4923024,27.5063577],[77.4920117,27.5062599],[77.4918322,27.5061937],[77.4916834,27.5061467],[77.4913357,27.5060714],[77.4910998,27.5060259],[77.4909791,27.5059852],[77.4904901,27.5057758],[77.4898875,27.5055558],[77.4894353,27.5054308],[77.4892938,27.5053697],[77.4891627,27.505348],[77.4887263,27.5053051],[77.4880702,27.5052405],[77.4879623,27.5052259],[77.4878359,27.5052073],[77.4877371,27.5051842],[77.4872696,27.5050135],[77.4869303,27.5048692],[77.4865798,27.5046956],[77.4859732,27.504354],[77.4856266,27.5041417],[77.4850489,27.5038135],[77.4848783,27.5037215]]}},{"type":"Feature","properties":{"kind":"road","name":"","class":"unclassified"},"geometry":{"type":"LineString","coordinates":[[77.484735,27.5036513],[77.4846801,27.5036301],[77.4846074,27.5036047],[77.4845384,27.5035855],[77.4844362,27.5035574],[77.4843101,27.5035041],[77.4838739,27.503315],[77.4836213,27.5032203],[77.4833204,27.5030944],[77.4828689,27.5029388],[77.4823954,27.502786],[77.4823612,27.5027723],[77.482323,27.5027428],[77.4822604,27.5026779],[77.482139,27.5025597],[77.4820851,27.5025212],[77.4820125,27.5024868],[77.4819278,27.5024748],[77.4811102,27.5025481],[77.4809464,27.5025628],[77.4799714,27.5025677],[77.4794322,27.5024951],[77.4784505,27.5022953],[77.4777022,27.5021454],[77.4774286,27.5021097],[77.4769002,27.5021549],[77.4762154,27.5023509],[77.4758702,27.5024578],[77.475721,27.502497],[77.4755743,27.5025128],[77.4754303,27.5025068],[77.4750717,27.5024235],[77.4748734,27.5023784],[77.4742451,27.5022354],[77.4741375,27.5022073],[77.4732229,27.50203],[77.471843,27.5016722],[77.4717021,27.5016214],[77.4715361,27.501543],[77.4713619,27.5014938],[77.4712353,27.5014902],[77.4710658,27.5015145],[77.4708054,27.5015973]]}},{"type":"Feature","properties":{"kind":"road","name":"","class":"unclassified"},"geometry":{"type":"LineString","coordinates":[[77.4848783,27.5037215],[77.484735,27.5036513]]}},{"type":"Feature","properties":{"kind":"road","name":"","class":"service"},"geometry":{"type":"LineString","coordinates":[[77.4887266,27.5056051],[77.4887263,27.5053051]]}},{"type":"Feature","properties":{"kind":"road","name":"","class":"service"},"geometry":{"type":"LineString","coordinates":[[77.4892889,27.5027242],[77.4897437,27.5027691]]}},{"type":"Feature","properties":{"kind":"road","name":"","class":"residential"},"geometry":{"type":"LineString","coordinates":[[77.4801068,27.5040947],[77.4803175,27.5039843],[77.4804543,27.5038985],[77.480464,27.5038896],[77.4804673,27.5038755],[77.4803972,27.5037376],[77.480351,27.5036556],[77.480339,27.5036464],[77.4803223,27.5036436],[77.4802383,27.5036444]]}},{"type":"Feature","properties":{"kind":"road","name":"","class":"residential"},"geometry":{"type":"LineString","coordinates":[[77.4815529,27.5046338],[77.4814222,27.504122],[77.4813482,27.5038832],[77.481317,27.5037826],[77.4812469,27.5035196],[77.4812086,27.5033924],[77.4811831,27.5032793],[77.4811608,27.5031209],[77.4811102,27.5025481]]}},{"type":"Feature","properties":{"kind":"road","name":"","class":"residential"},"geometry":{"type":"LineString","coordinates":[[77.481903,27.5039682],[77.4818602,27.5038255],[77.4818414,27.5037994],[77.4818065,27.5037803],[77.4817556,27.5037827],[77.4813482,27.5038832]]}},{"type":"Feature","properties":{"kind":"road","name":"","class":"service"},"geometry":{"type":"LineString","coordinates":[[77.4937831,27.515879],[77.494395,27.5162847]]}},{"type":"Feature","properties":{"kind":"road","name":"","class":"residential"},"geometry":{"type":"LineString","coordinates":[[77.4907825,27.5198317],[77.4905273,27.520004],[77.4905109,27.5200365],[77.4905126,27.5200785],[77.4907523,27.5205511],[77.4907688,27.5205837],[77.4908038,27.5206023],[77.4908553,27.520601],[77.4911538,27.5204909],[77.4912743,27.5204691],[77.4916114,27.5203936],[77.4917576,27.5203631],[77.4919375,27.5203256],[77.4921035,27.5202876],[77.4921674,27.5202679],[77.4922693,27.5202441],[77.4926063,27.5201196]]}},{"type":"Feature","properties":{"kind":"road","name":"","class":"residential"},"geometry":{"type":"LineString","coordinates":[[77.4907251,27.5193294],[77.4905893,27.5190113],[77.4904941,27.5188358],[77.4904835,27.5188163],[77.4903715,27.5185424],[77.4902811,27.5183037],[77.4902767,27.5182589],[77.4902813,27.5182183],[77.4903012,27.5181872],[77.4903107,27.5181646],[77.4903115,27.5181363],[77.4902996,27.518084],[77.4902669,27.5179207],[77.4902167,27.5177115],[77.4901845,27.5175886],[77.4901466,27.5174436],[77.4900918,27.5172617]]}},{"type":"Feature","properties":{"kind":"road","name":"","class":"residential"},"geometry":{"type":"LineString","coordinates":[[77.4898037,27.5176333],[77.4898493,27.5177343],[77.4898801,27.5178235],[77.4899311,27.5179745],[77.4899726,27.5181076],[77.4900102,27.5182146],[77.4900222,27.5182407],[77.4900383,27.518255],[77.4900624,27.5182598],[77.4901161,27.5182479],[77.4902813,27.5182183]]}},{"type":"Feature","properties":{"kind":"road","name":"Chhatikara-Govardan Road","class":"tertiary"},"geometry":{"type":"LineString","coordinates":[[77.4878696,27.5202643],[77.4877011,27.5201468]]}},{"type":"Feature","properties":{"kind":"road","name":"Chhatikara-Govardan Road","class":"tertiary"},"geometry":{"type":"LineString","coordinates":[[77.4877011,27.5201468],[77.4875236,27.5199486],[77.4870528,27.5194239],[77.4868217,27.5191541],[77.4860715,27.5183335],[77.4855582,27.5178247],[77.4842281,27.5165914],[77.4841055,27.5164718],[77.4838296,27.5162024],[77.4836945,27.5160719],[77.4833473,27.5157364],[77.4832252,27.5156185],[77.4830554,27.5154545],[77.4828551,27.515261],[77.4826208,27.5150346],[77.4815632,27.5140167],[77.4806353,27.5131372],[77.4803966,27.5129271],[77.4800757,27.5126445],[77.4797258,27.5123496],[77.4793478,27.5119964],[77.4792112,27.5118576],[77.4790781,27.5116913],[77.478959,27.5115085],[77.4784401,27.510474],[77.4783915,27.5103696],[77.4781806,27.509962],[77.4781214,27.5098639],[77.4780771,27.5097904],[77.4779999,27.5096648],[77.4779602,27.5096086],[77.4779029,27.5095274],[77.4778059,27.5094024],[77.4771565,27.5085878],[77.4769037,27.5083007],[77.4767467,27.5081428],[77.4765475,27.5079809],[77.4764044,27.5078772],[77.476252,27.5077902],[77.4760288,27.507672],[77.4754417,27.5074199],[77.4753313,27.5073719],[77.474645,27.5070479],[77.4736575,27.5064791],[77.4734517,27.5063385],[77.4725944,27.5057235],[77.4723776,27.5055377],[77.4722532,27.5054173],[77.4721054,27.5052639],[77.471931,27.5050883],[77.4711158,27.5041593],[77.4696649,27.5025451],[77.4696051,27.5024786],[77.4694989,27.5023473],[77.469402,27.5022035],[77.4688604,27.5012801],[77.4681601,27.5004947],[77.4677213,27.5001163],[77.4675895,27.5000026],[77.4672827,27.4997379],[77.4672402,27.4996905],[77.4663884,27.4987402],[77.4661702,27.4984923],[77.4660573,27.4981773],[77.4658633,27.4975565],[77.4658121,27.497393],[77.4657059,27.4972104],[77.4656809,27.4971389],[77.4655809,27.4967077],[77.4654519,27.4961513],[77.4654306,27.4960598],[77.4654035,27.4958966],[77.4654095,27.4958278],[77.4654441,27.49569],[77.4656111,27.4952372],[77.4656516,27.4950843],[77.4657233,27.4948137],[77.4657372,27.4947612],[77.4657422,27.4947397],[77.4657878,27.4945439],[77.4658267,27.4944333],[77.4658428,27.4943607],[77.4658616,27.4942857],[77.4658776,27.4942262]]}},{"type":"Feature","properties":{"kind":"road","name":"","class":"residential"},"geometry":{"type":"LineString","coordinates":[[77.4878965,27.5202841],[77.4879563,27.5201807],[77.4879999,27.5201067],[77.4880473,27.5199907],[77.4881734,27.519794],[77.4883787,27.5195213],[77.4885719,27.5192704],[77.488988,27.5187155],[77.4889959,27.518705],[77.4893307,27.5182611],[77.4896012,27.5179001],[77.4898037,27.5176333],[77.4899591,27.5174281],[77.4900918,27.5172617],[77.490578,27.5166224]]}},{"type":"Feature","properties":{"kind":"road","name":"","class":"residential"},"geometry":{"type":"LineString","coordinates":[[77.4898493,27.5177343],[77.4901845,27.5175886]]}},{"type":"Feature","properties":{"kind":"road","name":"","class":"residential"},"geometry":{"type":"LineString","coordinates":[[77.488988,27.5187155],[77.4890556,27.5187927],[77.4890928,27.5188515],[77.4891852,27.5190322],[77.4893246,27.5192771],[77.4893434,27.5193044],[77.4893595,27.5193116],[77.4893863,27.5193104],[77.4894734,27.5192759],[77.4901235,27.5190013],[77.4904941,27.5188358]]}},{"type":"Feature","properties":{"kind":"road","name":"","class":"residential"},"geometry":{"type":"LineString","coordinates":[[77.4898793,27.5193424],[77.4900637,27.5197194]]}},{"type":"Feature","properties":{"kind":"road","name":"","class":"residential"},"geometry":{"type":"LineString","coordinates":[[77.4837916,27.5167534],[77.4841055,27.5164718]]}},{"type":"Feature","properties":{"kind":"road","name":"","class":"residential"},"geometry":{"type":"LineString","coordinates":[[77.4797258,27.5123496],[77.4800789,27.5121006],[77.4802397,27.5119881],[77.4803385,27.5119189],[77.4805567,27.5117798],[77.4806113,27.511745],[77.4807601,27.511641],[77.4808268,27.5115959],[77.4808978,27.511571],[77.4811251,27.5115147],[77.4813925,27.5114485],[77.4815141,27.5114188],[77.4818874,27.5113276],[77.4820068,27.5112984],[77.4820192,27.5112904],[77.4820282,27.5112724],[77.4820304,27.5112524],[77.4820124,27.5111765],[77.4819315,27.5109705],[77.4819247,27.5109532],[77.4818377,27.5106468]]}},{"type":"Feature","properties":{"kind":"road","name":"","class":"residential"},"geometry":{"type":"LineString","coordinates":[[77.4818874,27.5113276],[77.4819546,27.5115772],[77.4820519,27.5119392],[77.4821427,27.5122403],[77.4821634,27.512328],[77.4821587,27.5123492],[77.4821459,27.5123675],[77.4821172,27.5123859],[77.4820359,27.5124099],[77.4819451,27.5124382],[77.4818123,27.5124612],[77.4814796,27.5125188],[77.4814509,27.5125202],[77.4814334,27.5125103],[77.4814274,27.5124991],[77.481419,27.5124835],[77.4812654,27.5119854],[77.4811251,27.5115147]]}},{"type":"Feature","properties":{"kind":"road","name":"","class":"residential"},"geometry":{"type":"LineString","coordinates":[[77.4818123,27.5124612],[77.4817298,27.5121294],[77.4815141,27.5114188]]}},{"type":"Feature","properties":{"kind":"road","name":"","class":"residential"},"geometry":{"type":"LineString","coordinates":[[77.4800464,27.5112584],[77.4801838,27.5113971],[77.4804405,27.511665],[77.4805567,27.5117798],[77.4810005,27.5122334],[77.4810451,27.5122813],[77.4810489,27.5122956],[77.4810498,27.5123183],[77.4810498,27.5123326],[77.4810318,27.5123629],[77.4809219,27.5124469],[77.4807377,27.5125825],[77.480725,27.5125985],[77.4807168,27.5126213],[77.4807067,27.5126403],[77.4806849,27.512668],[77.4806091,27.5127479],[77.4803966,27.5129271]]}},{"type":"Feature","properties":{"kind":"road","name":"","class":"residential"},"geometry":{"type":"LineString","coordinates":[[77.4802397,27.5119881],[77.479936,27.5116468],[77.4799152,27.5116171],[77.4799152,27.5115988],[77.4799296,27.5115804],[77.4801838,27.5113971],[77.4804186,27.5112271],[77.4804346,27.5112034],[77.4804373,27.5111808],[77.4804306,27.5111487],[77.4803783,27.511094],[77.4803649,27.5110726],[77.4803609,27.5110536],[77.4803703,27.5110322],[77.4803971,27.5110131],[77.4804829,27.5109894],[77.4811649,27.5108138],[77.4812583,27.5107926],[77.4814519,27.5107488],[77.4817978,27.5106597],[77.4818377,27.5106468],[77.4819444,27.5106173],[77.4821006,27.5105833],[77.4823111,27.510524],[77.4823397,27.5105141],[77.4823573,27.5105141],[77.4823748,27.5105226],[77.4825039,27.5106625],[77.4826092,27.5107839],[77.4826841,27.5108703]]}},{"type":"Feature","properties":{"kind":"road","name":"","class":"residential"},"geometry":{"type":"LineString","coordinates":[[77.4826092,27.5107839],[77.4819315,27.5109705],[77.4813171,27.5111116],[77.4808932,27.5112296],[77.4806564,27.5112884],[77.4806269,27.5112956],[77.4806001,27.5112956],[77.480576,27.5112837],[77.4804373,27.5111808]]}},{"type":"Feature","properties":{"kind":"road","name":"","class":"residential"},"geometry":{"type":"LineString","coordinates":[[77.4813171,27.5111116],[77.4812583,27.5107926]]}},{"type":"Feature","properties":{"kind":"road","name":"","class":"residential"},"geometry":{"type":"LineString","coordinates":[[77.4809543,27.5130734],[77.480975,27.512996],[77.4810005,27.5129437],[77.4810675,27.5128419],[77.4811701,27.5127016],[77.4812572,27.512616],[77.481351,27.5125447],[77.4814274,27.5124991]]}},{"type":"Feature","properties":{"kind":"road","name":"","class":"residential"},"geometry":{"type":"LineString","coordinates":[[77.4828551,27.515261],[77.4830376,27.5151528],[77.4832082,27.5150637],[77.4832433,27.5150485],[77.483394,27.514983],[77.4834557,27.5149532],[77.4837414,27.5148152],[77.4837493,27.5148042],[77.4837572,27.5147852],[77.4837527,27.5147692],[77.4837335,27.5147322],[77.4836456,27.5145937],[77.4835731,27.5144794]]}},{"type":"Feature","properties":{"kind":"road","name":"","class":"residential"},"geometry":{"type":"LineString","coordinates":[[77.4833331,27.5147533],[77.4834557,27.5149532]]}},{"type":"Feature","properties":{"kind":"road","name":"","class":"residential"},"geometry":{"type":"LineString","coordinates":[[77.4832252,27.5156185],[77.4833941,27.5154829],[77.4834228,27.5154602],[77.4834339,27.5154433],[77.4834451,27.5154178],[77.4834387,27.515398],[77.4834119,27.5153511],[77.483354,27.5152648],[77.483275,27.515147],[77.4832082,27.5150637]]}},{"type":"Feature","properties":{"kind":"road","name":"","class":"residential"},"geometry":{"type":"LineString","coordinates":[[77.4830554,27.5154545],[77.483354,27.5152648],[77.4834918,27.5151935]]}},{"type":"Feature","properties":{"kind":"road","name":"","class":"residential"},"geometry":{"type":"LineString","coordinates":[[77.483083,27.5147651],[77.483148,27.5148402],[77.4831622,27.5148495],[77.4831803,27.5148503],[77.4831973,27.5148465],[77.4832343,27.5148234],[77.4833331,27.5147533],[77.4833547,27.514741],[77.4836456,27.5145937]]}},{"type":"Feature","properties":{"kind":"road","name":"","class":"residential"},"geometry":{"type":"LineString","coordinates":[[77.4830456,27.5147869],[77.4831687,27.5149461],[77.4832433,27.5150485]]}},{"type":"Feature","properties":{"kind":"road","name":"","class":"residential"},"geometry":{"type":"LineString","coordinates":[[77.4836945,27.5160719],[77.483942,27.5158893],[77.4843756,27.5156631],[77.4846708,27.5155245],[77.4848092,27.5154595]]}},{"type":"Feature","properties":{"kind":"road","name":"","class":"residential"},"geometry":{"type":"LineString","coordinates":[[77.4846708,27.5155245],[77.4849003,27.5158518]]}},{"type":"Feature","properties":{"kind":"road","name":"","class":"residential"},"geometry":{"type":"LineString","coordinates":[[77.4833473,27.5157364],[77.4835467,27.5156347],[77.4840206,27.5154262]]}},{"type":"Feature","properties":{"kind":"road","name":"","class":"residential"},"geometry":{"type":"LineString","coordinates":[[77.4900092,27.5219196],[77.4902921,27.5218231],[77.4907648,27.5216972]]}},{"type":"Feature","properties":{"kind":"road","name":"","class":"residential"},"geometry":{"type":"LineString","coordinates":[[77.4901912,27.5225794],[77.4902889,27.5225129],[77.4902983,27.5224998],[77.490301,27.5224808],[77.4902665,27.5224075],[77.4902501,27.5223726],[77.4902186,27.5222977],[77.4901618,27.522163]]}},{"type":"Feature","properties":{"kind":"road","name":"","class":"residential"},"geometry":{"type":"LineString","coordinates":[[77.4899974,27.5224355],[77.4902186,27.5222977]]}},{"type":"Feature","properties":{"kind":"road","name":"","class":"residential"},"geometry":{"type":"LineString","coordinates":[[77.4897381,27.5221587],[77.4900537,27.5219802]]}},{"type":"Feature","properties":{"kind":"road","name":"","class":"residential"},"geometry":{"type":"LineString","coordinates":[[77.4897039,27.522122],[77.4896951,27.5219614],[77.4896743,27.5218505],[77.4896553,27.5218068],[77.4896293,27.521788]]}},{"type":"Feature","properties":{"kind":"road","name":"","class":"residential"},"geometry":{"type":"LineString","coordinates":[[77.4887317,27.5211597],[77.4891451,27.5209349]]}},{"type":"Feature","properties":{"kind":"road","name":"","class":"residential"},"geometry":{"type":"LineString","coordinates":[[77.4893625,27.5209639],[77.4895879,27.5209119],[77.4896096,27.520908],[77.4897434,27.5208539],[77.4900365,27.5207339],[77.4904602,27.5205683],[77.4905058,27.5205469],[77.4905192,27.5205457],[77.4905313,27.5205529],[77.490546,27.5205778],[77.4905581,27.5205897],[77.4905782,27.5205945],[77.4906265,27.5205838],[77.4907523,27.5205511]]}},{"type":"Feature","properties":{"kind":"road","name":"","class":"residential"},"geometry":{"type":"LineString","coordinates":[[77.4901534,27.5214871],[77.4899926,27.5215496],[77.4898387,27.5216048],[77.4898039,27.5216184]]}},{"type":"Feature","properties":{"kind":"road","name":"","class":"residential"},"geometry":{"type":"LineString","coordinates":[[77.489635,27.5214716],[77.4897154,27.5215156],[77.4897676,27.5215656],[77.4897944,27.5215977],[77.4898039,27.5216184],[77.4898119,27.5216619],[77.4898357,27.5217734]]}},{"type":"Feature","properties":{"kind":"road","name":"","class":"residential"},"geometry":{"type":"LineString","coordinates":[[77.4893244,27.5214417],[77.4894662,27.5216735],[77.4894764,27.5216854],[77.489492,27.5216885],[77.489517,27.5216846],[77.4895322,27.5216846],[77.4895416,27.521693],[77.4895824,27.521772],[77.4896138,27.5218319]]}},{"type":"Feature","properties":{"kind":"road","name":"","class":"residential"},"geometry":{"type":"LineString","coordinates":[[77.4902983,27.5224998],[77.4903227,27.5224972],[77.4903442,27.52249],[77.4904179,27.522446],[77.4905881,27.522364],[77.4907544,27.5222927],[77.4909252,27.5222411]]}},{"type":"Feature","properties":{"kind":"road","name":"","class":"residential"},"geometry":{"type":"LineString","coordinates":[[77.4902665,27.5224075],[77.4903542,27.5223744],[77.49043,27.522329],[77.4904427,27.5223217],[77.4905513,27.5222601],[77.4906612,27.5222231],[77.4909025,27.5221616]]}},{"type":"Feature","properties":{"kind":"road","name":"","class":"residential"},"geometry":{"type":"LineString","coordinates":[[77.4902822,27.5221695],[77.490356,27.5222399],[77.4904427,27.5223217]]}},{"type":"Feature","properties":{"kind":"road","name":"","class":"residential"},"geometry":{"type":"LineString","coordinates":[[77.490165,27.5216775],[77.4902277,27.5216542],[77.4904074,27.5215876],[77.4907325,27.5214966]]}},{"type":"Feature","properties":{"kind":"road","name":"","class":"residential"},"geometry":{"type":"LineString","coordinates":[[77.4902916,27.521232],[77.4907003,27.5211149]]}},{"type":"Feature","properties":{"kind":"road","name":"","class":"residential"},"geometry":{"type":"LineString","coordinates":[[77.4909527,27.5210613],[77.4910626,27.5207742]]}},{"type":"Feature","properties":{"kind":"road","name":"","class":"residential"},"geometry":{"type":"LineString","coordinates":[[77.4899926,27.5215496],[77.4898984,27.5213704],[77.489892,27.5213478],[77.4899016,27.5213309],[77.4899191,27.5213167],[77.4899287,27.5212998],[77.4899239,27.5212658],[77.4899028,27.5211863]]}},{"type":"Feature","properties":{"kind":"road","name":"","class":"living_street"},"geometry":{"type":"LineString","coordinates":[[77.4896306,27.5210755],[77.489635,27.5214716],[77.4896379,27.521521],[77.4896307,27.5217058],[77.4896298,27.5217566],[77.4896293,27.521788],[77.4896236,27.5218175],[77.4896138,27.5218319],[77.4896081,27.5218402],[77.4895588,27.5218805],[77.4894678,27.5219486]]}},{"type":"Feature","properties":{"kind":"road","name":"","class":"residential"},"geometry":{"type":"LineString","coordinates":[[77.489039,27.5223052],[77.4894068,27.5220782]]}},{"type":"Feature","properties":{"kind":"road","name":"","class":"residential"},"geometry":{"type":"LineString","coordinates":[[77.4888489,27.5220712],[77.4893006,27.5218171]]}},{"type":"Feature","properties":{"kind":"road","name":"","class":"residential"},"geometry":{"type":"LineString","coordinates":[[77.4902277,27.5216542],[77.4901534,27.5214871],[77.4901399,27.5214567],[77.4901057,27.5213843],[77.4900923,27.5213593],[77.4900681,27.5213403],[77.4900293,27.5213225],[77.4899783,27.5213118],[77.4899287,27.5212998]]}},{"type":"Feature","properties":{"kind":"road","name":"","class":"residential"},"geometry":{"type":"LineString","coordinates":[[77.4907804,27.521749],[77.4908738,27.5217414],[77.4908885,27.5217486],[77.4908912,27.5217605],[77.4908979,27.5217724],[77.4909126,27.5217819],[77.4909287,27.5217866],[77.4910293,27.5217807],[77.491237,27.5217783]]}},{"type":"Feature","properties":{"kind":"road","name":"","class":"residential"},"geometry":{"type":"LineString","coordinates":[[77.4920613,27.5212378],[77.4920015,27.5209166]]}},{"type":"Feature","properties":{"kind":"road","name":"","class":"residential"},"geometry":{"type":"LineString","coordinates":[[77.4924759,27.5229113],[77.4923445,27.5225094],[77.4921833,27.5220307]]}},{"type":"Feature","properties":{"kind":"road","name":"","class":"residential"},"geometry":{"type":"LineString","coordinates":[[77.4926713,27.5226014],[77.4924595,27.5219518]]}},{"type":"Feature","properties":{"kind":"road","name":"","class":"residential"},"geometry":{"type":"LineString","coordinates":[[77.4911874,27.519055],[77.4914441,27.5195011],[77.4916425,27.519803],[77.4917034,27.519897],[77.4917147,27.519935],[77.4917102,27.519969],[77.4916944,27.520003],[77.4916854,27.5200349],[77.4916854,27.5200789],[77.4917576,27.5203631]]}},{"type":"Feature","properties":{"kind":"road","name":"","class":"residential"},"geometry":{"type":"LineString","coordinates":[[77.4916944,27.520003],[77.4919356,27.519949],[77.4919784,27.519949],[77.4920122,27.519963],[77.4920235,27.519991],[77.4921035,27.5202876],[77.4922339,27.5206739]]}},{"type":"Feature","properties":{"kind":"road","name":"","class":"residential"},"geometry":{"type":"LineString","coordinates":[[77.494707,27.5223115],[77.4949793,27.5222801],[77.4950799,27.5222709],[77.4951467,27.5222769],[77.4952095,27.5222746],[77.4952402,27.5222735],[77.4961183,27.5221661]]}},{"type":"Feature","properties":{"kind":"road","name":"","class":"residential"},"geometry":{"type":"LineString","coordinates":[[77.4946316,27.5223256],[77.494707,27.5223115]]}},{"type":"Feature","properties":{"kind":"road","name":"","class":"residential"},"geometry":{"type":"LineString","coordinates":[[77.4956269,27.5236852],[77.4954768,27.5231701],[77.4954334,27.5230625],[77.4954127,27.5229971],[77.495401,27.52296],[77.495307,27.5226318],[77.4952816,27.5225431],[77.4952095,27.5222746]]}},{"type":"Feature","properties":{"kind":"road","name":"","class":"residential"},"geometry":{"type":"LineString","coordinates":[[77.4950799,27.5222709],[77.494995,27.5219538],[77.4949846,27.5219153],[77.49488,27.521528],[77.4947606,27.5210262],[77.4945937,27.5204604],[77.4945734,27.5203734],[77.4945734,27.5203474],[77.4945836,27.5203244],[77.4946084,27.5203055],[77.4946388,27.5202975],[77.4954891,27.5201545]]}},{"type":"Feature","properties":{"kind":"road","name":"","class":"residential"},"geometry":{"type":"LineString","coordinates":[[77.4949846,27.5219153],[77.4953639,27.5218569],[77.495815,27.5217877],[77.4959649,27.5217608],[77.4959952,27.5217636],[77.4960239,27.5217877],[77.4960462,27.52184],[77.4961099,27.5221368],[77.4961183,27.5221661],[77.4962024,27.5224592],[77.4961944,27.522486],[77.4961737,27.5225002],[77.4961354,27.5225086],[77.4961088,27.5225123],[77.495307,27.5226318]]}},{"type":"Feature","properties":{"kind":"road","name":"","class":"residential"},"geometry":{"type":"LineString","coordinates":[[77.4954127,27.5229971],[77.4956885,27.5229554],[77.4960089,27.5229055],[77.4960392,27.522897],[77.496054,27.522883],[77.4960582,27.5228645],[77.4960535,27.5228249],[77.4960503,27.522786],[77.4960487,27.5227358],[77.4960551,27.5226779],[77.4960711,27.5226001],[77.4961088,27.5225123]]}},{"type":"Feature","properties":{"kind":"road","name":"","class":"service"},"geometry":{"type":"LineString","coordinates":[[77.498858,27.5191494],[77.4991716,27.5188768],[77.4996648,27.5185155]]}},{"type":"Feature","properties":{"kind":"road","name":"","class":"residential"},"geometry":{"type":"LineString","coordinates":[[77.4950482,27.5154526],[77.4959534,27.5159803],[77.4962961,27.5161663]]}},{"type":"Feature","properties":{"kind":"road","name":"","class":"residential"},"geometry":{"type":"LineString","coordinates":[[77.4961066,27.5092186],[77.4961878,27.5091986],[77.4962768,27.5091786],[77.4964166,27.5091646],[77.4966161,27.5091426],[77.4968077,27.5091366],[77.4969351,27.5091376],[77.4970534,27.5091386],[77.4971312,27.5091566],[77.4971861,27.5091807]]}},{"type":"Feature","properties":{"kind":"road","name":"","class":"residential"},"geometry":{"type":"LineString","coordinates":[[77.4967274,27.5095112],[77.497025,27.5094557],[77.4971046,27.509444],[77.4972651,27.5093968]]}},{"type":"Feature","properties":{"kind":"road","name":"","class":"residential"},"geometry":{"type":"LineString","coordinates":[[77.4968077,27.5091366],[77.4968106,27.5089125],[77.4968016,27.5088685],[77.4967904,27.5088515],[77.4967723,27.5088415],[77.4966754,27.5088305],[77.4966575,27.5088228],[77.4966504,27.5088022],[77.4966546,27.5087806],[77.496661,27.5087396],[77.4966833,27.5086817],[77.4967104,27.5086166],[77.4967662,27.5085247],[77.4968061,27.5084738],[77.4968762,27.5084131],[77.4969623,27.5083466],[77.4971233,27.5082448],[77.4972795,27.5081571],[77.497394,27.5080914],[77.4975637,27.5079911]]}},{"type":"Feature","properties":{"kind":"road","name":"","class":"residential"},"geometry":{"type":"LineString","coordinates":[[77.4973094,27.5078333],[77.4974425,27.5076952],[77.4975823,27.5075493],[77.4976494,27.507487],[77.4977158,27.5074416],[77.497839,27.5073609],[77.4979944,27.5072768],[77.498054,27.5072422]]}},{"type":"Feature","properties":{"kind":"road","name":"","class":"residential"},"geometry":{"type":"LineString","coordinates":[[77.4979736,27.5069406],[77.4980367,27.5071805],[77.498054,27.5072422],[77.4981089,27.5074385]]}},{"type":"Feature","properties":{"kind":"road","name":"","class":"residential"},"geometry":{"type":"LineString","coordinates":[[77.498087,27.5082161],[77.4981877,27.5084351],[77.4983148,27.508708],[77.4983861,27.508861],[77.4983763,27.5088779],[77.4983673,27.5088879],[77.4982636,27.5089479],[77.4982444,27.5089539],[77.498232,27.5089509],[77.4982174,27.5089369],[77.4981406,27.5088338]]}},{"type":"Feature","properties":{"kind":"road","name":"","class":"residential"},"geometry":{"type":"LineString","coordinates":[[77.4977413,27.50914],[77.4979019,27.5092921],[77.4979227,27.5092983],[77.4979434,27.5092935],[77.4979705,27.5092836],[77.497996,27.509285],[77.498024,27.5093017],[77.4980358,27.5093048],[77.4980497,27.5093021],[77.4981251,27.5092582],[77.4981729,27.5092214],[77.4981934,27.5092186],[77.4982128,27.5092285],[77.4982509,27.5092639],[77.4983172,27.5093423],[77.4983546,27.5093928],[77.4984245,27.5095088],[77.4985114,27.5096597],[77.4985259,27.5096848],[77.498569,27.5097673]]}},{"type":"Feature","properties":{"kind":"road","name":"","class":"residential"},"geometry":{"type":"LineString","coordinates":[[77.4979705,27.5092836],[77.4979228,27.5093563],[77.4979106,27.5093889],[77.4979074,27.5094186],[77.4979074,27.5094441],[77.4979202,27.5094738],[77.4979569,27.5095261],[77.4980031,27.5095685],[77.4980653,27.5096137],[77.4981481,27.5096646],[77.4981658,27.5096694],[77.4981896,27.5096759],[77.4982247,27.5096774],[77.4982932,27.509666],[77.498336,27.5096632],[77.4983793,27.5096604],[77.4985114,27.5096597]]}},{"type":"Feature","properties":{"kind":"road","name":"","class":"residential"},"geometry":{"type":"LineString","coordinates":[[77.4981273,27.5094139],[77.498336,27.5096632]]}},{"type":"Feature","properties":{"kind":"road","name":"","class":"residential"},"geometry":{"type":"LineString","coordinates":[[77.4978628,27.5098667],[77.49796,27.5097819],[77.4979767,27.5097755],[77.4979883,27.5097768],[77.4980102,27.5097993],[77.4982982,27.5101034]]}},{"type":"Feature","properties":{"kind":"road","name":"","class":"residential"},"geometry":{"type":"LineString","coordinates":[[77.49725,27.5093694],[77.4974271,27.5092725],[77.4974404,27.5092699],[77.4974574,27.5092733],[77.4974915,27.5093162],[77.4975048,27.509328],[77.4975181,27.5093322],[77.4975323,27.5093288],[77.4975484,27.5093195],[77.4976311,27.5092622],[77.4976479,27.5092506],[77.4976968,27.5092169],[77.4977117,27.5092012],[77.4977185,27.509182],[77.4977293,27.5091522],[77.4977413,27.50914],[77.4979612,27.5089725]]}},{"type":"Feature","properties":{"kind":"road","name":"","class":"residential"},"geometry":{"type":"LineString","coordinates":[[77.4975962,27.508459],[77.4977152,27.5086217],[77.4977344,27.5086477],[77.4977445,27.5086542],[77.4977547,27.5086542],[77.4977666,27.5086499],[77.4977794,27.5086511],[77.4977894,27.5086583],[77.4978627,27.5087438]]}},{"type":"Feature","properties":{"kind":"road","name":"","class":"residential"},"geometry":{"type":"LineString","coordinates":[[77.4983172,27.5093423],[77.4985595,27.5091997],[77.4985707,27.5091962],[77.4985834,27.5091997],[77.4986065,27.5092238],[77.4986161,27.509228],[77.4986257,27.509228],[77.4986934,27.5092259],[77.4987133,27.5092217],[77.4987309,27.5092146],[77.4989567,27.5090997]]}},{"type":"Feature","properties":{"kind":"road","name":"","class":"residential"},"geometry":{"type":"LineString","coordinates":[[77.4976311,27.5092622],[77.4974975,27.5090524],[77.4974823,27.5090406],[77.4974692,27.5090366],[77.4974459,27.5090457],[77.4974311,27.5090387],[77.4974156,27.5090221],[77.4973471,27.5089393],[77.4973326,27.5089305]]}},{"type":"Feature","properties":{"kind":"road","name":"","class":"residential"},"geometry":{"type":"LineString","coordinates":[[77.4973471,27.5089393],[77.4974677,27.5088867],[77.497536,27.5088615],[77.4975436,27.5088615],[77.4975559,27.5088666],[77.4975919,27.5088968],[77.4976346,27.5089363]]}},{"type":"Feature","properties":{"kind":"road","name":"","class":"residential"},"geometry":{"type":"LineString","coordinates":[[77.4984918,27.5098632],[77.4987228,27.5100232]]}},{"type":"Feature","properties":{"kind":"road","name":"","class":"residential"},"geometry":{"type":"LineString","coordinates":[[77.4981065,27.5079243],[77.4982403,27.5080809],[77.4982801,27.5081146],[77.4984109,27.5082003]]}},{"type":"Feature","properties":{"kind":"road","name":"","class":"residential"},"geometry":{"type":"LineString","coordinates":[[77.4986005,27.5085754],[77.4987266,27.5084384]]}},{"type":"Feature","properties":{"kind":"road","name":"","class":"residential"},"geometry":{"type":"LineString","coordinates":[[77.4985783,27.5090567],[77.4987309,27.5092146]]}},{"type":"Feature","properties":{"kind":"road","name":"","class":"residential"},"geometry":{"type":"LineString","coordinates":[[77.4986811,27.5096655],[77.4987579,27.5097636],[77.4987962,27.5098156],[77.4988548,27.5098916]]}},{"type":"Feature","properties":{"kind":"road","name":"","class":"residential"},"geometry":{"type":"LineString","coordinates":[[77.4989374,27.5095111],[77.4990356,27.5096029],[77.4990664,27.5096362],[77.4990919,27.5096719],[77.499112,27.509723],[77.4991187,27.5097492]]}},{"type":"Feature","properties":{"kind":"road","name":"","class":"residential"},"geometry":{"type":"LineString","coordinates":[[77.4983494,27.5075605],[77.4985322,27.5076439],[77.4986026,27.5077022],[77.4986542,27.5077545],[77.4986929,27.5078041]]}},{"type":"Feature","properties":{"kind":"road","name":"","class":"residential"},"geometry":{"type":"LineString","coordinates":[[77.4971663,27.5085587],[77.4972763,27.5085715],[77.4973337,27.5085814],[77.4974123,27.5086044]]}},{"type":"Feature","properties":{"kind":"road","name":"","class":"residential"},"geometry":{"type":"LineString","coordinates":[[77.4980102,27.5097993],[77.4981658,27.5096694]]}},{"type":"Feature","properties":{"kind":"road","name":"","class":"residential"},"geometry":{"type":"LineString","coordinates":[[77.4976828,27.5098963],[77.4977969,27.5097875],[77.4978511,27.509736]]}},{"type":"Feature","properties":{"kind":"road","name":"","class":"residential"},"geometry":{"type":"LineString","coordinates":[[77.4975262,27.5097085],[77.4976136,27.5096398],[77.4976296,27.5096374],[77.4976564,27.5096553],[77.4977969,27.5097875]]}},{"type":"Feature","properties":{"kind":"road","name":"","class":"residential"},"geometry":{"type":"LineString","coordinates":[[77.4979689,27.5088359],[77.4979929,27.5088641],[77.4980278,27.5089004],[77.4980358,27.5089039],[77.4980432,27.5089039],[77.4980559,27.508899],[77.4981406,27.5088338],[77.4982139,27.5087741],[77.4983148,27.508708]]}},{"type":"Feature","properties":{"kind":"road","name":"","class":"residential"},"geometry":{"type":"LineString","coordinates":[[77.4983861,27.508861],[77.4984304,27.5088638],[77.4984552,27.5088608],[77.4984789,27.5088538],[77.4984958,27.5088503],[77.4985102,27.5088519],[77.4985217,27.5088558],[77.4985566,27.5089008],[77.498569,27.5089208]]}},{"type":"Feature","properties":{"kind":"road","name":"","class":"residential"},"geometry":{"type":"LineString","coordinates":[[77.4976572,27.5102609],[77.497819,27.5101573]]}},{"type":"Feature","properties":{"kind":"road","name":"","class":"residential"},"geometry":{"type":"LineString","coordinates":[[77.4978853,27.5112643],[77.4981155,27.5115654]]}},{"type":"Feature","properties":{"kind":"road","name":"","class":"residential"},"geometry":{"type":"LineString","coordinates":[[77.4979726,27.5111483],[77.4981471,27.5112695],[77.4981741,27.5112955],[77.4982057,27.5113535],[77.4984627,27.5117634]]}},{"type":"Feature","properties":{"kind":"road","name":"","class":"residential"},"geometry":{"type":"LineString","coordinates":[[77.498627,27.5121798],[77.4986495,27.5119998],[77.4986473,27.5119339],[77.4986495,27.5118439],[77.4986293,27.5117579],[77.4985932,27.5116599],[77.4985632,27.5115988],[77.498488,27.511436],[77.4984518,27.5113729],[77.4984223,27.5112957],[77.4984035,27.5112208],[77.4983687,27.5111209],[77.498307,27.5109711],[77.4982695,27.510895],[77.4982199,27.5108035],[77.4981621,27.5107269],[77.4981124,27.5106824]]}},{"type":"Feature","properties":{"kind":"road","name":"","class":"residential"},"geometry":{"type":"LineString","coordinates":[[77.4973866,27.5115125],[77.4973701,27.5114892],[77.4973516,27.5114658],[77.4973222,27.5114271],[77.4973147,27.5113986],[77.4973147,27.5113633],[77.4973241,27.5113195],[77.4973431,27.5112708],[77.4973848,27.511217],[77.4976786,27.5109295],[77.4977165,27.5108959],[77.4977412,27.510879],[77.4977772,27.5108605],[77.497817,27.5108505],[77.4979402,27.5108437],[77.4980795,27.5108422]]}},{"type":"Feature","properties":{"kind":"road","name":"","class":"residential"},"geometry":{"type":"LineString","coordinates":[[77.4977299,27.5106828],[77.4980519,27.510563]]}},{"type":"Feature","properties":{"kind":"road","name":"","class":"service"},"geometry":{"type":"LineString","coordinates":[[77.4784401,27.510474],[77.4787197,27.5101386],[77.4790735,27.5096833],[77.4791187,27.5096245],[77.4792361,27.5094713],[77.4794752,27.5091489],[77.479759,27.5087644],[77.4799789,27.5084948]]}},{"type":"Feature","properties":{"kind":"road","name":"","class":"service"},"geometry":{"type":"LineString","coordinates":[[77.4801584,27.5085837],[77.4799789,27.5084948],[77.4797471,27.5083801],[77.4795654,27.5082685],[77.4795465,27.5082534],[77.4795389,27.5082299],[77.4795427,27.5081878],[77.4795749,27.5081374],[77.4797323,27.5079541],[77.4798934,27.5077658],[77.4800299,27.5076044],[77.4801322,27.5075119],[77.4802005,27.5074464],[77.4802408,27.5074209],[77.4802763,27.5074094],[77.4803692,27.5073959],[77.4806213,27.5073959],[77.4812052,27.5074329],[77.4812954,27.5074274],[77.4813238,27.5074325],[77.4813504,27.507451],[77.4813674,27.5074863],[77.4814167,27.5076376]]}},{"type":"Feature","properties":{"kind":"road","name":"","class":"service"},"geometry":{"type":"LineString","coordinates":[[77.4801562,27.5107769],[77.4797178,27.5101294],[77.4796913,27.5100946],[77.4795235,27.5098738],[77.4794712,27.5098156],[77.4794229,27.5097763],[77.4791187,27.5096245]]}},{"type":"Feature","properties":{"kind":"road","name":"","class":"service"},"geometry":{"type":"LineString","coordinates":[[77.4796716,27.5108028],[77.4793718,27.5103189],[77.4793696,27.5102969],[77.4793763,27.5102709],[77.4796913,27.5100946],[77.4800493,27.5098954],[77.4803596,27.5097086]]}},{"type":"Feature","properties":{"kind":"road","name":"","class":"service"},"geometry":{"type":"LineString","coordinates":[[77.4805902,27.510705],[77.4803513,27.5103334],[77.4800493,27.5098954],[77.4797751,27.5095002]]}},{"type":"Feature","properties":{"kind":"road","name":"","class":"service"},"geometry":{"type":"LineString","coordinates":[[77.4794712,27.5098156],[77.4797447,27.5095331],[77.4797751,27.5095002],[77.4799896,27.5092686],[77.480011,27.5092567],[77.4800352,27.5092579],[77.4800539,27.5092781],[77.4803193,27.5096514],[77.4803596,27.5097086],[77.4808317,27.5103759]]}},{"type":"Feature","properties":{"kind":"road","name":"","class":"service"},"geometry":{"type":"LineString","coordinates":[[77.4959952,27.5217636],[77.4961473,27.5217231],[77.4963323,27.5217064],[77.4971231,27.5216042],[77.4975923,27.5215329]]}},{"type":"Feature","properties":{"kind":"road","name":"Chhatikara-Govardan Road","class":"tertiary"},"geometry":{"type":"LineString","coordinates":[[77.4930224,27.517953],[77.4929243,27.5180054]]}},{"type":"Feature","properties":{"kind":"road","name":"Chhatikara-Govardan Road","class":"tertiary"},"geometry":{"type":"LineString","coordinates":[[77.4929243,27.5180054],[77.4928262,27.5180578],[77.492424,27.5183222],[77.4917045,27.5187482],[77.4911874,27.519055],[77.4907251,27.5193294],[77.4905256,27.5194555],[77.4900637,27.5197194],[77.4883704,27.5206867]]}},{"type":"Feature","properties":{"kind":"road","name":"","class":"residential"},"geometry":{"type":"LineString","coordinates":[[77.4906458,27.5165333],[77.4907164,27.5164262]]}},{"type":"Feature","properties":{"kind":"road","name":"","class":"residential"},"geometry":{"type":"LineString","coordinates":[[77.490578,27.5166224],[77.4906458,27.5165333]]}},{"type":"Feature","properties":{"kind":"road","name":"","class":"tertiary"},"geometry":{"type":"LineString","coordinates":[[77.4899495,27.5018804],[77.4899108,27.5021979],[77.4898016,27.5025998],[77.4897437,27.5027691],[77.4896221,27.5031247],[77.4895466,27.5033831],[77.4894821,27.5036677],[77.4894201,27.504009],[77.4893695,27.5043811],[77.4893089,27.504901],[77.4892938,27.5053697],[77.4892241,27.5063248],[77.4892156,27.5066673],[77.4892519,27.5069433],[77.4893349,27.5073767],[77.489433,27.5080638],[77.4895888,27.5094265],[77.4899304,27.5128675],[77.4900154,27.5134428],[77.4901184,27.5139901],[77.4902017,27.5144825],[77.4903743,27.5153086],[77.4905003,27.5159245],[77.4905133,27.5160191],[77.4905135,27.516108],[77.490524,27.516214],[77.4905453,27.5162666]]}},{"type":"Feature","properties":{"kind":"road","name":"","class":"tertiary"},"geometry":{"type":"LineString","coordinates":[[77.4899504,27.5016476],[77.4899495,27.5018804]]}},{"type":"Feature","properties":{"kind":"road","name":"","class":"residential"},"geometry":{"type":"LineString","coordinates":[[77.497394,27.5080914],[77.4974545,27.5081452],[77.497555,27.5082569],[77.4976711,27.5083989]]}},{"type":"Feature","properties":{"kind":"road","name":"","class":"residential"},"geometry":{"type":"LineString","coordinates":[[77.4802315,27.5185551],[77.4797903,27.51883],[77.4796213,27.5189358],[77.4795543,27.5189656],[77.4794872,27.5189763],[77.4793705,27.5189846],[77.4792545,27.5189927],[77.4791575,27.5190053],[77.4790557,27.5190263],[77.4788118,27.5190767]]}},{"type":"Feature","properties":{"kind":"road","name":"","class":"residential"},"geometry":{"type":"LineString","coordinates":[[77.4820495,27.5223624],[77.4825865,27.523042]]}},{"type":"Feature","properties":{"kind":"road","name":"","class":"residential"},"geometry":{"type":"LineString","coordinates":[[77.4821828,27.5230759],[77.4817805,27.5225657],[77.4817778,27.5225395],[77.4817926,27.5225181],[77.4820495,27.5223624],[77.4823008,27.5222101],[77.482325,27.5222101],[77.4823518,27.5222196],[77.482435,27.5223136],[77.4829258,27.5229784]]}},{"type":"Feature","properties":{"kind":"road","name":"","class":"tertiary"},"geometry":{"type":"LineString","coordinates":[[77.4434814,27.4690825],[77.4430565,27.4685881],[77.442877,27.4683792],[77.442655,27.4681482],[77.4425175,27.4680052],[77.4423806,27.4678816],[77.4421981,27.4677538],[77.4419781,27.4676545],[77.4413312,27.4673436],[77.441245,27.4672903],[77.4411415,27.4672018],[77.4410391,27.4671095],[77.4406506,27.4666961],[77.4399933,27.4659966],[77.4394598,27.4654895],[77.439242,27.4652607],[77.4391185,27.4650775],[77.4388609,27.464604],[77.4387641,27.4644279],[77.4386552,27.4642551],[77.4383319,27.4638179],[77.4381577,27.4635899],[77.4371206,27.4622881],[77.436016,27.4613529],[77.4341119,27.4597777],[77.432735,27.4586111],[77.4325329,27.4584561],[77.4320469,27.4581738],[77.4317057,27.458083],[77.4316514,27.4580685],[77.4312605,27.4579602],[77.4311165,27.4578845],[77.430475,27.4575573],[77.4302962,27.4574998],[77.4301681,27.4574877],[77.4300171,27.457491],[77.4298838,27.4575282],[77.4290496,27.4580161],[77.4289772,27.4580673],[77.4289195,27.458122],[77.4287894,27.4582861],[77.4286339,27.458623],[77.428578,27.4588565],[77.4285547,27.4589536],[77.4285695,27.4592371],[77.4286419,27.4596036],[77.4287576,27.4598913],[77.429171,27.4608732],[77.4293797,27.4615398],[77.4294041,27.4616],[77.429519,27.4617266],[77.4299699,27.462127],[77.431216,27.4631005],[77.4318301,27.4634664],[77.432015,27.4635766],[77.4325993,27.4641268],[77.4327782,27.4643196],[77.4329589,27.4645143],[77.4333505,27.4649362],[77.4340115,27.4659306],[77.4344476,27.4667454],[77.4345893,27.4673062],[77.4346031,27.4673606],[77.4346136,27.4674024],[77.4346682,27.4676183],[77.4349338,27.4681145],[77.4350822,27.4684359],[77.435479,27.4692953],[77.4356107,27.46963],[77.4356808,27.4698772],[77.4357956,27.4703343],[77.4358487,27.4704961],[77.4359614,27.4707198],[77.436111,27.4710092],[77.4363996,27.4715018],[77.4364583,27.471602],[77.4365344,27.4716916],[77.436674,27.4717478],[77.4367696,27.4717646],[77.43684,27.471777],[77.4380977,27.4718477],[77.4381895,27.4718548],[77.4383359,27.4718662],[77.4385393,27.4718819],[77.4387161,27.4718878],[77.4388425,27.4718971],[77.4390294,27.4719153],[77.4391654,27.4719318],[77.4393422,27.4719605],[77.4395595,27.4720439],[77.4398499,27.4721598],[77.4400299,27.4722772],[77.4401773,27.4724163],[77.4402354,27.4724804],[77.4403177,27.4725712],[77.4403776,27.472666],[77.4404337,27.4727549],[77.4407634,27.4733302],[77.4409075,27.4735815],[77.4411035,27.4739741],[77.4411311,27.4740294],[77.4415653,27.4746413],[77.4416085,27.4746936],[77.4416743,27.4747278],[77.4417478,27.4747333],[77.4418855,27.474749],[77.4419427,27.4747671],[77.4419917,27.4747887],[77.4420322,27.4748223],[77.4421646,27.4749423],[77.4422308,27.4749868],[77.4422924,27.4750146],[77.4424593,27.475091],[77.4425206,27.4751208],[77.4425702,27.4751549],[77.4426176,27.4751879],[77.4427372,27.4753024],[77.443327,27.4758672],[77.443533,27.4760685],[77.4435757,27.4761192],[77.4437393,27.4762885],[77.443775,27.4763284],[77.4438346,27.4764165],[77.4438609,27.4764744],[77.4439529,27.4766765],[77.4440128,27.4768376],[77.4440775,27.4770485],[77.4441017,27.4771873],[77.4441142,27.4772516],[77.4441529,27.4773628],[77.4441982,27.4774437],[77.4442715,27.477564],[77.4443471,27.4776625],[77.4444222,27.4777491],[77.4444783,27.4778052],[77.4445932,27.4779151],[77.4446732,27.477988],[77.4449046,27.4781596],[77.4454623,27.4786754],[77.4465509,27.4797056],[77.4473618,27.4804884],[77.4475091,27.4806166],[77.448342,27.4813414],[77.4486079,27.4815728],[77.4497054,27.4825657],[77.4499136,27.4827682],[77.4507521,27.4835399],[77.4511836,27.4839371],[77.4523055,27.4850135],[77.4525928,27.4852803],[77.452633,27.4853176],[77.4534492,27.4861798],[77.454582,27.4874915],[77.4546417,27.4875667],[77.45486,27.4878415],[77.4550848,27.4881244],[77.4554644,27.4886022],[77.456007,27.4892105],[77.4569849,27.4902623],[77.4571577,27.4904481],[77.4576768,27.4909506]]}},{"type":"Feature","properties":{"kind":"road","name":"","class":"service"},"geometry":{"type":"LineString","coordinates":[[77.4606237,27.530378],[77.4608073,27.5302641],[77.4612451,27.5299957],[77.4616828,27.5297273],[77.4617481,27.5296893],[77.4617134,27.5296401],[77.4615264,27.5294035]]}},{"type":"Feature","properties":{"kind":"road","name":"","class":"service"},"geometry":{"type":"LineString","coordinates":[[77.4617481,27.5296893],[77.4618559,27.5297968],[77.4620155,27.5299836],[77.4620238,27.5300005],[77.4620212,27.5300318],[77.4620036,27.5300687],[77.4615947,27.5303661],[77.4611171,27.5307254],[77.4609655,27.5308393]]}},{"type":"Feature","properties":{"kind":"road","name":"","class":"service"},"geometry":{"type":"LineString","coordinates":[[77.4611171,27.5307254],[77.4608073,27.5302641]]}},{"type":"Feature","properties":{"kind":"road","name":"","class":"residential"},"geometry":{"type":"LineString","coordinates":[[77.4572241,27.5230747],[77.457461,27.5229986],[77.4576513,27.5229224],[77.4577183,27.522895],[77.4577854,27.5228605],[77.4580988,27.5226831],[77.4581994,27.5226326],[77.458297,27.5225974],[77.4584443,27.5225452],[77.4586274,27.5224744],[77.4587778,27.5224258],[77.4589964,27.5223795],[77.4593206,27.5223236],[77.459588,27.5222801],[77.4598075,27.5222366],[77.4599768,27.5221973],[77.4601542,27.5221403],[77.4604158,27.5220689],[77.4606586,27.5220212],[77.4607975,27.522002],[77.4609049,27.5219871],[77.4611164,27.5219684],[77.4611746,27.5219633],[77.4614233,27.5219612],[77.4616329,27.5219537],[77.462153,27.5219595],[77.4622299,27.5219483],[77.4623664,27.5219293]]}},{"type":"Feature","properties":{"kind":"road","name":"","class":"residential"},"geometry":{"type":"LineString","coordinates":[[77.4950814,27.4982343],[77.4948367,27.4982991],[77.494771,27.4983087],[77.4947227,27.4982991],[77.4946517,27.4982575],[77.4945926,27.4982194],[77.4944779,27.4981144],[77.4940925,27.4976946]]}},{"type":"Feature","properties":{"kind":"road","name":"","class":"residential"},"geometry":{"type":"LineString","coordinates":[[77.4922994,27.4969529],[77.4923913,27.4970219],[77.4925093,27.4971325],[77.4925536,27.497148],[77.4925952,27.4971504],[77.4926771,27.4971446],[77.4931727,27.4971004],[77.4932153,27.4971039],[77.4932248,27.4971474],[77.4932416,27.4971795],[77.4933665,27.497329]]}},{"type":"Feature","properties":{"kind":"road","name":"","class":"residential"},"geometry":{"type":"LineString","coordinates":[[77.4772964,27.5216697],[77.4777077,27.5237168]]}},{"type":"Feature","properties":{"kind":"road","name":"","class":"residential"},"geometry":{"type":"LineString","coordinates":[[77.4607975,27.522002],[77.4611345,27.5226001]]}},{"type":"Feature","properties":{"kind":"road","name":"","class":"residential"},"geometry":{"type":"LineString","coordinates":[[77.4922426,27.4966114],[77.4913669,27.4967377],[77.4912564,27.4967649]]}},{"type":"Feature","properties":{"kind":"road","name":"","class":"residential"},"geometry":{"type":"LineString","coordinates":[[77.4923493,27.4959315],[77.4924796,27.4963662],[77.4924892,27.4964072],[77.4924997,27.4964951],[77.4925157,27.4966483],[77.492526,27.4967185],[77.4925188,27.4967287],[77.492392,27.4968845],[77.4923692,27.4969089],[77.4923424,27.49693],[77.4923251,27.4969393],[77.4922994,27.4969529],[77.4915523,27.4970608],[77.4915211,27.4970731],[77.4913023,27.4971628],[77.4910893,27.4972502],[77.4905728,27.4974694]]}},{"type":"Feature","properties":{"kind":"road","name":"","class":"residential"},"geometry":{"type":"LineString","coordinates":[[77.4924997,27.4964951],[77.4928967,27.4963992],[77.4929206,27.4964052],[77.4929381,27.4964243],[77.4929676,27.4964885],[77.4930266,27.4966036]]}},{"type":"Feature","properties":{"kind":"road","name":"","class":"residential"},"geometry":{"type":"LineString","coordinates":[[77.4924796,27.4963662],[77.4926423,27.4962839],[77.4928337,27.4962029],[77.4930572,27.4961167],[77.4931862,27.4963335],[77.4932261,27.4964034],[77.4932927,27.4964956],[77.493315,27.4965265],[77.4933986,27.4966424],[77.4934726,27.4967319],[77.493485,27.4967391],[77.4935031,27.496742],[77.4935222,27.4967385],[77.4937096,27.4966453],[77.4937403,27.4966294],[77.4940784,27.4964206]]}},{"type":"Feature","properties":{"kind":"road","name":"","class":"residential"},"geometry":{"type":"LineString","coordinates":[[77.4923251,27.4969393],[77.4922426,27.4966114],[77.4922396,27.4964704],[77.4922433,27.4963761],[77.4922601,27.4962891],[77.4922754,27.4962071],[77.492276,27.4959649],[77.4923493,27.4959315],[77.4923953,27.4959108],[77.4924302,27.4958965],[77.4926132,27.495836],[77.492797,27.4957817],[77.4931311,27.4957044],[77.4932684,27.4956941],[77.4934638,27.4956796],[77.4935154,27.4956757],[77.493564,27.4956778],[77.4936151,27.4956708],[77.4936533,27.495658],[77.4936825,27.4956366],[77.4937076,27.4956],[77.4937283,27.4955816],[77.4937634,27.4955717],[77.4939213,27.4955265],[77.4941481,27.4954472],[77.4943756,27.495353]]}},{"type":"Feature","properties":{"kind":"road","name":"","class":"residential"},"geometry":{"type":"LineString","coordinates":[[77.4933033,27.4978153],[77.4932579,27.4975774],[77.4932602,27.4974949],[77.4932644,27.497438],[77.4932772,27.4974018],[77.4932986,27.4973797],[77.4933665,27.497329],[77.4935249,27.4972313],[77.49378,27.497098],[77.4938055,27.4970937],[77.4938201,27.4970975],[77.4938375,27.4971088],[77.4939157,27.4971959],[77.4939266,27.4972056],[77.4939418,27.4972098],[77.4939721,27.4972131],[77.4939892,27.4972182],[77.4940063,27.4972317],[77.4940845,27.4973312],[77.4942821,27.4975936]]}},{"type":"Feature","properties":{"kind":"road","name":"","class":"residential"},"geometry":{"type":"LineString","coordinates":[[77.4580716,27.5251432],[77.4571693,27.5256263]]}},{"type":"Feature","properties":{"kind":"road","name":"","class":"residential"},"geometry":{"type":"LineString","coordinates":[[77.4635315,27.5282261],[77.4633253,27.528094],[77.4630109,27.5279209],[77.4629057,27.5278619],[77.4628456,27.5278201],[77.4627266,27.5277338],[77.4626559,27.5276712],[77.462548,27.527581],[77.4625262,27.5275628],[77.4622487,27.5273402],[77.4620694,27.5271813],[77.4620163,27.5271198],[77.4619701,27.5270541],[77.4618731,27.5269156],[77.4617761,27.526777],[77.4617037,27.5267],[77.4616313,27.526623],[77.4615026,27.5264881],[77.4613418,27.5263139],[77.4612668,27.5262538],[77.4609702,27.5260216],[77.4603757,27.5255358],[77.4602489,27.5254457],[77.4601279,27.5253901],[77.4599389,27.5253324],[77.4598103,27.5252819],[77.4596964,27.5252302],[77.4591789,27.524979],[77.4589078,27.5248398],[77.4588843,27.5248291],[77.4586613,27.5247278],[77.4586231,27.5247022],[77.4585701,27.5246595],[77.4585124,27.5246078],[77.4582405,27.5243142],[77.4579389,27.5240302],[77.4574216,27.5235264]]}},{"type":"Feature","properties":{"kind":"road","name":"","class":"secondary"},"geometry":{"type":"LineString","coordinates":[[77.4715667,27.5225258],[77.4722344,27.5227766],[77.4727783,27.5229678],[77.4732472,27.5231139],[77.4739278,27.5232768],[77.4744325,27.523397],[77.4749674,27.52354],[77.4754008,27.5236465],[77.4756496,27.5236903],[77.4759105,27.5237159],[77.4762082,27.5237328],[77.476919,27.5237461],[77.4775518,27.5237249],[77.4777077,27.5237168],[77.4778701,27.5237166],[77.4779573,27.5237241]]}},{"type":"Feature","properties":{"kind":"road","name":"","class":"secondary"},"geometry":{"type":"LineString","coordinates":[[77.4715011,27.5225033],[77.4715667,27.5225258]]}},{"type":"Feature","properties":{"kind":"road","name":"","class":"tertiary"},"geometry":{"type":"LineString","coordinates":[[77.4779573,27.5237241],[77.4783963,27.5236308],[77.4794464,27.5233917],[77.4806795,27.523208],[77.4810845,27.5231425],[77.4812087,27.5231336],[77.4813004,27.5231271],[77.4816155,27.5231104],[77.4821828,27.5230759],[77.482443,27.5230557],[77.4825865,27.523042],[77.4827334,27.5230248],[77.4829258,27.5229784],[77.4831169,27.5229344],[77.4833234,27.5228743],[77.4833791,27.5228452],[77.483416,27.5228137],[77.4838364,27.5223183]]}},{"type":"Feature","properties":{"kind":"road","name":"","class":"tertiary"},"geometry":{"type":"LineString","coordinates":[[77.4663605,27.5221151],[77.4664534,27.5221139]]}},{"type":"Feature","properties":{"kind":"road","name":"","class":"secondary"},"geometry":{"type":"LineString","coordinates":[[77.4664534,27.5221139],[77.466509,27.5221161],[77.4674773,27.5221537],[77.4688146,27.5222173],[77.4689017,27.5222203],[77.4694674,27.5222401],[77.4700627,27.5222638],[77.4705381,27.5222906],[77.4709253,27.5223233],[77.4711075,27.5223592],[77.4714543,27.5224862],[77.4715011,27.5225033]]}},{"type":"Feature","properties":{"kind":"road","name":"","class":"residential"},"geometry":{"type":"LineString","coordinates":[[77.4931862,27.4963335],[77.4932278,27.4963178],[77.4934606,27.4962371],[77.4937031,27.4961536],[77.4937477,27.496148],[77.4937812,27.4961579],[77.4938083,27.496172],[77.4938275,27.4961918],[77.4938976,27.4962583],[77.4940077,27.4963588],[77.4940343,27.4963821],[77.4940784,27.4964206],[77.4941257,27.4964621],[77.494266,27.4966007],[77.4943107,27.4966771],[77.4943713,27.4968101],[77.4943983,27.4968818],[77.4944096,27.496917],[77.4943522,27.4969331],[77.4943378,27.4969473],[77.4943378,27.4969728],[77.4943493,27.4970172],[77.4943815,27.4971433],[77.4943871,27.4971607],[77.4944191,27.4972611],[77.4944405,27.4974324],[77.4944365,27.497474],[77.4944244,27.4974978],[77.4943761,27.4975371],[77.494311,27.4975747],[77.4942821,27.4975936],[77.4942564,27.4976104],[77.4941636,27.497669],[77.4941294,27.4976833],[77.4940925,27.4976946],[77.494063,27.497694],[77.4938578,27.4976559],[77.4938183,27.4976512],[77.4937727,27.4976542],[77.4937069,27.4976649],[77.4936553,27.4976785],[77.4933033,27.4978153],[77.4931745,27.4978677],[77.4931477,27.4978879],[77.4931034,27.4979236],[77.4930491,27.4980009],[77.4930015,27.4980521],[77.4929821,27.4980717],[77.4929472,27.4980997],[77.4925206,27.4983566],[77.4924315,27.4984421],[77.4923874,27.4984963],[77.4923706,27.4985303],[77.4923765,27.4985678],[77.4924576,27.4986855],[77.4924516,27.4987223],[77.4924367,27.498746],[77.4920574,27.4988919],[77.491761,27.4990109],[77.490705,27.4994679]]}},{"type":"Feature","properties":{"kind":"road","name":"","class":"tertiary"},"geometry":{"type":"LineString","coordinates":[[77.4811563,27.4958443],[77.481201,27.4959579]]}},{"type":"Feature","properties":{"kind":"road","name":"","class":"tertiary"},"geometry":{"type":"LineString","coordinates":[[77.481201,27.4959579],[77.4812841,27.4961323],[77.4814024,27.4963476],[77.4815333,27.4965436],[77.4816396,27.4966829],[77.481792,27.4968743],[77.4819479,27.4970384],[77.4821063,27.497192],[77.4822669,27.4973294],[77.4825058,27.4974961],[77.4827367,27.4976298],[77.4838049,27.498208],[77.4842334,27.498435],[77.4871666,27.4999888]]}},{"type":"Feature","properties":{"kind":"road","name":"","class":"tertiary"},"geometry":{"type":"LineString","coordinates":[[77.4871666,27.4999888],[77.4872982,27.5000584]]}},{"type":"Feature","properties":{"kind":"road","name":"","class":"tertiary"},"geometry":{"type":"LineString","coordinates":[[77.4872982,27.5000584],[77.4884579,27.5006727],[77.4896104,27.5013288],[77.4897901,27.5014346],[77.4899218,27.5015157],[77.4899435,27.5015716],[77.4899504,27.5016476]]}},{"type":"Feature","properties":{"kind":"road","name":"","class":"residential"},"geometry":{"type":"LineString","coordinates":[[77.4903717,27.4964205],[77.4908758,27.4966001],[77.4910417,27.4966595],[77.491219,27.4967525],[77.4912564,27.4967649],[77.4913603,27.4968385],[77.4915523,27.4970608]]}},{"type":"Feature","properties":{"kind":"road","name":"","class":"residential"},"geometry":{"type":"LineString","coordinates":[[77.4786478,27.4903989],[77.4788512,27.4908636],[77.4788715,27.4908956],[77.4788941,27.4909136],[77.4789256,27.4909216],[77.4789933,27.4909236],[77.4794128,27.4908836],[77.4794978,27.4908836],[77.4795313,27.4908935],[77.47956,27.4909119],[77.4795663,27.4909388],[77.4795823,27.4911439],[77.4796175,27.4914679]]}},{"type":"Feature","properties":{"kind":"road","name":"","class":"residential"},"geometry":{"type":"LineString","coordinates":[[77.47956,27.4909119],[77.4802023,27.4909036]]}},{"type":"Feature","properties":{"kind":"road","name":"","class":"residential"},"geometry":{"type":"LineString","coordinates":[[77.479863,27.4948968],[77.4795743,27.4936189],[77.4793973,27.4929119]]}},{"type":"Feature","properties":{"kind":"road","name":"","class":"residential"},"geometry":{"type":"LineString","coordinates":[[77.4787219,27.491579],[77.4788911,27.4921185],[77.479048,27.4926147],[77.4791618,27.4929388],[77.4791798,27.4929528],[77.4792046,27.4929568],[77.4792633,27.4929408],[77.4793973,27.4929119],[77.4796151,27.4928648]]}},{"type":"Feature","properties":{"kind":"road","name":"","class":"residential"},"geometry":{"type":"LineString","coordinates":[[77.4785415,27.4927288],[77.479048,27.4926147]]}},{"type":"Feature","properties":{"kind":"road","name":"","class":"residential"},"geometry":{"type":"LineString","coordinates":[[77.4811523,27.4913785],[77.4812574,27.4915921],[77.4813191,27.4917373],[77.4813861,27.4919157],[77.4814344,27.4920014],[77.4815122,27.492137],[77.4815819,27.4922393],[77.4818823,27.4927485],[77.4821828,27.4932339],[77.4822874,27.4934266],[77.4824456,27.4937097],[77.4824722,27.4937693],[77.4825529,27.49395],[77.4827487,27.4942998],[77.4827889,27.4943973],[77.4828131,27.4944782],[77.4828399,27.4945948],[77.4828587,27.4946709],[77.4829096,27.4947851],[77.483033,27.4950825],[77.4831944,27.4955197]]}},{"type":"Feature","properties":{"kind":"road","name":"","class":"residential"},"geometry":{"type":"LineString","coordinates":[[77.4831944,27.4955197],[77.4832121,27.4955806]]}},{"type":"Feature","properties":{"kind":"road","name":"","class":"residential"},"geometry":{"type":"LineString","coordinates":[[77.4832121,27.4955806],[77.4833022,27.4958829],[77.4833375,27.4960381],[77.4834019,27.4965425],[77.4834153,27.4967399],[77.4834207,27.4970552],[77.4834274,27.4971242],[77.4834448,27.4972075],[77.4834669,27.4972694],[77.4835593,27.4974395],[77.4837321,27.4977153],[77.4837536,27.4977379],[77.4837697,27.4977474],[77.4838032,27.497751],[77.4838287,27.4977569],[77.4838541,27.4977664],[77.483881,27.4977938],[77.483999,27.4979936],[77.4841452,27.4982458],[77.4842334,27.498435]]}},{"type":"Feature","properties":{"kind":"road","name":"","class":"residential"},"geometry":{"type":"LineString","coordinates":[[77.484224,27.4911952],[77.4842644,27.4913404],[77.4842885,27.4914189],[77.48431,27.4914808],[77.4843368,27.4915355],[77.4843837,27.4916021],[77.4844186,27.4916521],[77.4845044,27.491739],[77.4845567,27.4918044],[77.4845862,27.4918508],[77.48466,27.491965],[77.4847016,27.492034],[77.484719,27.4920768],[77.4847338,27.4921185],[77.4847351,27.4921434],[77.4847338,27.4921803],[77.4847257,27.4922136],[77.4847311,27.4922422],[77.4847512,27.4922898],[77.4847879,27.4924221],[77.4848138,27.4925156],[77.4849084,27.492775],[77.4849218,27.4928393],[77.4849261,27.4928663],[77.4849298,27.4928892],[77.484941,27.4929205],[77.4849665,27.4929573],[77.485,27.4929785],[77.4850415,27.4929912],[77.4850909,27.4930026],[77.4851116,27.4930096],[77.4851292,27.4930195],[77.4851786,27.4930577],[77.485376,27.4932696],[77.4853987,27.493294],[77.4858491,27.4937326],[77.4861753,27.4940505],[77.4862386,27.4941089],[77.486251,27.4941169],[77.4862656,27.4941199],[77.4862848,27.4941169],[77.4863412,27.4940818],[77.4866536,27.4938398],[77.4869934,27.4935877],[77.4870148,27.4935741],[77.4870453,27.4935625]]}},{"type":"Feature","properties":{"kind":"road","name":"","class":"residential"},"geometry":{"type":"LineString","coordinates":[[77.4861178,27.492495],[77.4866794,27.4920473],[77.4866955,27.4920294],[77.4867116,27.4920021],[77.4867196,27.4919759],[77.4867263,27.4918462],[77.4867183,27.4918224],[77.4866982,27.4917951],[77.4865104,27.4915999],[77.4864407,27.4915238],[77.4863642,27.4914548],[77.486324,27.4914167],[77.4863092,27.4913882],[77.4862797,27.4913263],[77.4862502,27.49123],[77.4862274,27.4910759]]}},{"type":"Feature","properties":{"kind":"road","name":"","class":"track"},"geometry":{"type":"LineString","coordinates":[[77.4837529,27.4922264],[77.4845862,27.4918508]]}},{"type":"Feature","properties":{"kind":"road","name":"","class":"track"},"geometry":{"type":"LineString","coordinates":[[77.4837314,27.4927926],[77.4847879,27.4924221]]}},{"type":"Feature","properties":{"kind":"road","name":"","class":"track"},"geometry":{"type":"LineString","coordinates":[[77.4849261,27.4928663],[77.4838143,27.493279],[77.4837856,27.4932896],[77.4832939,27.4934937],[77.4829578,27.4936117],[77.4824722,27.4937693]]}},{"type":"Feature","properties":{"kind":"road","name":"","class":"track"},"geometry":{"type":"LineString","coordinates":[[77.4838143,27.493279],[77.4839756,27.4935728],[77.4840739,27.4937377],[77.4840987,27.4937537],[77.484128,27.4937617],[77.4841686,27.4937517],[77.4846716,27.4935556],[77.485376,27.4932696]]}},{"type":"Feature","properties":{"kind":"road","name":"","class":"residential"},"geometry":{"type":"LineString","coordinates":[[77.4940583,27.4952072],[77.4941481,27.4954472]]}},{"type":"Feature","properties":{"kind":"road","name":"","class":"residential"},"geometry":{"type":"LineString","coordinates":[[77.4932153,27.4971039],[77.4932173,27.4970871],[77.4932159,27.4970675],[77.4932144,27.4970473],[77.4931607,27.4968711],[77.4931259,27.4967571]]}},{"type":"Feature","properties":{"kind":"road","name":"","class":"residential"},"geometry":{"type":"LineString","coordinates":[[77.4926771,27.4971446],[77.4926532,27.4970252],[77.4926304,27.4969646],[77.4926095,27.4969166],[77.4925978,27.4968767],[77.4925935,27.4968687],[77.4925868,27.496866],[77.4925727,27.4968649],[77.4925633,27.4968625],[77.4925573,27.4968547],[77.4925188,27.4967287]]}},{"type":"Feature","properties":{"kind":"road","name":"","class":"residential"},"geometry":{"type":"LineString","coordinates":[[77.4928282,27.496937],[77.4931607,27.4968711]]}},{"type":"Feature","properties":{"kind":"road","name":"","class":"residential"},"geometry":{"type":"LineString","coordinates":[[77.4913669,27.4967377],[77.4912631,27.4964339]]}},{"type":"Feature","properties":{"kind":"road","name":"","class":"residential"},"geometry":{"type":"LineString","coordinates":[[77.4922363,27.4955305],[77.4920152,27.4955785],[77.4919859,27.4955965],[77.4919791,27.4956205],[77.4919837,27.4956765],[77.4920694,27.4959526],[77.4920818,27.4959735],[77.4920989,27.4959794],[77.4921283,27.4959794],[77.492276,27.4959649]]}},{"type":"Feature","properties":{"kind":"road","name":"","class":"residential"},"geometry":{"type":"LineString","coordinates":[[77.4930572,27.4961167],[77.4930458,27.4960512],[77.4930524,27.4960281],[77.4930651,27.4960111],[77.4930891,27.4959942],[77.4931768,27.4959687],[77.4933226,27.4959502],[77.4933442,27.4959475],[77.4934344,27.4959299],[77.4934562,27.4959238],[77.4934777,27.4959145],[77.493503,27.4958991],[77.4935855,27.495849],[77.4936958,27.4957976],[77.4937104,27.4957841],[77.4937182,27.4957613],[77.4937125,27.4957253],[77.4936825,27.4956366]]}},{"type":"Feature","properties":{"kind":"road","name":"","class":"residential"},"geometry":{"type":"LineString","coordinates":[[77.4933226,27.4959502],[77.4932684,27.4956941]]}},{"type":"Feature","properties":{"kind":"road","name":"","class":"residential"},"geometry":{"type":"LineString","coordinates":[[77.493315,27.4965265],[77.4938115,27.496311]]}},{"type":"Feature","properties":{"kind":"road","name":"","class":"residential"},"geometry":{"type":"LineString","coordinates":[[77.4937096,27.4966453],[77.4937595,27.4967419],[77.4939111,27.4970418],[77.4939398,27.4970857],[77.49396,27.4970942],[77.4939834,27.4970858],[77.4943983,27.4968818]]}},{"type":"Feature","properties":{"kind":"road","name":"","class":"residential"},"geometry":{"type":"LineString","coordinates":[[77.4947586,27.4974032],[77.4946676,27.496949],[77.4946562,27.4969271],[77.494624,27.4969187],[77.4945614,27.4969187],[77.4944096,27.496917]]}},{"type":"Feature","properties":{"kind":"road","name":"","class":"residential"},"geometry":{"type":"LineString","coordinates":[[77.4956368,27.4954861],[77.4957414,27.4957169],[77.4957575,27.4957657],[77.4957696,27.4958251],[77.4957669,27.4958739],[77.4957508,27.4959084],[77.4957132,27.4959393],[77.4950735,27.4962393],[77.4945842,27.496426],[77.4945619,27.4964308],[77.4945443,27.496426],[77.4945178,27.4963873],[77.4943943,27.4961894]]}},{"type":"Feature","properties":{"kind":"road","name":"","class":"residential"},"geometry":{"type":"LineString","coordinates":[[77.4940343,27.4963821],[77.4943943,27.4961894],[77.4943373,27.495989]]}},{"type":"Feature","properties":{"kind":"road","name":"","class":"residential"},"geometry":{"type":"LineString","coordinates":[[77.4926132,27.495836],[77.4928337,27.4962029]]}},{"type":"Feature","properties":{"kind":"road","name":"","class":"residential"},"geometry":{"type":"LineString","coordinates":[[77.4932927,27.4964956],[77.4930766,27.4965887],[77.4930266,27.4966036],[77.4930012,27.4966112],[77.492526,27.4967185]]}},{"type":"Feature","properties":{"kind":"road","name":"","class":"residential"},"geometry":{"type":"LineString","coordinates":[[77.4938738,27.499859],[77.4935815,27.4992684],[77.4933933,27.498827],[77.4931893,27.4984411],[77.4931517,27.4983578],[77.4931209,27.4982722],[77.4930491,27.4980009]]}},{"type":"Feature","properties":{"kind":"road","name":"","class":"service"},"geometry":{"type":"LineString","coordinates":[[77.4920574,27.4988919],[77.4925182,27.4997798]]}},{"type":"Feature","properties":{"kind":"road","name":"","class":"service"},"geometry":{"type":"LineString","coordinates":[[77.4905732,27.5000264],[77.4910529,27.5003632]]}},{"type":"Feature","properties":{"kind":"road","name":"","class":"service"},"geometry":{"type":"LineString","coordinates":[[77.4971273,27.4897656],[77.4973033,27.4901225],[77.4973087,27.490144],[77.4973087,27.490157],[77.497294,27.4901796],[77.4972054,27.4902724],[77.4971893,27.4902927],[77.4971853,27.4903093],[77.497184,27.4903236],[77.4971907,27.4903498],[77.4972054,27.4903831],[77.4973972,27.4906531],[77.4974254,27.4906912],[77.4974334,27.4907102],[77.4974334,27.4907328],[77.4974294,27.4907792],[77.4974281,27.4908185],[77.4974334,27.4908459],[77.4974468,27.4908958],[77.4975662,27.4911492],[77.4976507,27.4913479],[77.4977352,27.4915049]]}},{"type":"Feature","properties":{"kind":"road","name":"","class":"service"},"geometry":{"type":"LineString","coordinates":[[77.4979702,27.4903077],[77.4976409,27.4899755],[77.4976191,27.4899441],[77.4976119,27.4899094],[77.4975846,27.4897385]]}},{"type":"Feature","properties":{"kind":"road","name":"","class":"service"},"geometry":{"type":"LineString","coordinates":[[77.4953725,27.490647],[77.4950029,27.489907]]}},{"type":"Feature","properties":{"kind":"road","name":"","class":"track"},"geometry":{"type":"LineString","coordinates":[[77.4943255,27.4938464],[77.4945169,27.4941152],[77.4945424,27.494152],[77.4945647,27.494169],[77.4946094,27.4941577],[77.4948518,27.4939907],[77.4951676,27.4937983],[77.4953302,27.4937219],[77.4955542,27.4936228],[77.4955675,27.493606],[77.4955751,27.4935774],[77.4955561,27.4935236],[77.4954651,27.493389],[77.4954575,27.4933654],[77.4954651,27.4933435],[77.4955485,27.4932964],[77.4960037,27.4930575],[77.4966334,27.4927412],[77.4966584,27.4927182],[77.4966652,27.4927022],[77.4966528,27.4926562],[77.4964597,27.4922694],[77.4964557,27.4922492],[77.4964597,27.4922325],[77.4964798,27.4922064],[77.4967199,27.4921266],[77.4973181,27.4919354],[77.4977742,27.4917854],[77.4978045,27.4917713],[77.4978109,27.4917585],[77.4977934,27.4916991],[77.4977352,27.4915049]]}},{"type":"Feature","properties":{"kind":"road","name":"","class":"track"},"geometry":{"type":"LineString","coordinates":[[77.4899489,27.4973857],[77.4905022,27.497209]]}},{"type":"Feature","properties":{"kind":"road","name":"","class":"track"},"geometry":{"type":"LineString","coordinates":[[77.456482,27.525377],[77.457249,27.5251974],[77.4580159,27.5250178]]}},{"type":"Feature","properties":{"kind":"road","name":"","class":"track"},"geometry":{"type":"LineString","coordinates":[[77.4580159,27.5250178],[77.4581638,27.5249656],[77.4583011,27.5248977],[77.4583908,27.5248524],[77.4584928,27.5247906],[77.4586231,27.5247022]]}},{"type":"Feature","properties":{"kind":"road","name":"","class":"track"},"geometry":{"type":"LineString","coordinates":[[77.4574608,27.5236318],[77.4572583,27.5236814],[77.4570844,27.5237152],[77.4568925,27.5237509],[77.4567051,27.5237881]]}},{"type":"Feature","properties":{"kind":"road","name":"","class":"residential"},"geometry":{"type":"LineString","coordinates":[[77.4913023,27.4971628],[77.4914532,27.4974823],[77.4914834,27.4975394],[77.4916001,27.4977202]]}},{"type":"Feature","properties":{"kind":"road","name":"","class":"residential"},"geometry":{"type":"LineString","coordinates":[[77.4870453,27.4935625],[77.4871385,27.4935434]]}},{"type":"Feature","properties":{"kind":"road","name":"","class":"residential"},"geometry":{"type":"LineString","coordinates":[[77.4871385,27.4935434],[77.4871872,27.4935268],[77.4872202,27.4935121],[77.4875202,27.4933366],[77.4878575,27.4931365],[77.4880391,27.4930324],[77.4880605,27.4930264],[77.4880763,27.4930264],[77.4880909,27.4930304],[77.4881112,27.4930555],[77.488175,27.4931604],[77.4881806,27.4931747],[77.4881806,27.4931848],[77.4881778,27.4931982],[77.4881617,27.4932638],[77.4881607,27.4932781],[77.4881641,27.4932954],[77.4881762,27.4933162],[77.4882547,27.4934622],[77.4882719,27.4935092],[77.4882692,27.4935258],[77.4882692,27.493552],[77.4882732,27.493571],[77.4882866,27.4935936],[77.4883698,27.4937174],[77.488457,27.493822],[77.4884757,27.4938423],[77.4885012,27.4938589],[77.4885428,27.4938863],[77.4886501,27.4939529],[77.4889532,27.4941444],[77.4891061,27.4942503],[77.4891637,27.4942872],[77.4891785,27.4942943],[77.4891959,27.4942943],[77.4892482,27.4942789],[77.4894252,27.4942111],[77.4897143,27.4940963]]}},{"type":"Feature","properties":{"kind":"road","name":"","class":"service"},"geometry":{"type":"LineString","coordinates":[[77.4553701,27.5284646],[77.4557456,27.5282934],[77.4558717,27.5282767],[77.4559978,27.5282767],[77.4561104,27.5283172],[77.4562016,27.52836],[77.4562874,27.5283861],[77.4563438,27.5284004],[77.4564113,27.5284092]]}},{"type":"Feature","properties":{"kind":"road","name":"","class":"residential"},"geometry":{"type":"LineString","coordinates":[[77.4563089,27.5228167],[77.4566509,27.5228333],[77.4567541,27.5228369],[77.4568601,27.5228424]]}},{"type":"Feature","properties":{"kind":"road","name":"","class":"track"},"geometry":{"type":"LineString","coordinates":[[77.455443,27.5226283],[77.4552065,27.5228512],[77.4551918,27.5228738],[77.4551864,27.5229059],[77.4552038,27.5229534],[77.4552655,27.5230938],[77.4553151,27.5231972],[77.4553446,27.5232841],[77.4553795,27.5234018],[77.455405,27.523453],[77.4554238,27.5234767],[77.4554506,27.5234898],[77.4554734,27.5234946],[77.4555472,27.5234922],[77.455751,27.5234637]]}},{"type":"Feature","properties":{"kind":"road","name":"","class":"residential"},"geometry":{"type":"LineString","coordinates":[[77.4562123,27.5240345],[77.4563491,27.5241213],[77.4564229,27.5241606],[77.4564899,27.5241832],[77.4566375,27.5242235]]}},{"type":"Feature","properties":{"kind":"road","name":"","class":"residential"},"geometry":{"type":"LineString","coordinates":[[77.4551288,27.5219509],[77.4552508,27.5221007],[77.4553071,27.5221946],[77.4553339,27.5222708],[77.455443,27.5226283],[77.4555847,27.5230926],[77.4556933,27.5234018],[77.4557215,27.5234458],[77.455751,27.5234637],[77.4557872,27.5234755],[77.4564041,27.5235469],[77.4567379,27.5235769]]}},{"type":"Feature","properties":{"kind":"road","name":"","class":"unclassified"},"geometry":{"type":"LineString","coordinates":[[77.4551819,27.5197824],[77.4552172,27.5198064],[77.4552744,27.5198311],[77.455397,27.5198739],[77.4556375,27.5199477],[77.45576,27.5200032],[77.4558593,27.5200712],[77.45607,27.5202101],[77.4563174,27.5203726]]}},{"type":"Feature","properties":{"kind":"road","name":"","class":"service"},"geometry":{"type":"LineString","coordinates":[[77.4560568,27.5053331],[77.4556052,27.504875]]}},{"type":"Feature","properties":{"kind":"road","name":"","class":"residential"},"geometry":{"type":"LineString","coordinates":[[77.4562567,27.5217866],[77.4564392,27.5216397],[77.4564889,27.5215868],[77.4565337,27.5215405],[77.4565859,27.521492],[77.4566405,27.5214502],[77.4567325,27.5213885]]}},{"type":"Feature","properties":{"kind":"road","name":"","class":"residential"},"geometry":{"type":"LineString","coordinates":[[77.4557157,27.5211576],[77.4562567,27.5217866],[77.4565039,27.5220739],[77.456561,27.5221533],[77.4566157,27.5222436],[77.4569009,27.5226201]]}},{"type":"Feature","properties":{"kind":"road","name":"","class":"residential"},"geometry":{"type":"LineString","coordinates":[[77.4565511,27.5206898],[77.4571431,27.5213591]]}},{"type":"Feature","properties":{"kind":"road","name":"","class":"residential"},"geometry":{"type":"LineString","coordinates":[[77.4568866,27.5190168],[77.4566704,27.5189254],[77.4566331,27.5188901],[77.456602,27.5188471],[77.4565884,27.5188063],[77.4565933,27.5187766],[77.4566269,27.5187226],[77.4566791,27.5186675],[77.456735,27.5186322],[77.4571165,27.5184361],[77.4572954,27.5183622],[77.457334,27.5183523],[77.4573737,27.518349],[77.4577077,27.5183578]]}},{"type":"Feature","properties":{"kind":"road","name":"","class":"residential"},"geometry":{"type":"LineString","coordinates":[[77.4535598,27.520546],[77.4538175,27.5208105],[77.4538483,27.5208337],[77.4538545,27.5208556],[77.4538421,27.5209034],[77.453839,27.5209416],[77.4538637,27.5210168],[77.4539085,27.5210891],[77.453984,27.5211902],[77.4540225,27.5212217],[77.454078,27.5212558],[77.4541535,27.52129],[77.4542582,27.5213228],[77.4543445,27.5213392],[77.4544169,27.5213501],[77.4544893,27.5213487],[77.4545956,27.5213432],[77.4546418,27.5213528],[77.4546788,27.5213774],[77.4548205,27.5215154],[77.4549515,27.5216643],[77.4550131,27.5217381],[77.4551513,27.5219205]]}},{"type":"Feature","properties":{"kind":"road","name":"","class":"residential"},"geometry":{"type":"LineString","coordinates":[[77.4547314,27.5180225],[77.4547919,27.5179401],[77.4548241,27.517883],[77.4548402,27.5178141],[77.4548589,27.5177379],[77.4548911,27.5176285],[77.4550279,27.5172574]]}},{"type":"Feature","properties":{"kind":"road","name":"","class":"residential"},"geometry":{"type":"LineString","coordinates":[[77.45576,27.5200032],[77.4556786,27.5200895],[77.4555525,27.5201823],[77.4553607,27.5203274]]}},{"type":"Feature","properties":{"kind":"road","name":"","class":"tertiary"},"geometry":{"type":"LineString","coordinates":[[77.485207,27.5235015],[77.4853405,27.523604]]}},{"type":"Feature","properties":{"kind":"road","name":"","class":"tertiary"},"geometry":{"type":"LineString","coordinates":[[77.460157,27.4950215],[77.4603423,27.4952958],[77.4603549,27.4953144],[77.4605692,27.4955616],[77.4605949,27.4955912],[77.4607243,27.4957329],[77.4607587,27.4957766],[77.4607951,27.4958228],[77.4608988,27.4960045],[77.4609476,27.4961309],[77.4609624,27.4962409],[77.4609607,27.4962963],[77.4609539,27.4965107],[77.4609503,27.4966235],[77.4609704,27.4967342],[77.460993,27.4968073],[77.4610193,27.4968919],[77.4611323,27.4972551],[77.4612074,27.4974612],[77.4613068,27.4977438],[77.4613251,27.497796],[77.4614304,27.4981838],[77.4615124,27.4983741],[77.4616375,27.4986579],[77.4618019,27.4989989],[77.4618705,27.4991893],[77.4618812,27.4992189],[77.4618866,27.4993023],[77.4618678,27.4993404],[77.4618177,27.4993957],[77.4617474,27.4994699],[77.4616179,27.4996067],[77.4615353,27.4996953],[77.4614542,27.4998054],[77.4614,27.499906],[77.4612836,27.5001182],[77.4612527,27.5001746],[77.4612349,27.5002395],[77.4612493,27.5002995],[77.4612876,27.5003269],[77.4613713,27.500371],[77.4617189,27.5004623],[77.4621091,27.5005911],[77.4624301,27.5006744],[77.4627272,27.5007077],[77.4630421,27.5007177],[77.463219,27.5007233],[77.4633235,27.5007552],[77.4635029,27.5008472],[77.4636206,27.5009392],[77.4637409,27.501081],[77.4638656,27.5012297],[77.4639145,27.501288],[77.4641354,27.5015305],[77.4642185,27.5016217],[77.4646521,27.5020945],[77.4647123,27.5021507],[77.4648358,27.5022659],[77.4648694,27.5022957],[77.4649324,27.5023516],[77.4650102,27.5024124],[77.4650869,27.5024727],[77.4653394,27.5026711],[77.4653762,27.5027023],[77.4654444,27.50276],[77.4655438,27.5028667],[77.4656619,27.5030293],[77.4657078,27.5030855],[77.4657644,27.5031385],[77.4658345,27.5031762],[77.4660831,27.5032861],[77.4661481,27.5033148],[77.466275,27.503383],[77.4664043,27.50347],[77.4665617,27.503584],[77.4668805,27.5038584],[77.4670746,27.5040254],[77.4676297,27.5045298],[77.4683268,27.5052323],[77.4686233,27.5055311],[77.4687994,27.5057008],[77.4691218,27.5060107],[77.4694182,27.5063213],[77.469914,27.5068623],[77.4702234,27.507208],[77.4703771,27.5074008],[77.4704899,27.5075594],[77.4705554,27.5076573],[77.4705933,27.5077139],[77.4707681,27.5079914],[77.4709359,27.5082908],[77.4710043,27.5084066],[77.4710727,27.5085058],[77.4717215,27.5092835],[77.4723209,27.5099752],[77.4724055,27.5100674],[77.4724469,27.5101193],[77.472795,27.5105555],[77.4731373,27.5109843],[77.4732083,27.5110717],[77.4732942,27.5111656],[77.4733945,27.5112789],[77.4735577,27.5114392],[77.4737254,27.5115713],[77.4745447,27.5121489],[77.4746541,27.5122377],[77.4747765,27.512347],[77.4752212,27.5127628],[77.4753288,27.5128605],[77.4754097,27.5129256],[77.4755791,27.5130487],[77.4756555,27.5131123],[77.4757119,27.5131598],[77.4757878,27.513242],[77.476385,27.513969],[77.4764902,27.5140902],[77.4770755,27.514717],[77.4771933,27.5148282],[77.4773253,27.5149629],[77.4777419,27.515368],[77.4778389,27.5154631],[77.4779319,27.5155655],[77.4780244,27.5156693],[77.4788599,27.5166882],[77.4792096,27.5171624],[77.4794844,27.5175351],[77.479599,27.5176947],[77.4799606,27.5181981],[77.4802315,27.5185551],[77.4803454,27.5187025],[77.4805408,27.5189552],[77.4809902,27.5195519],[77.4810097,27.5195791],[77.4818107,27.5205063],[77.4828647,27.5214411],[77.4838364,27.5223183],[77.4838765,27.5223459],[77.4842414,27.5226502],[77.4845512,27.522938],[77.4846781,27.5230487],[77.485207,27.5235015]]}},{"type":"Feature","properties":{"kind":"road","name":"","class":"service"},"geometry":{"type":"LineString","coordinates":[[77.4857686,27.5243867],[77.485893,27.5242896],[77.4859138,27.5242861],[77.4859386,27.5242896],[77.4859741,27.5243087],[77.4861156,27.5244377]]}},{"type":"Feature","properties":{"kind":"road","name":"","class":"service"},"geometry":{"type":"LineString","coordinates":[[77.4852298,27.5240666],[77.4857686,27.5243867],[77.4859245,27.5244793],[77.485958,27.5244954],[77.4859782,27.524501],[77.4859942,27.5244978],[77.4860284,27.5244829],[77.4861156,27.5244377],[77.4861605,27.5244222],[77.4861947,27.5244026],[77.4862249,27.5243794],[77.4862648,27.5243262]]}},{"type":"Feature","properties":{"kind":"road","name":"","class":"residential"},"geometry":{"type":"LineString","coordinates":[[77.4867295,27.526018],[77.4867547,27.5260563],[77.4867677,27.526067],[77.4867791,27.5260708],[77.4867976,27.5260718],[77.4868405,27.5260647],[77.4870846,27.5260195],[77.4871838,27.5260123],[77.487267,27.5260147],[77.48733,27.526023],[77.4873531,27.526034],[77.4873709,27.5260501],[77.4873896,27.526074]]}},{"type":"Feature","properties":{"kind":"road","name":"","class":"residential"},"geometry":{"type":"LineString","coordinates":[[77.4865776,27.5279485],[77.487676,27.5277106]]}},{"type":"Feature","properties":{"kind":"road","name":"","class":"residential"},"geometry":{"type":"LineString","coordinates":[[77.4901651,27.5269412],[77.4905393,27.5269198],[77.4907042,27.5269031],[77.4909027,27.5268639],[77.4910583,27.5268258]]}},{"type":"Feature","properties":{"kind":"road","name":"","class":"residential"},"geometry":{"type":"LineString","coordinates":[[77.4876787,27.5258854],[77.4877578,27.526092],[77.48779,27.5262419],[77.4878118,27.5264312]]}},{"type":"Feature","properties":{"kind":"road","name":"","class":"residential"},"geometry":{"type":"LineString","coordinates":[[77.4895629,27.5260385],[77.4894231,27.5257131]]}},{"type":"Feature","properties":{"kind":"road","name":"","class":"residential"},"geometry":{"type":"LineString","coordinates":[[77.488777,27.5258696],[77.4893537,27.5257352],[77.4894231,27.5257131],[77.4895401,27.5256758],[77.4896996,27.5256051]]}},{"type":"Feature","properties":{"kind":"road","name":"","class":"residential"},"geometry":{"type":"LineString","coordinates":[[77.4880743,27.5267033],[77.4879939,27.5263946]]}},{"type":"Feature","properties":{"kind":"road","name":"","class":"residential"},"geometry":{"type":"LineString","coordinates":[[77.4874392,27.526506],[77.4878118,27.5264312],[77.4879939,27.5263946],[77.4881977,27.5263537],[77.4883237,27.5263334]]}},{"type":"Feature","properties":{"kind":"road","name":"","class":"residential"},"geometry":{"type":"LineString","coordinates":[[77.4875676,27.5271503],[77.4882446,27.5270161],[77.488433,27.5269786],[77.4884545,27.5269709],[77.4884632,27.5269584],[77.4884672,27.5269424],[77.4884337,27.5267854],[77.4883224,27.5263537],[77.4883237,27.5263334],[77.4883398,27.526315],[77.488362,27.5263055],[77.4887898,27.5261681]]}},{"type":"Feature","properties":{"kind":"road","name":"","class":"residential"},"geometry":{"type":"LineString","coordinates":[[77.4911575,27.5290795],[77.4916118,27.5289596]]}},{"type":"Feature","properties":{"kind":"road","name":"","class":"residential"},"geometry":{"type":"LineString","coordinates":[[77.4886604,27.5280662],[77.4886027,27.5277523]]}},{"type":"Feature","properties":{"kind":"road","name":"","class":"residential"},"geometry":{"type":"LineString","coordinates":[[77.4898593,27.5273265],[77.4899746,27.5273378],[77.4899961,27.5273509],[77.4900055,27.5273699],[77.4900135,27.5273901],[77.4900806,27.5277737],[77.490102,27.5278984]]}},{"type":"Feature","properties":{"kind":"road","name":"","class":"residential"},"geometry":{"type":"LineString","coordinates":[[77.4902195,27.5278739],[77.4902727,27.5280954],[77.4902727,27.5281055],[77.4902637,27.5281141],[77.4902523,27.5281186],[77.4899787,27.5281637]]}},{"type":"Feature","properties":{"kind":"road","name":"","class":"residential"},"geometry":{"type":"LineString","coordinates":[[77.4902727,27.5281055],[77.4907713,27.5280091],[77.4907927,27.5280044],[77.4908055,27.5279981],[77.4908165,27.5279874],[77.4908195,27.5279663],[77.4908074,27.5277594]]}},{"type":"Feature","properties":{"kind":"road","name":"","class":"residential"},"geometry":{"type":"LineString","coordinates":[[77.4898902,27.5279425],[77.490102,27.5278984],[77.4902195,27.5278739],[77.490444,27.5278272],[77.4908074,27.5277594],[77.4909027,27.5277416],[77.4913139,27.5276681]]}},{"type":"Feature","properties":{"kind":"road","name":"","class":"residential"},"geometry":{"type":"LineString","coordinates":[[77.4876854,27.5278355],[77.4877739,27.5278296],[77.4878651,27.5278088],[77.4879798,27.5277469],[77.4880569,27.5277094],[77.4880991,27.527697],[77.4881601,27.5276916],[77.4882004,27.5277047],[77.4882272,27.5277279],[77.488258,27.5277535],[77.4882969,27.5277719],[77.4883311,27.5277755],[77.4886027,27.5277523],[77.4892022,27.5276726],[77.4893329,27.5276506],[77.4893611,27.52765],[77.4893846,27.5276565],[77.4894033,27.5276696],[77.4895562,27.5278676]]}},{"type":"Feature","properties":{"kind":"road","name":"","class":"residential"},"geometry":{"type":"LineString","coordinates":[[77.4887969,27.5235002],[77.4891103,27.5233162],[77.4891163,27.5233049],[77.489117,27.5232906],[77.4891076,27.5232662],[77.4890175,27.5231343]]}},{"type":"Feature","properties":{"kind":"road","name":"","class":"residential"},"geometry":{"type":"LineString","coordinates":[[77.4888085,27.5244552],[77.4884605,27.524658]]}},{"type":"Feature","properties":{"kind":"road","name":"","class":"service"},"geometry":{"type":"LineString","coordinates":[[77.4876478,27.5230367],[77.4879724,27.5232508],[77.4880392,27.5233219],[77.4881199,27.5234078],[77.4883452,27.5237134]]}},{"type":"Feature","properties":{"kind":"road","name":"","class":"residential"},"geometry":{"type":"LineString","coordinates":[[77.4880649,27.5231425],[77.4885209,27.5228042]]}},{"type":"Feature","properties":{"kind":"road","name":"","class":"residential"},"geometry":{"type":"LineString","coordinates":[[77.4868995,27.5228452],[77.4871405,27.5225396]]}},{"type":"Feature","properties":{"kind":"road","name":"","class":"service"},"geometry":{"type":"LineString","coordinates":[[77.4812695,27.5235433],[77.4812087,27.5231336]]}},{"type":"Feature","properties":{"kind":"road","name":"","class":"residential"},"geometry":{"type":"LineString","coordinates":[[77.4827354,27.5239655],[77.4826628,27.523585]]}},{"type":"Feature","properties":{"kind":"road","name":"","class":"residential"},"geometry":{"type":"LineString","coordinates":[[77.482034,27.5236278],[77.4826628,27.523585],[77.4829144,27.5235679]]}},{"type":"Feature","properties":{"kind":"road","name":"","class":"residential"},"geometry":{"type":"LineString","coordinates":[[77.4829486,27.5238811],[77.4829238,27.523714],[77.4829144,27.5235679],[77.4829137,27.5235225],[77.4829184,27.523356],[77.4829238,27.5231937],[77.4829258,27.5229784]]}},{"type":"Feature","properties":{"kind":"road","name":"","class":"residential"},"geometry":{"type":"LineString","coordinates":[[77.4891552,27.5247909],[77.4893631,27.524848],[77.4894503,27.5249015],[77.4894932,27.5249408],[77.4895307,27.5249586],[77.489567,27.524961],[77.4896836,27.5249408],[77.4898754,27.5248742],[77.4900539,27.5248173]]}},{"type":"Feature","properties":{"kind":"road","name":"","class":"residential"},"geometry":{"type":"LineString","coordinates":[[77.4906546,27.5249765],[77.4901223,27.5250178]]}},{"type":"Feature","properties":{"kind":"road","name":"","class":"residential"},"geometry":{"type":"LineString","coordinates":[[77.4905272,27.5245471],[77.4903656,27.5246215],[77.4903032,27.5246411],[77.4901403,27.524672],[77.4900247,27.5247014]]}},{"type":"Feature","properties":{"kind":"road","name":"","class":"residential"},"geometry":{"type":"LineString","coordinates":[[77.4908551,27.5240553],[77.4908383,27.5239733],[77.4908444,27.5239519],[77.4908551,27.523934],[77.4908832,27.5239156],[77.4910904,27.5238338]]}},{"type":"Feature","properties":{"kind":"road","name":"","class":"residential"},"geometry":{"type":"LineString","coordinates":[[77.4903783,27.5236611],[77.4905567,27.5235582],[77.4906794,27.5234761],[77.4908061,27.5234048],[77.4908716,27.5233762]]}},{"type":"Feature","properties":{"kind":"road","name":"","class":"residential"},"geometry":{"type":"LineString","coordinates":[[77.4903595,27.5233887],[77.4907152,27.5231462]]}},{"type":"Feature","properties":{"kind":"road","name":"","class":"residential"},"geometry":{"type":"LineString","coordinates":[[77.4894134,27.5234113],[77.4893302,27.5232805],[77.4893296,27.5232627],[77.489337,27.5232448],[77.4893604,27.5232294],[77.489512,27.5231794],[77.4897272,27.5230902],[77.4897567,27.5230762],[77.4897624,27.5230691],[77.4897654,27.5230596],[77.4897621,27.5230453],[77.4897587,27.5230236]]}},{"type":"Feature","properties":{"kind":"road","name":"","class":"residential"},"geometry":{"type":"LineString","coordinates":[[77.4891821,27.5235184],[77.4894134,27.5234113],[77.4894932,27.5233745],[77.48964,27.5233221],[77.4897731,27.5232564],[77.4897929,27.5232493],[77.4898094,27.5232475],[77.4898197,27.5232526],[77.4898275,27.5232594],[77.4898865,27.5234179]]}},{"type":"Feature","properties":{"kind":"road","name":"","class":"residential"},"geometry":{"type":"LineString","coordinates":[[77.4908504,27.5256567],[77.4908142,27.5257513],[77.4908055,27.5257822],[77.4908014,27.5258197],[77.4908034,27.5261027],[77.4908001,27.5261598],[77.4907961,27.5262062],[77.4907719,27.5262793],[77.4907498,27.5263403]]}},{"type":"Feature","properties":{"kind":"road","name":"","class":"residential"},"geometry":{"type":"LineString","coordinates":[[77.4936015,27.5303836],[77.494057,27.5302866],[77.4940804,27.5302771],[77.4941103,27.530253],[77.4941166,27.5302375],[77.4941133,27.530151],[77.4940449,27.5297835],[77.4940217,27.5296921],[77.4939549,27.5294282],[77.4939269,27.529315],[77.4939138,27.5292852],[77.493894,27.5292537],[77.4938639,27.5292168]]}},{"type":"Feature","properties":{"kind":"road","name":"","class":"residential"},"geometry":{"type":"LineString","coordinates":[[77.4922396,27.5291886],[77.492284,27.5293893],[77.4923015,27.5294267],[77.4923283,27.5294553],[77.4924007,27.5294945],[77.4924204,27.5295051],[77.4924336,27.5295231],[77.492449,27.5295498],[77.4925322,27.5297084],[77.4925683,27.52978],[77.4926471,27.5299628],[77.4927266,27.5301474],[77.4927923,27.5303175],[77.4928466,27.5304834],[77.492858,27.5304995],[77.4928795,27.5305096],[77.4929056,27.5305125],[77.4929459,27.5305084],[77.4936015,27.5303836]]}},{"type":"Feature","properties":{"kind":"road","name":"","class":"residential"},"geometry":{"type":"LineString","coordinates":[[77.4917737,27.5283514],[77.4918884,27.5287417],[77.4920066,27.5292261]]}},{"type":"Feature","properties":{"kind":"road","name":"","class":"residential"},"geometry":{"type":"LineString","coordinates":[[77.4937727,27.5292769],[77.4938052,27.5292707],[77.4938404,27.5292564],[77.4938541,27.5292391],[77.4938639,27.5292168],[77.4938706,27.5291865],[77.4938382,27.5289253]]}},{"type":"Feature","properties":{"kind":"road","name":"","class":"residential"},"geometry":{"type":"LineString","coordinates":[[77.4916837,27.5280129],[77.491763,27.5283273],[77.4917737,27.5283514],[77.4917851,27.528357],[77.4918016,27.5283585],[77.4918431,27.5283558]]}},{"type":"Feature","properties":{"kind":"road","name":"","class":"residential"},"geometry":{"type":"LineString","coordinates":[[77.4915909,27.5276365],[77.4916697,27.5280159]]}},{"type":"Feature","properties":{"kind":"road","name":"","class":"residential"},"geometry":{"type":"LineString","coordinates":[[77.4926032,27.5278165],[77.4916837,27.5280129],[77.4916697,27.5280159],[77.4913902,27.5280746]]}},{"type":"Feature","properties":{"kind":"road","name":"","class":"residential"},"geometry":{"type":"LineString","coordinates":[[77.493019,27.5277427],[77.4926032,27.5278165]]}},{"type":"Feature","properties":{"kind":"road","name":"","class":"residential"},"geometry":{"type":"LineString","coordinates":[[77.4925383,27.5268959],[77.4929587,27.5269092]]}},{"type":"Feature","properties":{"kind":"road","name":"","class":"residential"},"geometry":{"type":"LineString","coordinates":[[77.494525,27.526764],[77.4944606,27.5263192],[77.49447,27.5262764],[77.4944855,27.5262508],[77.4945304,27.5262264],[77.4949501,27.5261336]]}},{"type":"Feature","properties":{"kind":"road","name":"","class":"residential"},"geometry":{"type":"LineString","coordinates":[[77.4922251,27.5272024],[77.4922463,27.5275191]]}},{"type":"Feature","properties":{"kind":"road","name":"","class":"residential"},"geometry":{"type":"LineString","coordinates":[[77.4925415,27.5274621],[77.4929667,27.5273735]]}},{"type":"Feature","properties":{"kind":"road","name":"","class":"residential"},"geometry":{"type":"LineString","coordinates":[[77.4913171,27.5276845],[77.4915909,27.5276365],[77.4921043,27.5275465],[77.4922463,27.5275191],[77.4925415,27.5274621]]}},{"type":"Feature","properties":{"kind":"road","name":"","class":"residential"},"geometry":{"type":"LineString","coordinates":[[77.493097,27.5238637],[77.4930619,27.524072],[77.4930619,27.5240934],[77.4930692,27.5241071],[77.4930827,27.5241148],[77.4932635,27.5241356]]}},{"type":"Feature","properties":{"kind":"road","name":"","class":"residential"},"geometry":{"type":"LineString","coordinates":[[77.4916618,27.5241166],[77.4911431,27.5241744]]}},{"type":"Feature","properties":{"kind":"road","name":"","class":"residential"},"geometry":{"type":"LineString","coordinates":[[77.4911855,27.5232377],[77.4912279,27.5233869],[77.4912266,27.5234089],[77.4912179,27.5234226],[77.4911374,27.5234631],[77.4909501,27.5235289]]}},{"type":"Feature","properties":{"kind":"road","name":"","class":"residential"},"geometry":{"type":"LineString","coordinates":[[77.4909984,27.5226911],[77.4906452,27.5228928]]}},{"type":"Feature","properties":{"kind":"road","name":"","class":"residential"},"geometry":{"type":"LineString","coordinates":[[77.4916336,27.5238002],[77.4920118,27.5237586],[77.4923484,27.5237134],[77.4924916,27.523705]]}},{"type":"Feature","properties":{"kind":"road","name":"","class":"residential"},"geometry":{"type":"LineString","coordinates":[[77.4917275,27.522888],[77.4916892,27.5228143],[77.4916745,27.5228054],[77.4916537,27.5228054],[77.4916155,27.5228125],[77.4913573,27.5229561]]}},{"type":"Feature","properties":{"kind":"road","name":"","class":"residential"},"geometry":{"type":"LineString","coordinates":[[77.4923725,27.5268092],[77.4923551,27.5272076]]}},{"type":"Feature","properties":{"kind":"road","name":"","class":"residential"},"geometry":{"type":"LineString","coordinates":[[77.4913613,27.5267765],[77.4910511,27.5268142]]}},{"type":"Feature","properties":{"kind":"road","name":"","class":"residential"},"geometry":{"type":"LineString","coordinates":[[77.4920265,27.5254028],[77.4920581,27.5253796],[77.4920795,27.5253725],[77.4921003,27.5253725],[77.4921291,27.5253844],[77.4922921,27.5254896],[77.4925201,27.5256538],[77.4926351,27.525737],[77.4926478,27.5257424],[77.4926629,27.5257436],[77.49268,27.5257397],[77.4930733,27.5256359],[77.4932815,27.5255875],[77.4935269,27.5255142]]}},{"type":"Feature","properties":{"kind":"road","name":"","class":"residential"},"geometry":{"type":"LineString","coordinates":[[77.491942,27.5249717],[77.4919246,27.5246399],[77.4919178,27.5245205]]}},{"type":"Feature","properties":{"kind":"road","name":"","class":"residential"},"geometry":{"type":"LineString","coordinates":[[77.4910348,27.5256883],[77.4911065,27.5255866],[77.4911273,27.5255684],[77.4911615,27.5255622],[77.491191,27.5255622],[77.491356,27.5256187],[77.4915327,27.5256869]]}},{"type":"Feature","properties":{"kind":"road","name":"","class":"residential"},"geometry":{"type":"LineString","coordinates":[[77.4911209,27.5247222],[77.4911287,27.5247657],[77.4911277,27.52479],[77.4911169,27.524815],[77.4909976,27.5250674],[77.4908625,27.5253564],[77.4908376,27.5254213],[77.490836,27.5254382],[77.49084,27.5254513],[77.4908501,27.5254605],[77.4908745,27.5254709],[77.4910123,27.525517],[77.4910177,27.5255238],[77.4910174,27.5255336],[77.4909959,27.5255869],[77.4909952,27.5255958],[77.4909969,27.5256038],[77.491009,27.5256148],[77.4910221,27.5256333],[77.4910321,27.5256573],[77.4910348,27.5256883],[77.4910348,27.525715],[77.4910195,27.525764]]}},{"type":"Feature","properties":{"kind":"road","name":"","class":"residential"},"geometry":{"type":"LineString","coordinates":[[77.4917382,27.5252286],[77.4916456,27.525435],[77.4915327,27.5256869],[77.4915089,27.52574],[77.491466,27.5258441],[77.4914479,27.5258978]]}},{"type":"Feature","properties":{"kind":"road","name":"","class":"service"},"geometry":{"type":"LineString","coordinates":[[77.4873501,27.523403],[77.4880392,27.5233219]]}},{"type":"Feature","properties":{"kind":"road","name":"","class":"service"},"geometry":{"type":"LineString","coordinates":[[77.4914948,27.5317006],[77.491755,27.5315894],[77.4917771,27.5315861],[77.4917918,27.5315873],[77.4918079,27.531593],[77.4918804,27.5316209],[77.4919186,27.5316209],[77.4919461,27.5316138],[77.4921612,27.5315035]]}},{"type":"Feature","properties":{"kind":"road","name":"","class":"service"},"geometry":{"type":"LineString","coordinates":[[77.4849582,27.5263222],[77.4851708,27.5266748],[77.4851976,27.5267426],[77.4852017,27.5267985],[77.4851949,27.5268555]]}},{"type":"Feature","properties":{"kind":"road","name":"","class":"unclassified"},"geometry":{"type":"LineString","coordinates":[[77.4742444,27.5171346],[77.4740292,27.5178979],[77.4740061,27.5179758],[77.4739799,27.5180427],[77.4739275,27.5181397],[77.4737457,27.5184649],[77.4735824,27.5187518],[77.4732034,27.5194281],[77.4728491,27.5200538],[77.4721713,27.5212424],[77.4716244,27.5222069],[77.4714543,27.5224862]]}},{"type":"Feature","properties":{"kind":"road","name":"","class":"unclassified"},"geometry":{"type":"LineString","coordinates":[[77.4754097,27.5129256],[77.4753189,27.5132807],[77.4751324,27.5139206],[77.4748615,27.5148935],[77.4745274,27.5160898]]}},{"type":"Feature","properties":{"kind":"road","name":"","class":"unclassified"},"geometry":{"type":"LineString","coordinates":[[77.4623614,27.5203662],[77.4623876,27.5204089],[77.4624107,27.5204376],[77.4624354,27.5204568],[77.4624847,27.5204636],[77.4625355,27.5204718],[77.4625755,27.5204854],[77.4626187,27.5205005],[77.4626587,27.5205223],[77.4627065,27.5205661],[77.4627604,27.5206275],[77.4628575,27.5207621],[77.4630855,27.5211904],[77.4631348,27.5212983],[77.4631702,27.5213899],[77.4632056,27.5215046],[77.463295,27.5217833],[77.4633165,27.5218339],[77.4633489,27.5218721],[77.4633905,27.5218981],[77.4634475,27.5219077],[77.4639385,27.5219443]]}},{"type":"Feature","properties":{"kind":"road","name":"","class":"service"},"geometry":{"type":"LineString","coordinates":[[77.4566632,27.5048638],[77.4570598,27.5055268],[77.4570842,27.5055556],[77.4571106,27.5055664],[77.4571452,27.50557],[77.4571859,27.5055592],[77.4572481,27.5055317],[77.4572776,27.5055291],[77.4573014,27.5055374],[77.45732,27.5055538],[77.4577042,27.5062245]]}},{"type":"Feature","properties":{"kind":"road","name":"","class":"residential"},"geometry":{"type":"LineString","coordinates":[[77.457181,27.5044581],[77.4580385,27.5059643]]}},{"type":"Feature","properties":{"kind":"road","name":"","class":"residential"},"geometry":{"type":"LineString","coordinates":[[77.4596532,27.5027243],[77.460556,27.5025406],[77.4606131,27.5025285],[77.4606948,27.5025151],[77.4607462,27.502514],[77.46078,27.5025223],[77.4608162,27.5025399],[77.4608431,27.5025617],[77.4609381,27.5026548],[77.4612777,27.5029877],[77.4614094,27.5031168],[77.4614525,27.5031523],[77.4614926,27.5031715],[77.4615373,27.5031701],[77.4615927,27.5031551],[77.4617406,27.5030471],[77.4617681,27.5030301],[77.4617929,27.5030238],[77.4618247,27.5030285],[77.4618548,27.5030505],[77.4621905,27.5035452]]}},{"type":"Feature","properties":{"kind":"road","name":"","class":"residential"},"geometry":{"type":"LineString","coordinates":[[77.4612777,27.5029877],[77.461693,27.5026118]]}},{"type":"Feature","properties":{"kind":"road","name":"","class":"residential"},"geometry":{"type":"LineString","coordinates":[[77.460556,27.5025406],[77.4608372,27.5032735]]}},{"type":"Feature","properties":{"kind":"road","name":"","class":"residential"},"geometry":{"type":"LineString","coordinates":[[77.4612777,27.5029877],[77.461087,27.5031115],[77.4608372,27.5032735],[77.4608067,27.5032952],[77.4607783,27.5033222],[77.4607641,27.5033583],[77.46076,27.5034052],[77.4607763,27.5035151],[77.4607884,27.5035692],[77.4608047,27.5036179],[77.4608372,27.5036738],[77.4608799,27.5037459],[77.4608982,27.5038018],[77.4608982,27.5038397],[77.4608779,27.5038757],[77.4608433,27.5039082],[77.4607763,27.5039515],[77.4607458,27.5039731],[77.4607112,27.504002],[77.4606858,27.504043],[77.4606685,27.5040831],[77.4606111,27.5042924],[77.4605913,27.5043517],[77.4605763,27.5043912],[77.4605506,27.5044473],[77.4605364,27.5044834],[77.4605283,27.504514],[77.4605283,27.504541],[77.4605773,27.5046469]]}},{"type":"Feature","properties":{"kind":"road","name":"","class":"residential"},"geometry":{"type":"LineString","coordinates":[[77.4609381,27.5026548],[77.461087,27.5031115]]}},{"type":"Feature","properties":{"kind":"road","name":"","class":"residential"},"geometry":{"type":"LineString","coordinates":[[77.462787,27.5028484],[77.4621264,27.5025414]]}},{"type":"Feature","properties":{"kind":"road","name":"","class":"residential"},"geometry":{"type":"LineString","coordinates":[[77.4616482,27.504021],[77.4615533,27.5039125],[77.4613814,27.503716]]}},{"type":"Feature","properties":{"kind":"road","name":"","class":"residential"},"geometry":{"type":"LineString","coordinates":[[77.4602736,27.5047522],[77.4605159,27.5046685],[77.4605773,27.5046469],[77.4606544,27.5046169],[77.4607337,27.5045862],[77.4608064,27.5045496],[77.4611687,27.5043536],[77.4612216,27.5043176],[77.4612541,27.5042779],[77.4612825,27.5042418],[77.4613069,27.5042022],[77.4613862,27.5040651],[77.4614167,27.5040201],[77.4614431,27.5039822],[77.4614838,27.503948],[77.4615533,27.5039125]]}},{"type":"Feature","properties":{"kind":"road","name":"","class":"residential"},"geometry":{"type":"LineString","coordinates":[[77.4613862,27.5040651],[77.4609869,27.5036237]]}},{"type":"Feature","properties":{"kind":"road","name":"","class":"residential"},"geometry":{"type":"LineString","coordinates":[[77.4628074,27.5027463],[77.4630461,27.5027562],[77.4631345,27.5027687],[77.4632124,27.5027844],[77.4633097,27.5028111],[77.4634018,27.5028409],[77.463469,27.502866],[77.4635504,27.50291],[77.4636176,27.5029602],[77.4638035,27.5031439],[77.4641676,27.5035611],[77.464494,27.5039352]]}},{"type":"Feature","properties":{"kind":"road","name":"","class":"residential"},"geometry":{"type":"LineString","coordinates":[[77.4657827,27.50346],[77.4645684,27.5039012],[77.464494,27.5039352],[77.4644078,27.5039828],[77.4638594,27.5042737]]}},{"type":"Feature","properties":{"kind":"road","name":"","class":"residential"},"geometry":{"type":"LineString","coordinates":[[77.4648694,27.5022957],[77.464486,27.5026008],[77.4642277,27.5028063],[77.4639582,27.5030208],[77.4638035,27.5031439]]}},{"type":"Feature","properties":{"kind":"road","name":"","class":"residential"},"geometry":{"type":"LineString","coordinates":[[77.4641676,27.5035611],[77.4643599,27.5034376],[77.4646451,27.5032544],[77.4649725,27.5030526],[77.4652298,27.5028966],[77.4654444,27.50276]]}},{"type":"Feature","properties":{"kind":"road","name":"","class":"residential"},"geometry":{"type":"LineString","coordinates":[[77.4646451,27.5032544],[77.4642277,27.5028063]]}},{"type":"Feature","properties":{"kind":"road","name":"","class":"residential"},"geometry":{"type":"LineString","coordinates":[[77.4649725,27.5030526],[77.464486,27.5026008]]}},{"type":"Feature","properties":{"kind":"road","name":"","class":"residential"},"geometry":{"type":"LineString","coordinates":[[77.4665617,27.503584],[77.46717,27.5031406],[77.4672102,27.5030954],[77.4672183,27.5030526],[77.4671861,27.5030026],[77.467045,27.5027905]]}},{"type":"Feature","properties":{"kind":"road","name":"","class":"residential"},"geometry":{"type":"LineString","coordinates":[[77.4660831,27.5032861],[77.4663184,27.5030381],[77.4665216,27.5027893],[77.4665434,27.5027428],[77.4665434,27.5027042],[77.4664944,27.5026124],[77.4663855,27.5025303]]}},{"type":"Feature","properties":{"kind":"road","name":"","class":"residential"},"geometry":{"type":"LineString","coordinates":[[77.4653762,27.5027023],[77.4654562,27.5026721],[77.4655076,27.5026501],[77.4655589,27.5026376],[77.465619,27.5026297],[77.4657907,27.5026266]]}},{"type":"Feature","properties":{"kind":"road","name":"","class":"residential"},"geometry":{"type":"LineString","coordinates":[[77.4663184,27.5030381],[77.4661013,27.5027967],[77.4659553,27.5026344],[77.4659323,27.5026046],[77.4659216,27.5025701],[77.4659358,27.5025418],[77.4661345,27.5023316],[77.4662207,27.5022405],[77.4665032,27.5019932]]}},{"type":"Feature","properties":{"kind":"road","name":"","class":"residential"},"geometry":{"type":"LineString","coordinates":[[77.4639582,27.5030208],[77.4643599,27.5034376]]}},{"type":"Feature","properties":{"kind":"road","name":"","class":"service"},"geometry":{"type":"LineString","coordinates":[[77.4671861,27.5030026],[77.4678194,27.5026228],[77.4682369,27.5023724]]}},{"type":"Feature","properties":{"kind":"road","name":"","class":"residential"},"geometry":{"type":"LineString","coordinates":[[77.4668805,27.5038584],[77.4663004,27.5041564],[77.4661824,27.5042158],[77.4660912,27.5042539],[77.4659973,27.5042872],[77.4657561,27.5043529]]}},{"type":"Feature","properties":{"kind":"road","name":"","class":"residential"},"geometry":{"type":"LineString","coordinates":[[77.4657657,27.5040249],[77.4652451,27.5041744],[77.4651577,27.5041978],[77.4650947,27.5042231],[77.4650195,27.5042592],[77.4649707,27.5042844],[77.4648935,27.5043349],[77.4645113,27.5045873],[77.4643741,27.504681],[77.4642552,27.5047694],[77.4640842,27.5049118],[77.4639218,27.5050471]]}},{"type":"Feature","properties":{"kind":"road","name":"","class":"residential"},"geometry":{"type":"LineString","coordinates":[[77.4657593,27.5042372],[77.4653181,27.5043502],[77.4652508,27.5043722],[77.4651748,27.5044067],[77.4650827,27.504457],[77.4648226,27.5046014],[77.4645663,27.5047446],[77.4641429,27.504989]]}},{"type":"Feature","properties":{"kind":"road","name":"","class":"residential"},"geometry":{"type":"LineString","coordinates":[[77.465757,27.5044321],[77.4654164,27.5045262],[77.4653261,27.504556],[77.4652447,27.5045953],[77.4651713,27.5046369],[77.4650979,27.5046785],[77.4645882,27.5049641],[77.4642621,27.5051458]]}},{"type":"Feature","properties":{"kind":"road","name":"","class":"residential"},"geometry":{"type":"LineString","coordinates":[[77.4657659,27.5047412],[77.4659359,27.5046592],[77.466095,27.5045826],[77.4662554,27.5045053],[77.46628,27.504496],[77.4663095,27.5044984],[77.4663336,27.5045103],[77.4663713,27.5045912],[77.4664198,27.5047006],[77.4664603,27.5047767],[77.4664989,27.5048368],[77.4665455,27.5048969],[77.4666984,27.505124],[77.4670578,27.5056212],[77.4670919,27.505671],[77.4671187,27.5057142],[77.4671362,27.5057591],[77.4671475,27.5058152],[77.4671543,27.5058492],[77.467169,27.5058986],[77.46719,27.5059425],[77.4673782,27.5062576],[77.4678804,27.5070101]]}},{"type":"Feature","properties":{"kind":"road","name":"","class":"residential"},"geometry":{"type":"LineString","coordinates":[[77.4657634,27.5046756],[77.4654254,27.5048322],[77.4648058,27.5051193],[77.4647651,27.5051464],[77.4647387,27.5051788],[77.4647346,27.5052185],[77.4647489,27.5052618],[77.4648637,27.5054722],[77.4648872,27.5055123],[77.4649168,27.5055661],[77.4651147,27.5059304],[77.4652686,27.5062136],[77.4652804,27.506233],[77.465298,27.5062425],[77.4653252,27.5062438],[77.4653504,27.5062336],[77.4656651,27.5061169]]}},{"type":"Feature","properties":{"kind":"road","name":"","class":"residential"},"geometry":{"type":"LineString","coordinates":[[77.46566,27.5052367],[77.4648872,27.5055123]]}},{"type":"Feature","properties":{"kind":"road","name":"","class":"residential"},"geometry":{"type":"LineString","coordinates":[[77.466095,27.5045826],[77.4662591,27.5048236],[77.4662715,27.5048566],[77.4662733,27.5048895],[77.4662573,27.5049194],[77.4661551,27.5049821]]}},{"type":"Feature","properties":{"kind":"road","name":"","class":"residential"},"geometry":{"type":"LineString","coordinates":[[77.4659359,27.5046592],[77.4661551,27.5049821],[77.4663761,27.5053091],[77.4663929,27.5053338],[77.4663944,27.505362],[77.4663749,27.5053809],[77.466336,27.5054013],[77.4657441,27.5056737],[77.4655927,27.5057434]]}},{"type":"Feature","properties":{"kind":"road","name":"","class":"residential"},"geometry":{"type":"LineString","coordinates":[[77.465691,27.5054345],[77.4656906,27.5054853],[77.4656799,27.5055293],[77.4656531,27.5055685],[77.4656101,27.5056078],[77.46559,27.5056233],[77.4655739,27.5056375],[77.4655689,27.5056604],[77.4655753,27.5056792],[77.4655914,27.5057053],[77.4655954,27.5057244],[77.4655927,27.5057434],[77.4655726,27.5057612],[77.4655256,27.5057826],[77.4655015,27.5057934],[77.4654894,27.5058088],[77.4654935,27.5058302],[77.4655444,27.5059242],[77.4656262,27.5060705],[77.465645,27.5060991],[77.4656651,27.5061169],[77.4656893,27.5061288],[77.4657389,27.5061478],[77.4657724,27.5061657],[77.4658019,27.5061966],[77.4664739,27.507128],[77.4668633,27.5076883],[77.4672809,27.5082078],[77.4678135,27.5088608],[77.4682329,27.5093489],[77.4687974,27.5099673],[77.4694398,27.5107049],[77.4696415,27.5109357],[77.4697619,27.5110957],[77.4702715,27.5118161],[77.4705936,27.5122729],[77.4711611,27.513029],[77.4712372,27.5131216],[77.4713239,27.5132189],[77.4717769,27.5137729],[77.4719167,27.5139283],[77.4724299,27.5144839],[77.4729165,27.5150426],[77.4731678,27.5153094],[77.4737341,27.5159026],[77.4742667,27.5164708]]}},{"type":"Feature","properties":{"kind":"road","name":"","class":"residential"},"geometry":{"type":"LineString","coordinates":[[77.4655015,27.5057934],[77.4651147,27.5059304]]}},{"type":"Feature","properties":{"kind":"road","name":"","class":"residential"},"geometry":{"type":"LineString","coordinates":[[77.4655739,27.5056375],[77.4652889,27.5057488],[77.465268,27.5057538],[77.4652426,27.505752],[77.4652273,27.5057385],[77.4651745,27.5056312]]}},{"type":"Feature","properties":{"kind":"road","name":"","class":"residential"},"geometry":{"type":"LineString","coordinates":[[77.4654254,27.5048322],[77.4654966,27.5049323],[77.4655234,27.5049668],[77.4655529,27.5049953],[77.4655878,27.5050155],[77.465647,27.5050292]]}},{"type":"Feature","properties":{"kind":"road","name":"","class":"residential"},"geometry":{"type":"LineString","coordinates":[[77.4666984,27.505124],[77.4663761,27.5053091]]}},{"type":"Feature","properties":{"kind":"road","name":"","class":"residential"},"geometry":{"type":"LineString","coordinates":[[77.4664319,27.5055171],[77.466269,27.5055933],[77.4658187,27.5058043],[77.4655444,27.5059242]]}},{"type":"Feature","properties":{"kind":"road","name":"","class":"residential"},"geometry":{"type":"LineString","coordinates":[[77.4658187,27.5058043],[77.4657441,27.5056737]]}},{"type":"Feature","properties":{"kind":"road","name":"","class":"residential"},"geometry":{"type":"LineString","coordinates":[[77.4640842,27.5049118],[77.4641429,27.504989],[77.4642621,27.5051458],[77.4643884,27.5053348],[77.4646368,27.5057209]]}},{"type":"Feature","properties":{"kind":"road","name":"","class":"residential"},"geometry":{"type":"LineString","coordinates":[[77.4649168,27.5055661],[77.4646368,27.5057209],[77.4644768,27.5058194],[77.4643722,27.5058797],[77.4642746,27.5059303],[77.464216,27.5059591],[77.464177,27.5059783],[77.4637933,27.5061601],[77.463754,27.5061787],[77.4635668,27.5062674],[77.463506,27.506298],[77.4634482,27.5063314],[77.4633788,27.5063789],[77.4630385,27.5066202],[77.4625552,27.5069876],[77.4624091,27.5070935],[77.4623294,27.5071477],[77.4622707,27.5071823],[77.4621088,27.507278],[77.4620459,27.5073152],[77.4619864,27.5073503],[77.4619038,27.5073959],[77.4618253,27.5074344],[77.4615204,27.5075586],[77.4612839,27.5076703]]}},{"type":"Feature","properties":{"kind":"road","name":"","class":"residential"},"geometry":{"type":"LineString","coordinates":[[77.4615204,27.5075586],[77.4614312,27.5073682],[77.4613426,27.5071789],[77.4612486,27.5069837],[77.4611498,27.5067787]]}},{"type":"Feature","properties":{"kind":"road","name":"","class":"residential"},"geometry":{"type":"LineString","coordinates":[[77.4605565,27.5053317],[77.4606215,27.5054475],[77.4606418,27.5054962],[77.4606581,27.5055575],[77.4606662,27.5056224],[77.4606682,27.5058782],[77.460659,27.5059889],[77.4606498,27.5060408],[77.4606251,27.5060791],[77.4605835,27.5061201],[77.4605558,27.5061419],[77.4605358,27.5061638],[77.4605219,27.5061966],[77.4605173,27.5062512],[77.460488,27.506489],[77.4604865,27.5065177],[77.4604942,27.5065423],[77.4605157,27.5065546],[77.4608467,27.5065535]]}},{"type":"Feature","properties":{"kind":"road","name":"","class":"residential"},"geometry":{"type":"LineString","coordinates":[[77.460659,27.5059889],[77.4607024,27.5060994],[77.4607188,27.5061367],[77.4607398,27.506175],[77.4607655,27.5062082],[77.4607853,27.5062341],[77.4607993,27.5062599],[77.4608087,27.5062941],[77.4608122,27.5063314],[77.4608467,27.5065535],[77.4608834,27.5067891],[77.4608951,27.506846],[77.4609033,27.5068854],[77.4609184,27.5069392],[77.4610918,27.5072841],[77.4612839,27.5076703],[77.4613337,27.5077827],[77.4613695,27.5078894],[77.4614724,27.5082093],[77.461507,27.5083368],[77.4615465,27.5084521],[77.4615996,27.5086033],[77.4616551,27.5087348],[77.4617637,27.5089927],[77.4618542,27.5092096],[77.4619447,27.5094265],[77.4620848,27.5097361],[77.4621338,27.5098293],[77.4622073,27.5099702],[77.4623346,27.5102373],[77.4624712,27.5104962],[77.4625529,27.5106577],[77.4626405,27.5108534],[77.4626965,27.5109777],[77.4627549,27.5110595],[77.4628553,27.511162],[77.4631694,27.5115317],[77.4635266,27.51192]]}},{"type":"Feature","properties":{"kind":"road","name":"","class":"residential"},"geometry":{"type":"LineString","coordinates":[[77.4609033,27.5068854],[77.4611498,27.5067787],[77.4613334,27.5066789],[77.4614086,27.506638],[77.4614613,27.5066101],[77.461477,27.5066367],[77.4615037,27.5066713],[77.4615301,27.506707],[77.4616156,27.5068364],[77.4617117,27.507023],[77.4618113,27.5072164],[77.4619038,27.5073959]]}},{"type":"Feature","properties":{"kind":"road","name":"","class":"residential"},"geometry":{"type":"LineString","coordinates":[[77.4617117,27.507023],[77.4613426,27.5071789],[77.4610918,27.5072841]]}},{"type":"Feature","properties":{"kind":"road","name":"","class":"residential"},"geometry":{"type":"LineString","coordinates":[[77.4613334,27.5066789],[77.461117,27.5063722]]}},{"type":"Feature","properties":{"kind":"road","name":"","class":"residential"},"geometry":{"type":"LineString","coordinates":[[77.4621088,27.507278],[77.4616766,27.5064768]]}},{"type":"Feature","properties":{"kind":"road","name":"","class":"residential"},"geometry":{"type":"LineString","coordinates":[[77.4614613,27.5066101],[77.4616157,27.5065151],[77.4616766,27.5064768],[77.4617288,27.5064438]]}},{"type":"Feature","properties":{"kind":"road","name":"","class":"residential"},"geometry":{"type":"LineString","coordinates":[[77.4623294,27.5071477],[77.4619118,27.5065417],[77.4615134,27.5059683],[77.4612593,27.5055987],[77.4612329,27.5055501],[77.4612125,27.5054942],[77.4611963,27.5054329],[77.4611861,27.5053716],[77.4611658,27.5053193],[77.4611251,27.5052544],[77.4609355,27.5050266]]}},{"type":"Feature","properties":{"kind":"road","name":"","class":"residential"},"geometry":{"type":"LineString","coordinates":[[77.4606662,27.5056224],[77.4611963,27.5054329]]}},{"type":"Feature","properties":{"kind":"road","name":"","class":"residential"},"geometry":{"type":"LineString","coordinates":[[77.4614312,27.5073682],[77.4618113,27.5072164]]}},{"type":"Feature","properties":{"kind":"road","name":"","class":"residential"},"geometry":{"type":"LineString","coordinates":[[77.4620459,27.5073152],[77.4622992,27.5077377]]}},{"type":"Feature","properties":{"kind":"road","name":"","class":"residential"},"geometry":{"type":"LineString","coordinates":[[77.4599564,27.5067923],[77.4609033,27.5068854]]}},{"type":"Feature","properties":{"kind":"road","name":"","class":"residential"},"geometry":{"type":"LineString","coordinates":[[77.4598451,27.5073763],[77.4602796,27.5074357],[77.4604631,27.5074621],[77.4605245,27.5074694],[77.4606179,27.5074676],[77.4609172,27.5074374]]}},{"type":"Feature","properties":{"kind":"road","name":"","class":"residential"},"geometry":{"type":"LineString","coordinates":[[77.4604631,27.5074621],[77.4604812,27.5073547],[77.4604889,27.5073301],[77.4605074,27.5073041],[77.4605382,27.5072905],[77.4605829,27.507285],[77.4608001,27.5072864],[77.4608324,27.5072905],[77.4608602,27.5073069],[77.4608756,27.5073328],[77.4609172,27.5074374],[77.4615073,27.5089175],[77.4615498,27.5090242]]}},{"type":"Feature","properties":{"kind":"road","name":"","class":"residential"},"geometry":{"type":"LineString","coordinates":[[77.4596026,27.5086883],[77.4602143,27.5087845],[77.4605471,27.5088376],[77.4606038,27.5088504],[77.4606486,27.508872],[77.4606872,27.5089099],[77.460915,27.509205],[77.4609738,27.5092813]]}},{"type":"Feature","properties":{"kind":"road","name":"","class":"residential"},"geometry":{"type":"LineString","coordinates":[[77.4615073,27.5089175],[77.461155,27.5090885],[77.460915,27.509205]]}},{"type":"Feature","properties":{"kind":"road","name":"","class":"residential"},"geometry":{"type":"LineString","coordinates":[[77.4604631,27.5074621],[77.4603521,27.5080523],[77.4602143,27.5087845]]}},{"type":"Feature","properties":{"kind":"road","name":"","class":"residential"},"geometry":{"type":"LineString","coordinates":[[77.4605245,27.5074694],[77.4607566,27.5081074],[77.4607639,27.508123],[77.461155,27.5090885]]}},{"type":"Feature","properties":{"kind":"road","name":"","class":"residential"},"geometry":{"type":"LineString","coordinates":[[77.4607566,27.5081074],[77.4607529,27.5081292],[77.4606038,27.5088504]]}},{"type":"Feature","properties":{"kind":"road","name":"","class":"residential"},"geometry":{"type":"LineString","coordinates":[[77.4600933,27.5056595],[77.4598649,27.5058657],[77.4592909,27.5063839],[77.4592442,27.5064295],[77.4592005,27.5064765],[77.4591537,27.5065401],[77.4591085,27.5066176],[77.4589001,27.5069776],[77.4587437,27.507244],[77.4586285,27.5074502],[77.4585401,27.5076199],[77.4583488,27.5080075],[77.4579004,27.5088441],[77.4575957,27.5094228],[77.457159,27.5102425],[77.4568395,27.5108172]]}},{"type":"Feature","properties":{"kind":"road","name":"","class":"residential"},"geometry":{"type":"LineString","coordinates":[[77.4598649,27.5058657],[77.4595227,27.5053377],[77.4594836,27.5052738],[77.4594651,27.5052264],[77.4594465,27.505168],[77.4594177,27.505033]]}},{"type":"Feature","properties":{"kind":"road","name":"","class":"service"},"geometry":{"type":"LineString","coordinates":[[77.4594651,27.5052264],[77.45907,27.5053651]]}},{"type":"Feature","properties":{"kind":"road","name":"","class":"service"},"geometry":{"type":"LineString","coordinates":[[77.4592005,27.5064765],[77.4589301,27.5060184]]}},{"type":"Feature","properties":{"kind":"road","name":"","class":"residential"},"geometry":{"type":"LineString","coordinates":[[77.4594152,27.5094718],[77.4586092,27.5091378],[77.4579004,27.5088441]]}},{"type":"Feature","properties":{"kind":"road","name":"","class":"residential"},"geometry":{"type":"LineString","coordinates":[[77.4586092,27.5091378],[77.4587763,27.5083181],[77.4587804,27.5082651],[77.4587742,27.5082177],[77.4587422,27.5081802],[77.4586816,27.5081465],[77.4583488,27.5080075]]}},{"type":"Feature","properties":{"kind":"road","name":"","class":"residential"},"geometry":{"type":"LineString","coordinates":[[77.4591775,27.5106933],[77.4584638,27.5105957],[77.4580487,27.5105389],[77.4577234,27.5104944],[77.4576741,27.5104855],[77.4576173,27.5104751],[77.4575425,27.5104447],[77.4574333,27.5103976],[77.4573927,27.5103747],[77.4573399,27.5103448],[77.457159,27.5102425]]}},{"type":"Feature","properties":{"kind":"road","name":"","class":"residential"},"geometry":{"type":"LineString","coordinates":[[77.4580487,27.5105389],[77.4582341,27.5095457]]}},{"type":"Feature","properties":{"kind":"road","name":"","class":"residential"},"geometry":{"type":"LineString","coordinates":[[77.4584638,27.5105957],[77.458643,27.5096547]]}},{"type":"Feature","properties":{"kind":"road","name":"","class":"residential"},"geometry":{"type":"LineString","coordinates":[[77.4576741,27.5104855],[77.4575844,27.5108818]]}},{"type":"Feature","properties":{"kind":"road","name":"","class":"residential"},"geometry":{"type":"LineString","coordinates":[[77.4573399,27.5103448],[77.4571137,27.5106982]]}},{"type":"Feature","properties":{"kind":"road","name":"","class":"residential"},"geometry":{"type":"LineString","coordinates":[[77.4573927,27.5103747],[77.4577584,27.5096942]]}},{"type":"Feature","properties":{"kind":"road","name":"","class":"service"},"geometry":{"type":"LineString","coordinates":[[77.463754,27.5061787],[77.4635981,27.5059314]]}},{"type":"Feature","properties":{"kind":"road","name":"","class":"service"},"geometry":{"type":"LineString","coordinates":[[77.4637933,27.5061601],[77.4640707,27.5067196]]}},{"type":"Feature","properties":{"kind":"road","name":"","class":"service"},"geometry":{"type":"LineString","coordinates":[[77.464216,27.5059591],[77.4640132,27.5055691]]}},{"type":"Feature","properties":{"kind":"road","name":"","class":"service"},"geometry":{"type":"LineString","coordinates":[[77.4678194,27.5026228],[77.4687116,27.5036449],[77.4693903,27.5044082],[77.4694078,27.5044526],[77.4694078,27.5044903],[77.4693794,27.5045197],[77.4683268,27.5052323]]}},{"type":"Feature","properties":{"kind":"road","name":"","class":"residential"},"geometry":{"type":"LineString","coordinates":[[77.4687994,27.5057008],[77.4694432,27.5052642],[77.4695816,27.5051704]]}},{"type":"Feature","properties":{"kind":"road","name":"","class":"residential"},"geometry":{"type":"LineString","coordinates":[[77.4727108,27.5046888],[77.4730425,27.5044605],[77.4734037,27.5042226],[77.473722,27.5040087]]}},{"type":"Feature","properties":{"kind":"road","name":"","class":"residential"},"geometry":{"type":"LineString","coordinates":[[77.4743896,27.5041439],[77.4740468,27.503802]]}},{"type":"Feature","properties":{"kind":"road","name":"","class":"residential"},"geometry":{"type":"LineString","coordinates":[[77.4741462,27.505913],[77.4736179,27.5055553]]}},{"type":"Feature","properties":{"kind":"road","name":"","class":"residential"},"geometry":{"type":"LineString","coordinates":[[77.4741833,27.5058701],[77.4746649,27.5062135]]}},{"type":"Feature","properties":{"kind":"road","name":"","class":"residential"},"geometry":{"type":"LineString","coordinates":[[77.4744181,27.5055982],[77.4740244,27.5052954]]}},{"type":"Feature","properties":{"kind":"road","name":"","class":"residential"},"geometry":{"type":"LineString","coordinates":[[77.4744181,27.5055982],[77.4748232,27.5058802]]}},{"type":"Feature","properties":{"kind":"road","name":"","class":"residential"},"geometry":{"type":"LineString","coordinates":[[77.474964,27.5049659],[77.4745446,27.5046914]]}},{"type":"Feature","properties":{"kind":"road","name":"","class":"residential"},"geometry":{"type":"LineString","coordinates":[[77.466269,27.5055933],[77.4665336,27.5060513],[77.4665583,27.5060751],[77.4665974,27.5060915],[77.4666323,27.5060915],[77.4666796,27.5060787],[77.4671475,27.5058152]]}},{"type":"Feature","properties":{"kind":"road","name":"","class":"residential"},"geometry":{"type":"LineString","coordinates":[[77.4673782,27.5062576],[77.4670611,27.5063797],[77.4669327,27.5064291],[77.4669039,27.5064491],[77.4668998,27.5064783],[77.466908,27.5065203],[77.4674521,27.5073352]]}},{"type":"Feature","properties":{"kind":"road","name":"","class":"residential"},"geometry":{"type":"LineString","coordinates":[[77.4673782,27.5062576],[77.4677248,27.5061389],[77.4677701,27.506128],[77.4678051,27.5061353],[77.4678297,27.5061608],[77.4682392,27.5067466]]}},{"type":"Feature","properties":{"kind":"road","name":"","class":"residential"},"geometry":{"type":"LineString","coordinates":[[77.4691218,27.5060107],[77.4683935,27.506628],[77.4682392,27.5067466],[77.4678804,27.5070101],[77.4676004,27.5072226],[77.4674521,27.5073352],[77.4673812,27.5073889],[77.467301,27.5074528],[77.467231,27.5075057],[77.4671405,27.5075568],[77.4670829,27.5075833],[77.4670492,27.5075988],[77.4668633,27.5076883]]}},{"type":"Feature","properties":{"kind":"road","name":"","class":"residential"},"geometry":{"type":"LineString","coordinates":[[77.4676004,27.5072226],[77.4670611,27.5063797]]}},{"type":"Feature","properties":{"kind":"road","name":"","class":"residential"},"geometry":{"type":"LineString","coordinates":[[77.4676004,27.5072226],[77.4679323,27.5077084]]}},{"type":"Feature","properties":{"kind":"road","name":"","class":"residential"},"geometry":{"type":"LineString","coordinates":[[77.4673812,27.5073889],[77.4676852,27.5078722]]}},{"type":"Feature","properties":{"kind":"road","name":"","class":"service"},"geometry":{"type":"LineString","coordinates":[[77.4670829,27.5075833],[77.4667737,27.5069254]]}},{"type":"Feature","properties":{"kind":"road","name":"","class":"residential"},"geometry":{"type":"LineString","coordinates":[[77.4694432,27.5052642],[77.4705012,27.5064616],[77.4714215,27.5075379]]}},{"type":"Feature","properties":{"kind":"road","name":"","class":"residential"},"geometry":{"type":"LineString","coordinates":[[77.4707681,27.5079914],[77.4712217,27.5076766],[77.4714215,27.5075379],[77.471808,27.5072954],[77.4720894,27.5071189]]}},{"type":"Feature","properties":{"kind":"road","name":"","class":"residential"},"geometry":{"type":"LineString","coordinates":[[77.469914,27.5068623],[77.4705012,27.5064616],[77.4708725,27.5062025],[77.4711636,27.5059992]]}},{"type":"Feature","properties":{"kind":"road","name":"","class":"residential"},"geometry":{"type":"LineString","coordinates":[[77.4708725,27.5062025],[77.471808,27.5072954]]}},{"type":"Feature","properties":{"kind":"road","name":"","class":"residential"},"geometry":{"type":"LineString","coordinates":[[77.4705554,27.5076573],[77.4698055,27.5080582],[77.4695729,27.5081767],[77.469542,27.5081968],[77.4695296,27.5082224],[77.4695358,27.5082498],[77.4695606,27.5082846],[77.4701335,27.5091328]]}},{"type":"Feature","properties":{"kind":"road","name":"","class":"residential"},"geometry":{"type":"LineString","coordinates":[[77.4698055,27.5080582],[77.4704777,27.5090085]]}},{"type":"Feature","properties":{"kind":"road","name":"","class":"service"},"geometry":{"type":"LineString","coordinates":[[77.4712217,27.5076766],[77.4715579,27.5080938]]}},{"type":"Feature","properties":{"kind":"road","name":"","class":"residential"},"geometry":{"type":"LineString","coordinates":[[77.4731373,27.5109843],[77.4724878,27.511366],[77.472355,27.5114344],[77.4722425,27.5114898],[77.472102,27.5115591],[77.4711441,27.5120124],[77.4707827,27.5121834],[77.4705936,27.5122729],[77.470423,27.5123501],[77.4703462,27.5123848]]}},{"type":"Feature","properties":{"kind":"road","name":"","class":"residential"},"geometry":{"type":"LineString","coordinates":[[77.472795,27.5105555],[77.4718228,27.51107]]}},{"type":"Feature","properties":{"kind":"road","name":"","class":"service"},"geometry":{"type":"LineString","coordinates":[[77.4724469,27.5101193],[77.4717873,27.5105051]]}},{"type":"Feature","properties":{"kind":"road","name":"","class":"residential"},"geometry":{"type":"LineString","coordinates":[[77.470423,27.5123501],[77.4710257,27.5131902]]}},{"type":"Feature","properties":{"kind":"road","name":"","class":"residential"},"geometry":{"type":"LineString","coordinates":[[77.4707827,27.5121834],[77.4713784,27.5130117]]}},{"type":"Feature","properties":{"kind":"road","name":"","class":"residential"},"geometry":{"type":"LineString","coordinates":[[77.4711441,27.5120124],[77.4716862,27.5128038]]}},{"type":"Feature","properties":{"kind":"road","name":"","class":"residential"},"geometry":{"type":"LineString","coordinates":[[77.4711441,27.5120124],[77.4708765,27.5116195]]}},{"type":"Feature","properties":{"kind":"road","name":"","class":"residential"},"geometry":{"type":"LineString","coordinates":[[77.4707827,27.5121834],[77.4705095,27.5117854]]}},{"type":"Feature","properties":{"kind":"road","name":"","class":"residential"},"geometry":{"type":"LineString","coordinates":[[77.470423,27.5123501],[77.4701497,27.5119387]]}},{"type":"Feature","properties":{"kind":"road","name":"","class":"track"},"geometry":{"type":"LineString","coordinates":[[77.4748767,27.5080644],[77.4744418,27.5077003],[77.4743923,27.5076655],[77.4743428,27.5076637],[77.4742954,27.5076856],[77.4739904,27.5079745]]}},{"type":"Feature","properties":{"kind":"road","name":"","class":"track"},"geometry":{"type":"LineString","coordinates":[[77.4720894,27.5071189],[77.472138,27.5070724],[77.4721721,27.5070596],[77.4722169,27.5070644],[77.4722851,27.5070851],[77.4729131,27.5073413],[77.4730118,27.5073811],[77.4731338,27.507432],[77.4734927,27.5075991],[77.4735393,27.507631],[77.4735752,27.5076676],[77.4736165,27.5077217]]}},{"type":"Feature","properties":{"kind":"road","name":"","class":"track"},"geometry":{"type":"LineString","coordinates":[[77.4745634,27.5083443],[77.4748116,27.5084205]]}},{"type":"Feature","properties":{"kind":"road","name":"","class":"residential"},"geometry":{"type":"LineString","coordinates":[[77.4764541,27.505987],[77.4766555,27.506144],[77.4770881,27.5064812]]}},{"type":"Feature","properties":{"kind":"road","name":"","class":"residential"},"geometry":{"type":"LineString","coordinates":[[77.4767759,27.5054108],[77.4769389,27.5052141],[77.4769676,27.5051934],[77.4769999,27.5051822],[77.4770376,27.5051854],[77.4770681,27.5052029],[77.477994,27.5058395]]}},{"type":"Feature","properties":{"kind":"road","name":"","class":"residential"},"geometry":{"type":"LineString","coordinates":[[77.4754303,27.5025068],[77.4753761,27.50266],[77.4753635,27.5026966],[77.4753653,27.5027268],[77.4753832,27.5027475],[77.4759108,27.5030101]]}},{"type":"Feature","properties":{"kind":"road","name":"","class":"service"},"geometry":{"type":"LineString","coordinates":[[77.4742451,27.5022354],[77.4741307,27.5025414],[77.4740912,27.5026121],[77.4740454,27.5026716],[77.473995,27.5027205],[77.4739508,27.502764],[77.4738537,27.5028606],[77.4738348,27.5028879],[77.4738348,27.5029278],[77.4738632,27.5029551],[77.4743107,27.5031714]]}},{"type":"Feature","properties":{"kind":"road","name":"","class":"service"},"geometry":{"type":"LineString","coordinates":[[77.471558,27.5039589],[77.472131,27.5037479],[77.4721763,27.503726],[77.4722052,27.5036985],[77.4722155,27.5036656],[77.4722134,27.5036218],[77.4721578,27.5035048],[77.4721475,27.5034664],[77.4721495,27.5034316],[77.472166,27.5033914],[77.4722031,27.503342],[77.4724175,27.5031117]]}},{"type":"Feature","properties":{"kind":"road","name":"","class":"residential"},"geometry":{"type":"LineString","coordinates":[[77.4766555,27.506144],[77.4767892,27.5060205],[77.4768268,27.5060014],[77.4768681,27.5059935],[77.4769076,27.5059966],[77.4769471,27.5060173],[77.4772539,27.5062783]]}},{"type":"Feature","properties":{"kind":"road","name":"","class":"residential"},"geometry":{"type":"LineString","coordinates":[[77.4779602,27.5096086],[77.4780644,27.5094659],[77.4783747,27.5090457],[77.4783949,27.5090265],[77.478423,27.5090168],[77.4784543,27.5090237],[77.4788385,27.5092606]]}},{"type":"Feature","properties":{"kind":"road","name":"","class":"service"},"geometry":{"type":"LineString","coordinates":[[77.4781214,27.5098639],[77.4773015,27.5100594]]}},{"type":"Feature","properties":{"kind":"road","name":"","class":"residential"},"geometry":{"type":"LineString","coordinates":[[77.479599,27.5176947],[77.4780397,27.5181336],[77.4775488,27.5182586],[77.477111,27.51837],[77.4766906,27.518477],[77.4763655,27.5185598],[77.4762994,27.518585],[77.4762686,27.5186165],[77.4762757,27.5186606],[77.4762923,27.5187299],[77.4764691,27.519235],[77.4765487,27.5194624],[77.4765629,27.519503],[77.4767303,27.5199813],[77.4767871,27.5201535]]}},{"type":"Feature","properties":{"kind":"road","name":"","class":"residential"},"geometry":{"type":"LineString","coordinates":[[77.4780397,27.5181336],[77.478199,27.5185982],[77.4782567,27.5187667],[77.4783291,27.5189777],[77.4785104,27.5195066],[77.4785753,27.5196958],[77.478617,27.5198176]]}},{"type":"Feature","properties":{"kind":"road","name":"","class":"residential"},"geometry":{"type":"LineString","coordinates":[[77.4803454,27.5187025],[77.4793824,27.5193685],[77.4792758,27.5194483],[77.4792048,27.5194966],[77.4791196,27.5195407],[77.4790201,27.5195806],[77.478897,27.5196173],[77.4787644,27.5196541],[77.4785753,27.5196958]]}},{"type":"Feature","properties":{"kind":"road","name":"","class":"residential"},"geometry":{"type":"LineString","coordinates":[[77.4775488,27.5182586],[77.4777482,27.5188966],[77.4777806,27.5190004],[77.4778251,27.5191172],[77.4779986,27.5196448],[77.4780572,27.5198269]]}},{"type":"Feature","properties":{"kind":"road","name":"","class":"residential"},"geometry":{"type":"LineString","coordinates":[[77.4785753,27.5196958],[77.4780572,27.5198269],[77.4776281,27.5199298]]}},{"type":"Feature","properties":{"kind":"road","name":"","class":"residential"},"geometry":{"type":"LineString","coordinates":[[77.477111,27.51837],[77.4773623,27.5191174],[77.4775771,27.5197666],[77.4776281,27.5199298],[77.4776487,27.519995]]}},{"type":"Feature","properties":{"kind":"road","name":"","class":"residential"},"geometry":{"type":"LineString","coordinates":[[77.4766906,27.518477],[77.476899,27.5191033],[77.4769401,27.5192248],[77.4769726,27.5193343],[77.4771529,27.5198774],[77.4772188,27.5200734]]}},{"type":"Feature","properties":{"kind":"road","name":"","class":"residential"},"geometry":{"type":"LineString","coordinates":[[77.4769726,27.5193343],[77.4765487,27.5194624]]}},{"type":"Feature","properties":{"kind":"road","name":"","class":"residential"},"geometry":{"type":"LineString","coordinates":[[77.4764691,27.519235],[77.476899,27.5191033]]}},{"type":"Feature","properties":{"kind":"road","name":"","class":"residential"},"geometry":{"type":"LineString","coordinates":[[77.4777806,27.5190004],[77.4773623,27.5191174],[77.4769401,27.5192248]]}},{"type":"Feature","properties":{"kind":"road","name":"","class":"residential"},"geometry":{"type":"LineString","coordinates":[[77.4783291,27.5189777],[77.4778251,27.5191172]]}},{"type":"Feature","properties":{"kind":"road","name":"","class":"residential"},"geometry":{"type":"LineString","coordinates":[[77.4782567,27.5187667],[77.4777482,27.5188966]]}},{"type":"Feature","properties":{"kind":"road","name":"","class":"residential"},"geometry":{"type":"LineString","coordinates":[[77.4785104,27.5195066],[77.4779986,27.5196448],[77.4775771,27.5197666],[77.4771529,27.5198774],[77.4767303,27.5199813],[77.4763252,27.5200832]]}},{"type":"Feature","properties":{"kind":"road","name":"","class":"residential"},"geometry":{"type":"LineString","coordinates":[[77.4765629,27.519503],[77.4762122,27.5196043]]}},{"type":"Feature","properties":{"kind":"road","name":"","class":"track"},"geometry":{"type":"LineString","coordinates":[[77.4689017,27.5222203],[77.4689078,27.5220639],[77.4689051,27.5219867],[77.4688888,27.5218902],[77.468867,27.5217986],[77.4685923,27.5210485],[77.4685801,27.5210064],[77.4685781,27.5209772],[77.4685925,27.5209461],[77.4686296,27.5209297],[77.4695427,27.5206482],[77.4695839,27.5206336],[77.4696086,27.5206116],[77.4696127,27.5205787],[77.4695179,27.5201473],[77.4694726,27.5199901],[77.4694685,27.5199609],[77.4694849,27.519939],[77.4695241,27.519928],[77.4696388,27.5198891],[77.4699178,27.5197946]]}},{"type":"Feature","properties":{"kind":"road","name":"","class":"track"},"geometry":{"type":"LineString","coordinates":[[77.4696388,27.5198891],[77.469351,27.5192937]]}},{"type":"Feature","properties":{"kind":"road","name":"","class":"service"},"geometry":{"type":"LineString","coordinates":[[77.4791196,27.5195407],[77.4790059,27.5197253],[77.47897,27.5197698],[77.4789323,27.5197969],[77.4788803,27.5198128],[77.4783133,27.5199178]]}},{"type":"Feature","properties":{"kind":"road","name":"","class":"service"},"geometry":{"type":"LineString","coordinates":[[77.466509,27.5221161],[77.4666246,27.5227234],[77.4666452,27.5227472],[77.4666782,27.5227526],[77.4667173,27.5227435],[77.4669111,27.5226375]]}},{"type":"Feature","properties":{"kind":"road","name":"","class":"service"},"geometry":{"type":"LineString","coordinates":[[77.4628575,27.5207621],[77.4631733,27.5207003]]}},{"type":"Feature","properties":{"kind":"road","name":"","class":"residential"},"geometry":{"type":"LineString","coordinates":[[77.4609446,27.5181715],[77.4616763,27.5180496]]}},{"type":"Feature","properties":{"kind":"road","name":"","class":"residential"},"geometry":{"type":"LineString","coordinates":[[77.4601298,27.516954],[77.4611888,27.516747]]}},{"type":"Feature","properties":{"kind":"road","name":"","class":"service"},"geometry":{"type":"LineString","coordinates":[[77.4611888,27.516747],[77.4614565,27.5167166],[77.4615133,27.5167082],[77.4615583,27.5166914],[77.4616057,27.516662],[77.4616412,27.5166326],[77.4616767,27.5166116],[77.4617288,27.516599],[77.4624675,27.516473]]}},{"type":"Feature","properties":{"kind":"road","name":"","class":"residential"},"geometry":{"type":"LineString","coordinates":[[77.4582227,27.5157156],[77.4574981,27.5156376],[77.4570608,27.5155854]]}},{"type":"Feature","properties":{"kind":"road","name":"","class":"residential"},"geometry":{"type":"LineString","coordinates":[[77.4574981,27.5156376],[77.457579,27.5150654],[77.4575838,27.5150255],[77.4575743,27.5149919],[77.4575483,27.5149709],[77.4574985,27.5149646],[77.4571557,27.5149217],[77.4569114,27.5148911]]}},{"type":"Feature","properties":{"kind":"road","name":"","class":"residential"},"geometry":{"type":"LineString","coordinates":[[77.4571557,27.5149217],[77.4570608,27.5155854],[77.4570132,27.5159179]]}},{"type":"Feature","properties":{"kind":"road","name":"","class":"residential"},"geometry":{"type":"LineString","coordinates":[[77.4574981,27.5156376],[77.457437,27.5159368]]}},{"type":"Feature","properties":{"kind":"road","name":"","class":"service"},"geometry":{"type":"LineString","coordinates":[[77.4585739,27.5138329],[77.4575822,27.513587]]}},{"type":"Feature","properties":{"kind":"road","name":"","class":"residential"},"geometry":{"type":"LineString","coordinates":[[77.4579334,27.5172068],[77.4573492,27.5171806],[77.4573084,27.5171878],[77.457273,27.5172168],[77.4572703,27.5172988],[77.4572621,27.5173374],[77.4572295,27.5173639],[77.4571914,27.5173784],[77.456419,27.5173591]]}},{"type":"Feature","properties":{"kind":"road","name":"","class":"residential"},"geometry":{"type":"LineString","coordinates":[[77.457861,27.5175818],[77.458952,27.5174658],[77.4590245,27.5174724],[77.459061,27.5174974],[77.4590898,27.517554],[77.4594353,27.5183666]]}},{"type":"Feature","properties":{"kind":"road","name":"","class":"residential"},"geometry":{"type":"LineString","coordinates":[[77.457643,27.5186761],[77.4581938,27.5186072],[77.4583128,27.5185923],[77.4584323,27.5185813],[77.4585698,27.5185592],[77.4587457,27.5185231],[77.4587976,27.5185104],[77.4590906,27.5184442],[77.4594052,27.5183731],[77.4594353,27.5183666],[77.4595494,27.5183419],[77.4599537,27.5182204]]}},{"type":"Feature","properties":{"kind":"road","name":"","class":"residential"},"geometry":{"type":"LineString","coordinates":[[77.4594052,27.5183731],[77.4594732,27.5187623],[77.4594732,27.5188007],[77.4594588,27.5188263],[77.4594278,27.5188427],[77.4593907,27.5188482],[77.4588584,27.5189501]]}},{"type":"Feature","properties":{"kind":"road","name":"","class":"residential"},"geometry":{"type":"LineString","coordinates":[[77.4577641,27.51813],[77.4580117,27.5181257],[77.4580611,27.5181294],[77.4580982,27.5181513],[77.458125,27.5181842],[77.4581436,27.5182518],[77.4581938,27.5186072]]}},{"type":"Feature","properties":{"kind":"road","name":"","class":"residential"},"geometry":{"type":"LineString","coordinates":[[77.4584323,27.5185813],[77.4585181,27.5189476],[77.4586742,27.5197162],[77.4587442,27.5200408]]}},{"type":"Feature","properties":{"kind":"road","name":"","class":"residential"},"geometry":{"type":"LineString","coordinates":[[77.4585181,27.5189476],[77.4581739,27.5190815],[77.4580597,27.5191259],[77.4580226,27.5191479],[77.4579999,27.5191716],[77.4579813,27.5192045],[77.457971,27.5193142]]}},{"type":"Feature","properties":{"kind":"road","name":"","class":"residential"},"geometry":{"type":"LineString","coordinates":[[77.4581739,27.5190815],[77.4583276,27.5197767],[77.4583894,27.5200508]]}},{"type":"Feature","properties":{"kind":"road","name":"","class":"residential"},"geometry":{"type":"LineString","coordinates":[[77.4586742,27.5197162],[77.4583276,27.5197767]]}},{"type":"Feature","properties":{"kind":"road","name":"","class":"residential"},"geometry":{"type":"LineString","coordinates":[[77.4586742,27.5197162],[77.4589621,27.5196784],[77.4589926,27.5196672],[77.4590088,27.519645],[77.4590105,27.5196163],[77.4588584,27.5189501],[77.4587457,27.5185231]]}},{"type":"Feature","properties":{"kind":"road","name":"","class":"residential"},"geometry":{"type":"LineString","coordinates":[[77.4590906,27.5184442],[77.4588234,27.5177394]]}},{"type":"Feature","properties":{"kind":"road","name":"","class":"track"},"geometry":{"type":"LineString","coordinates":[[77.4582038,27.5158149],[77.458292,27.515838],[77.4583311,27.51586],[77.4583662,27.515891],[77.4583888,27.5159386],[77.4585517,27.5162127],[77.4585805,27.5162603],[77.4586114,27.5162987],[77.4586444,27.5163224],[77.4587021,27.5163407],[77.4587722,27.5163663],[77.4588196,27.5163901],[77.4588588,27.5164358],[77.4588876,27.5164961],[77.4588959,27.5165564],[77.4588856,27.5166149],[77.458867,27.5166844],[77.4588608,27.5167447],[77.4588711,27.5167977],[77.4588938,27.5168434],[77.458933,27.5168708],[77.4589866,27.5168781],[77.4590525,27.5168799],[77.4590979,27.5168909],[77.4591267,27.5169147],[77.4591638,27.5169695],[77.4596832,27.5177884],[77.4599537,27.5182204],[77.4601177,27.5184377],[77.4601556,27.5184965],[77.4601698,27.5185594],[77.4601674,27.5186434],[77.4601483,27.5186903],[77.4601579,27.5187524],[77.4601746,27.5188383],[77.46106,27.5201195],[77.4617976,27.5213266],[77.4622299,27.5219483]]}},{"type":"Feature","properties":{"kind":"road","name":"","class":"residential"},"geometry":{"type":"LineString","coordinates":[[77.4611164,27.5219684],[77.4613694,27.5224755]]}},{"type":"Feature","properties":{"kind":"road","name":"","class":"residential"},"geometry":{"type":"LineString","coordinates":[[77.4584323,27.5185813],[77.4582989,27.5180012]]}},{"type":"Feature","properties":{"kind":"road","name":"","class":"residential"},"geometry":{"type":"LineString","coordinates":[[77.4587976,27.5185104],[77.4585807,27.5179214]]}},{"type":"Feature","properties":{"kind":"road","name":"","class":"residential"},"geometry":{"type":"LineString","coordinates":[[77.4794844,27.5175351],[77.4796568,27.5174532],[77.4807718,27.5169234]]}},{"type":"Feature","properties":{"kind":"road","name":"","class":"residential"},"geometry":{"type":"LineString","coordinates":[[77.4796568,27.5174532],[77.4795326,27.5173146],[77.4795026,27.5172712],[77.4794918,27.5172254],[77.4795081,27.5171796],[77.479557,27.5171337],[77.4805987,27.5162775]]}},{"type":"Feature","properties":{"kind":"road","name":"","class":"service"},"geometry":{"type":"LineString","coordinates":[[77.4747274,27.5160592],[77.4745285,27.5167593],[77.4745203,27.5167903],[77.4745244,27.5168196],[77.474545,27.5168397],[77.4745821,27.5168433],[77.4749996,27.516858],[77.4753008,27.5168686]]}},{"type":"Feature","properties":{"kind":"road","name":"","class":"residential"},"geometry":{"type":"LineString","coordinates":[[77.4792096,27.5171624],[77.4778252,27.5176043],[77.4777462,27.517617],[77.4777032,27.5175948],[77.4776781,27.5175502],[77.4775525,27.5171492],[77.4775202,27.5171015],[77.4774699,27.5170792],[77.4774089,27.5170792],[77.4769029,27.5172129],[77.4759914,27.5174643],[77.4759412,27.5174834],[77.4759196,27.5175184],[77.475934,27.5175757],[77.4761816,27.5182981]]}},{"type":"Feature","properties":{"kind":"road","name":"","class":"residential"},"geometry":{"type":"LineString","coordinates":[[77.4769029,27.5172129],[77.4771972,27.5180403]]}},{"type":"Feature","properties":{"kind":"road","name":"","class":"residential"},"geometry":{"type":"LineString","coordinates":[[77.4777032,27.5175948],[77.4777929,27.5178939]]}},{"type":"Feature","properties":{"kind":"road","name":"","class":"service"},"geometry":{"type":"LineString","coordinates":[[77.4749996,27.516858],[77.4749639,27.517726],[77.4749298,27.5185216],[77.4749226,27.5187746]]}},{"type":"Feature","properties":{"kind":"road","name":"","class":"residential"},"geometry":{"type":"LineString","coordinates":[[77.4601565,27.504405],[77.4595423,27.5044983]]}},{"type":"Feature","properties":{"kind":"road","name":"","class":"service"},"geometry":{"type":"LineString","coordinates":[[77.478199,27.5185982],[77.4786423,27.5184696]]}},{"type":"Feature","properties":{"kind":"road","name":"","class":"residential"},"geometry":{"type":"LineString","coordinates":[[77.4616157,27.5065151],[77.4613394,27.5061696]]}},{"type":"Feature","properties":{"kind":"road","name":"","class":"residential"},"geometry":{"type":"LineString","coordinates":[[77.4603521,27.5080523],[77.4607529,27.5081292]]}},{"type":"Feature","properties":{"kind":"road","name":"","class":"residential"},"geometry":{"type":"LineString","coordinates":[[77.4612486,27.5069837],[77.4616156,27.5068364]]}},{"type":"Feature","properties":{"kind":"road","name":"","class":"residential"},"geometry":{"type":"LineString","coordinates":[[77.4580487,27.5105389],[77.4579504,27.5110286]]}},{"type":"Feature","properties":{"kind":"road","name":"","class":"unclassified"},"geometry":{"type":"LineString","coordinates":[[77.4746519,27.5160848],[77.4745962,27.5160765]]}},{"type":"Feature","properties":{"kind":"road","name":"","class":"unclassified"},"geometry":{"type":"LineString","coordinates":[[77.4745962,27.5160765],[77.4745577,27.516075],[77.4745274,27.5160898],[77.4745145,27.5161209],[77.4742444,27.5171346]]}},{"type":"Feature","properties":{"kind":"road","name":"","class":"residential"},"geometry":{"type":"LineString","coordinates":[[77.4544178,27.4944748],[77.4543813,27.4941261],[77.454362,27.4939378],[77.4543656,27.4938712],[77.4543763,27.4938268],[77.4543978,27.4937855],[77.4544264,27.4937633],[77.4546302,27.4937063],[77.4548265,27.4936536],[77.4552165,27.4935489],[77.4553632,27.4935096],[77.4554767,27.49348],[77.4555196,27.4934641],[77.4555554,27.4934483],[77.4555768,27.4934229],[77.4555804,27.4933912],[77.4555554,27.4932928],[77.455394,27.4928169],[77.4552801,27.4924809]]}},{"type":"Feature","properties":{"kind":"road","name":"","class":"residential"},"geometry":{"type":"LineString","coordinates":[[77.455394,27.4928169],[77.455745,27.4926891],[77.4560233,27.4925878],[77.4566447,27.4923616]]}},{"type":"Feature","properties":{"kind":"road","name":"","class":"residential"},"geometry":{"type":"LineString","coordinates":[[77.455745,27.4926891],[77.4555983,27.4923477]]}},{"type":"Feature","properties":{"kind":"road","name":"","class":"residential"},"geometry":{"type":"LineString","coordinates":[[77.4560233,27.4925878],[77.4558843,27.4922335]]}},{"type":"Feature","properties":{"kind":"road","name":"","class":"residential"},"geometry":{"type":"LineString","coordinates":[[77.4555554,27.4932928],[77.4557127,27.4931787],[77.4558092,27.4931152],[77.4562133,27.4929059],[77.4564457,27.4927505],[77.4565064,27.4927093],[77.4565601,27.4926775],[77.4566173,27.4926617],[77.4569113,27.4925942]]}},{"type":"Feature","properties":{"kind":"road","name":"","class":"residential"},"geometry":{"type":"LineString","coordinates":[[77.4552165,27.4935489],[77.4549189,27.4926046]]}},{"type":"Feature","properties":{"kind":"road","name":"","class":"service"},"geometry":{"type":"LineString","coordinates":[[77.4564068,27.4950595],[77.4563663,27.4948742],[77.4563416,27.4948269],[77.4562841,27.4947613],[77.4562677,27.4947212],[77.4562472,27.4946192],[77.456239,27.4945536],[77.4562225,27.4944589],[77.4561897,27.4943897],[77.4560213,27.4940764],[77.4558816,27.493763],[77.4557707,27.4935444],[77.4557215,27.4934607],[77.4556804,27.4934242],[77.4555804,27.4933912]]}},{"type":"Feature","properties":{"kind":"road","name":"","class":"residential"},"geometry":{"type":"LineString","coordinates":[[77.4549439,27.4911005],[77.4553723,27.4909283],[77.4553991,27.4909175],[77.45571,27.4907925],[77.4557836,27.4907619],[77.4561711,27.4906007],[77.4569849,27.4902623]]}},{"type":"Feature","properties":{"kind":"road","name":"","class":"residential"},"geometry":{"type":"LineString","coordinates":[[77.4557836,27.4907619],[77.4551951,27.4901296]]}},{"type":"Feature","properties":{"kind":"road","name":"","class":"residential"},"geometry":{"type":"LineString","coordinates":[[77.4553723,27.4909283],[77.4548412,27.4903453]]}},{"type":"Feature","properties":{"kind":"road","name":"","class":"residential"},"geometry":{"type":"LineString","coordinates":[[77.4561711,27.4906007],[77.4565535,27.4909836]]}},{"type":"Feature","properties":{"kind":"road","name":"","class":"residential"},"geometry":{"type":"LineString","coordinates":[[77.4557836,27.4907619],[77.4561742,27.4911783]]}},{"type":"Feature","properties":{"kind":"road","name":"","class":"residential"},"geometry":{"type":"LineString","coordinates":[[77.4553991,27.4909175],[77.4557677,27.4913105]]}},{"type":"Feature","properties":{"kind":"road","name":"","class":"service"},"geometry":{"type":"LineString","coordinates":[[77.4578146,27.4911121],[77.4573099,27.4913007],[77.4572539,27.4913256],[77.4572259,27.4913449],[77.4572134,27.491378],[77.4572072,27.4914388],[77.4572165,27.4915244],[77.4572165,27.4915547],[77.4572072,27.4915768],[77.4571792,27.4916183],[77.4571356,27.4916514],[77.4565567,27.4918944]]}},{"type":"Feature","properties":{"kind":"road","name":"","class":"service"},"geometry":{"type":"LineString","coordinates":[[77.4572259,27.4913449],[77.4571574,27.4913062],[77.4571076,27.4912676],[77.4570671,27.4912262],[77.4570391,27.491193],[77.4570049,27.4911682],[77.4569706,27.4911599],[77.4569177,27.4911627],[77.4565131,27.4913283]]}},{"type":"Feature","properties":{"kind":"road","name":"","class":"residential"},"geometry":{"type":"LineString","coordinates":[[77.4423723,27.5005191],[77.4426995,27.5003402],[77.443744,27.4998155],[77.4439164,27.4997286],[77.4440057,27.499693],[77.4441043,27.4996766],[77.4442399,27.4996521],[77.4443138,27.4996329],[77.4446219,27.4995099],[77.4448345,27.4994307],[77.4458143,27.4991601],[77.4465482,27.498915],[77.4468268,27.498822],[77.4475865,27.4985997],[77.4476878,27.4985658],[77.4484532,27.4983052],[77.4494859,27.4979388],[77.4497562,27.4978444],[77.4504714,27.4975867],[77.4513063,27.4972997],[77.4527983,27.496818],[77.453284,27.4966571],[77.4537686,27.4964965],[77.4540061,27.4964178],[77.4541285,27.4963739],[77.4541829,27.4963544],[77.4548284,27.496123],[77.4551649,27.4960024],[77.4552361,27.4959769],[77.455294,27.4959561],[77.4555761,27.495861],[77.4559082,27.4957491],[77.4560384,27.4957005],[77.4560867,27.4956767],[77.4561055,27.4956553],[77.4561028,27.4956268],[77.4560813,27.4955935],[77.4557139,27.4951271],[77.4555857,27.4949015]]}},{"type":"Feature","properties":{"kind":"road","name":"","class":"residential"},"geometry":{"type":"LineString","coordinates":[[77.4561028,27.4956268],[77.456489,27.4960717]]}},{"type":"Feature","properties":{"kind":"road","name":"","class":"residential"},"geometry":{"type":"LineString","coordinates":[[77.4551649,27.4960024],[77.455218,27.4961118],[77.455239,27.496145],[77.4552717,27.4961657],[77.4553417,27.496205],[77.4553674,27.496232],[77.4554375,27.49635],[77.4556733,27.4967788]]}},{"type":"Feature","properties":{"kind":"road","name":"","class":"residential"},"geometry":{"type":"LineString","coordinates":[[77.455239,27.496145],[77.4552133,27.4961988],[77.4552063,27.4962382],[77.4552133,27.4962796],[77.4553067,27.4965385]]}},{"type":"Feature","properties":{"kind":"road","name":"","class":"residential"},"geometry":{"type":"LineString","coordinates":[[77.4548284,27.496123],[77.4552087,27.4970335]]}},{"type":"Feature","properties":{"kind":"road","name":"","class":"residential"},"geometry":{"type":"LineString","coordinates":[[77.4555761,27.495861],[77.4554155,27.4956282],[77.4553852,27.495593],[77.4553642,27.4955826],[77.4553315,27.4955888],[77.4552241,27.4956323]]}},{"type":"Feature","properties":{"kind":"road","name":"","class":"residential"},"geometry":{"type":"LineString","coordinates":[[77.4552361,27.4959769],[77.4548738,27.4954936],[77.4547956,27.4954008],[77.4547548,27.4953594],[77.4547017,27.4953056],[77.4546642,27.4952699],[77.4546132,27.4952438],[77.4545569,27.4952343],[77.4544657,27.49522],[77.454396,27.49522],[77.454286,27.4952343],[77.4539239,27.4953151],[77.4538332,27.4953317],[77.4537415,27.4953485],[77.4536184,27.4953642],[77.4535189,27.495377],[77.4532024,27.4953984]]}},{"type":"Feature","properties":{"kind":"road","name":"","class":"service"},"geometry":{"type":"LineString","coordinates":[[77.4560053,27.4950018],[77.456176,27.4952879],[77.4562469,27.495389],[77.4562838,27.49543],[77.4563331,27.495471],[77.4563855,27.4954983],[77.456441,27.4955147],[77.4565118,27.4955284],[77.4565735,27.4955284],[77.4566844,27.4955257],[77.4567614,27.4955175],[77.4568045,27.4955147],[77.4568384,27.4955257],[77.4568662,27.4955544],[77.4570233,27.4957798]]}},{"type":"Feature","properties":{"kind":"road","name":"","class":"residential"},"geometry":{"type":"LineString","coordinates":[[77.4565243,27.4999873],[77.4563995,27.4997172],[77.4563738,27.4996696],[77.4563598,27.4996385],[77.4563411,27.4996178],[77.4563084,27.4996116],[77.4562647,27.4996172],[77.4561599,27.4996527]]}},{"type":"Feature","properties":{"kind":"road","name":"","class":"residential"},"geometry":{"type":"LineString","coordinates":[[77.4540614,27.5011088],[77.4538532,27.5007184],[77.4538439,27.5006832],[77.4538556,27.5006563],[77.4538766,27.5006377],[77.4541072,27.5005457],[77.454487,27.500394],[77.4547609,27.5002775],[77.4550415,27.5001582],[77.4551561,27.5001095],[77.455314,27.500041],[77.4553588,27.5000248],[77.4553872,27.5000194],[77.4554279,27.5000176],[77.4554604,27.500023],[77.4555011,27.5000392],[77.4555214,27.5000446],[77.4555519,27.5000446],[77.4555783,27.500041],[77.4556884,27.499981],[77.4558138,27.4999126],[77.4560845,27.4997651],[77.4561353,27.4997379],[77.4561536,27.4997253],[77.4561659,27.4997054],[77.456174,27.499682],[77.4561599,27.4996527],[77.4560698,27.4994652],[77.4560337,27.4993899],[77.4559434,27.499205],[77.455856,27.4990262],[77.4558126,27.4989374],[77.4557087,27.4987247],[77.4554543,27.498172],[77.4553807,27.4980121],[77.4551012,27.4973793]]}},{"type":"Feature","properties":{"kind":"road","name":"","class":"residential"},"geometry":{"type":"LineString","coordinates":[[77.4556884,27.499981],[77.4558714,27.5002812]]}},{"type":"Feature","properties":{"kind":"road","name":"","class":"residential"},"geometry":{"type":"LineString","coordinates":[[77.4559434,27.499205],[77.4555706,27.4993297],[77.4549758,27.4995287],[77.4547559,27.4995984],[77.4546267,27.4996393],[77.4541855,27.4997792],[77.4540826,27.4998118],[77.4538432,27.499899],[77.4536061,27.4999854],[77.4534818,27.5000307],[77.4529839,27.5001993],[77.4529236,27.5002219],[77.452887,27.5002314],[77.4528565,27.5002267],[77.4528391,27.5002171],[77.4528297,27.5002005],[77.452695,27.4998205],[77.4526795,27.499777],[77.4524659,27.4992092],[77.4522879,27.4987425],[77.452233,27.4986037],[77.4522228,27.4985694],[77.4522147,27.4985315],[77.4522167,27.4985027],[77.452235,27.4984811],[77.4523184,27.4984143],[77.4523753,27.4983855],[77.4525481,27.4983296],[77.4525928,27.498317],[77.4526721,27.4983098],[77.4527636,27.4983057],[77.4528095,27.4983172],[77.4528489,27.4983332],[77.4528733,27.4983603],[77.4530725,27.4988813]]}},{"type":"Feature","properties":{"kind":"road","name":"","class":"residential"},"geometry":{"type":"LineString","coordinates":[[77.4558126,27.4989374],[77.4549205,27.4992436],[77.4541318,27.4994942],[77.4539265,27.4995771],[77.4538391,27.4996312],[77.4538086,27.4996583],[77.4538025,27.4996781],[77.4538025,27.4997142],[77.4538432,27.499899]]}},{"type":"Feature","properties":{"kind":"road","name":"","class":"residential"},"geometry":{"type":"LineString","coordinates":[[77.4528095,27.4983172],[77.4532419,27.4981771],[77.453317,27.4981604],[77.4533599,27.4981557],[77.4534162,27.4981604],[77.4534698,27.4981795],[77.4535342,27.4982152],[77.4536388,27.4982865],[77.45384,27.4984935],[77.4539178,27.4985506],[77.4539768,27.4985815],[77.454017,27.4985887],[77.4540653,27.4985839],[77.4542155,27.4985459],[77.4545779,27.4984328],[77.4548029,27.4983627],[77.4549401,27.4983234],[77.4552106,27.4982461],[77.4554543,27.498172]]}},{"type":"Feature","properties":{"kind":"road","name":"","class":"residential"},"geometry":{"type":"LineString","coordinates":[[77.4550415,27.5001582],[77.4549131,27.4999065],[77.4547559,27.4995984]]}},{"type":"Feature","properties":{"kind":"road","name":"","class":"residential"},"geometry":{"type":"LineString","coordinates":[[77.4549131,27.4999065],[77.4554793,27.4996934],[77.4556871,27.4996131],[77.4560698,27.4994652]]}},{"type":"Feature","properties":{"kind":"road","name":"","class":"residential"},"geometry":{"type":"LineString","coordinates":[[77.4558138,27.4999126],[77.4556871,27.4996131],[77.4555706,27.4993297]]}},{"type":"Feature","properties":{"kind":"road","name":"","class":"residential"},"geometry":{"type":"LineString","coordinates":[[77.455856,27.4990262],[77.456448,27.4988113]]}},{"type":"Feature","properties":{"kind":"road","name":"","class":"residential"},"geometry":{"type":"LineString","coordinates":[[77.4564707,27.5000053],[77.4567178,27.5003952],[77.4568718,27.5006381],[77.4569821,27.5008121]]}},{"type":"Feature","properties":{"kind":"road","name":"","class":"residential"},"geometry":{"type":"LineString","coordinates":[[77.4568718,27.5006381],[77.4560997,27.5010834]]}},{"type":"Feature","properties":{"kind":"road","name":"","class":"residential"},"geometry":{"type":"LineString","coordinates":[[77.4567178,27.5003952],[77.4562124,27.5006765]]}},{"type":"Feature","properties":{"kind":"road","name":"","class":"residential"},"geometry":{"type":"LineString","coordinates":[[77.4584258,27.4992709],[77.4587332,27.4990806],[77.4593526,27.4987316],[77.459485,27.498657],[77.4602429,27.4982416],[77.4603502,27.4981913],[77.4604639,27.4981381],[77.4605784,27.4980845],[77.4607975,27.4979819],[77.4611735,27.4978494],[77.4613251,27.497796]]}},{"type":"Feature","properties":{"kind":"road","name":"","class":"residential"},"geometry":{"type":"LineString","coordinates":[[77.4586596,27.4999275],[77.4590243,27.4997025],[77.459297,27.4995342],[77.4595316,27.4993847],[77.4597281,27.4992595],[77.4600756,27.4990381],[77.4602491,27.4989275],[77.4602835,27.4989086],[77.4606712,27.4986952],[77.4608251,27.4985961],[77.4608528,27.498577],[77.4608651,27.4985524],[77.460862,27.4985196],[77.4608497,27.4984868],[77.4605784,27.4980845]]}},{"type":"Feature","properties":{"kind":"road","name":"","class":"residential"},"geometry":{"type":"LineString","coordinates":[[77.4606712,27.4986952],[77.4603502,27.4981913]]}},{"type":"Feature","properties":{"kind":"road","name":"","class":"residential"},"geometry":{"type":"LineString","coordinates":[[77.4597281,27.4992595],[77.4595156,27.4989569],[77.4593526,27.4987316]]}},{"type":"Feature","properties":{"kind":"road","name":"","class":"residential"},"geometry":{"type":"LineString","coordinates":[[77.4604639,27.4981381],[77.4602766,27.4977926],[77.4602389,27.4977291],[77.460217,27.4976923],[77.4600505,27.4974121],[77.4600363,27.4973882],[77.4598545,27.4970178]]}},{"type":"Feature","properties":{"kind":"road","name":"","class":"service"},"geometry":{"type":"LineString","coordinates":[[77.4589561,27.5009516],[77.4585428,27.5011975],[77.4582963,27.5013506],[77.4579882,27.5015364],[77.4578884,27.5015979],[77.4578234,27.5016448],[77.4577969,27.5016682],[77.4577908,27.5016899],[77.4577949,27.5017241],[77.4578193,27.5018251],[77.4578173,27.5018449],[77.4578051,27.5018648],[77.4577014,27.5019441]]}},{"type":"Feature","properties":{"kind":"road","name":"","class":"residential"},"geometry":{"type":"LineString","coordinates":[[77.4588212,27.5005791],[77.4579781,27.5011098],[77.4576722,27.5013023],[77.4575283,27.501393]]}},{"type":"Feature","properties":{"kind":"road","name":"","class":"residential"},"geometry":{"type":"LineString","coordinates":[[77.4576722,27.5013023],[77.4573403,27.5008792]]}},{"type":"Feature","properties":{"kind":"road","name":"","class":"residential"},"geometry":{"type":"LineString","coordinates":[[77.4579781,27.5011098],[77.4576977,27.5007152]]}},{"type":"Feature","properties":{"kind":"road","name":"","class":"service"},"geometry":{"type":"LineString","coordinates":[[77.4582569,27.4981697],[77.4576236,27.4981845],[77.4572424,27.4981934]]}},{"type":"Feature","properties":{"kind":"road","name":"","class":"service"},"geometry":{"type":"LineString","coordinates":[[77.4576236,27.4981845],[77.4575857,27.4977056]]}},{"type":"Feature","properties":{"kind":"road","name":"","class":"residential"},"geometry":{"type":"LineString","coordinates":[[77.4583203,27.4969958],[77.4578983,27.4971334],[77.457704,27.4971866],[77.4576032,27.4972143],[77.4575442,27.4972286],[77.4574906,27.4972309],[77.4574611,27.497219],[77.4574396,27.4971952],[77.4571848,27.4967598]]}},{"type":"Feature","properties":{"kind":"road","name":"","class":"residential"},"geometry":{"type":"LineString","coordinates":[[77.457704,27.4971866],[77.4572707,27.496334]]}},{"type":"Feature","properties":{"kind":"road","name":"","class":"service"},"geometry":{"type":"LineString","coordinates":[[77.4572831,27.4951721],[77.4572492,27.4954322],[77.4572519,27.4954846],[77.4573055,27.4958486]]}},{"type":"Feature","properties":{"kind":"road","name":"","class":"residential"},"geometry":{"type":"LineString","coordinates":[[77.4602889,27.5017886],[77.4599792,27.5014861],[77.459765,27.5012768],[77.4594825,27.5009516]]}},{"type":"Feature","properties":{"kind":"road","name":"","class":"residential"},"geometry":{"type":"LineString","coordinates":[[77.4599792,27.5014861],[77.4603254,27.5011815]]}},{"type":"Feature","properties":{"kind":"road","name":"","class":"residential"},"geometry":{"type":"LineString","coordinates":[[77.4590243,27.4997025],[77.4593408,27.5000757]]}},{"type":"Feature","properties":{"kind":"road","name":"","class":"residential"},"geometry":{"type":"LineString","coordinates":[[77.4595316,27.4993847],[77.4600282,27.4999391],[77.4600604,27.4999628],[77.4601006,27.49997],[77.4601355,27.4999628],[77.4603581,27.4998058]]}},{"type":"Feature","properties":{"kind":"road","name":"","class":"residential"},"geometry":{"type":"LineString","coordinates":[[77.4600756,27.4990381],[77.4602991,27.4993395],[77.4603286,27.4993871],[77.4603393,27.4994204],[77.4603366,27.4994537],[77.4603098,27.4995132],[77.460283,27.4995798],[77.460275,27.499625],[77.460275,27.4996726],[77.4602884,27.4997083],[77.4603581,27.4998058],[77.4604037,27.499851],[77.4604305,27.4998701],[77.4604654,27.4998748],[77.4604976,27.4998582],[77.4607417,27.499713],[77.4608651,27.4996257],[77.4609536,27.4995631],[77.4611279,27.4994537],[77.4614149,27.4992539]]}},{"type":"Feature","properties":{"kind":"road","name":"","class":"residential"},"geometry":{"type":"LineString","coordinates":[[77.4616179,27.4996067],[77.4615571,27.4995346],[77.4615034,27.4994418],[77.4614149,27.4992539],[77.4613478,27.4990945],[77.4612298,27.4988827],[77.4612191,27.4988664],[77.4611628,27.4987804],[77.4610957,27.4987043],[77.461026,27.4986567],[77.4608651,27.4985524]]}},{"type":"Feature","properties":{"kind":"road","name":"","class":"residential"},"geometry":{"type":"LineString","coordinates":[[77.4612191,27.4988664],[77.4607953,27.4991349]]}},{"type":"Feature","properties":{"kind":"road","name":"","class":"residential"},"geometry":{"type":"LineString","coordinates":[[77.4602835,27.4989086],[77.4608651,27.4996257]]}},{"type":"Feature","properties":{"kind":"road","name":"","class":"residential"},"geometry":{"type":"LineString","coordinates":[[77.4608651,27.4996257],[77.4611344,27.4999377]]}},{"type":"Feature","properties":{"kind":"road","name":"","class":"service"},"geometry":{"type":"LineString","coordinates":[[77.462548,27.527581],[77.4632221,27.5270881],[77.4633026,27.5270333],[77.4634152,27.5269644]]}},{"type":"Feature","properties":{"kind":"road","name":"","class":"track"},"geometry":{"type":"LineString","coordinates":[[77.4588843,27.5248291],[77.4594048,27.5244469]]}},{"type":"Feature","properties":{"kind":"road","name":"","class":"residential"},"geometry":{"type":"LineString","coordinates":[[77.460993,27.4968073],[77.4606889,27.4969012],[77.4606259,27.496924],[77.4605885,27.4969426],[77.4605582,27.4969654],[77.4605325,27.4970047],[77.4605161,27.4970482],[77.4605115,27.497071],[77.4605115,27.4971125],[77.4605203,27.4971515],[77.4605301,27.4971953],[77.4605722,27.4973258],[77.4606194,27.4974357],[77.4606959,27.4976137]]}},{"type":"Feature","properties":{"kind":"road","name":"","class":"residential"},"geometry":{"type":"LineString","coordinates":[[77.4600505,27.4974121],[77.4601983,27.4973387],[77.460341,27.4972678],[77.4605203,27.4971515]]}},{"type":"Feature","properties":{"kind":"road","name":"","class":"residential"},"geometry":{"type":"LineString","coordinates":[[77.4606194,27.4974357],[77.4608734,27.4973424],[77.4611323,27.4972551]]}},{"type":"Feature","properties":{"kind":"road","name":"","class":"residential"},"geometry":{"type":"LineString","coordinates":[[77.460217,27.4976923],[77.4603457,27.4976344],[77.4603787,27.497619],[77.4603965,27.4976045],[77.4603945,27.4975787],[77.4603615,27.4975132]]}},{"type":"Feature","properties":{"kind":"road","name":"","class":"residential"},"geometry":{"type":"LineString","coordinates":[[77.4611735,27.4978494],[77.4610676,27.4975756]]}},{"type":"Feature","properties":{"kind":"road","name":"","class":"residential"},"geometry":{"type":"LineString","coordinates":[[77.4601983,27.4973387],[77.4600029,27.496949],[77.4598308,27.4966002]]}},{"type":"Feature","properties":{"kind":"road","name":"","class":"residential"},"geometry":{"type":"LineString","coordinates":[[77.4605115,27.497071],[77.4604331,27.4969767],[77.4602673,27.4967696],[77.4601856,27.4966474],[77.4601292,27.4965391],[77.4601069,27.4964994],[77.4600786,27.4964751],[77.4600449,27.4964712],[77.4600219,27.4964681],[77.4600025,27.4964524],[77.4597954,27.4960976],[77.4594859,27.4955489]]}},{"type":"Feature","properties":{"kind":"road","name":"","class":"residential"},"geometry":{"type":"LineString","coordinates":[[77.4600505,27.4974121],[77.4600054,27.4974343],[77.4599797,27.4974403],[77.4599599,27.4974355],[77.4599378,27.4974162],[77.4599237,27.497388],[77.4599007,27.4973684],[77.4598739,27.4973669],[77.4593573,27.4976145],[77.4590831,27.4977459]]}},{"type":"Feature","properties":{"kind":"road","name":"","class":"residential"},"geometry":{"type":"LineString","coordinates":[[77.4602389,27.4977291],[77.4600097,27.4978499],[77.4599521,27.4978776],[77.4597723,27.4979626]]}},{"type":"Feature","properties":{"kind":"road","name":"","class":"residential"},"geometry":{"type":"LineString","coordinates":[[77.4599521,27.4978776],[77.459844,27.4976887],[77.4597838,27.4975835]]}},{"type":"Feature","properties":{"kind":"road","name":"","class":"residential"},"geometry":{"type":"LineString","coordinates":[[77.459844,27.4976887],[77.4595785,27.4978143],[77.4592105,27.4979869]]}},{"type":"Feature","properties":{"kind":"road","name":"","class":"residential"},"geometry":{"type":"LineString","coordinates":[[77.4583703,27.497606],[77.4589147,27.4974281]]}},{"type":"Feature","properties":{"kind":"road","name":"","class":"residential"},"geometry":{"type":"LineString","coordinates":[[77.4599521,27.4978776],[77.4600369,27.4980188],[77.4600416,27.4980393],[77.4600369,27.498057],[77.4600107,27.4980762],[77.459812,27.4981732]]}},{"type":"Feature","properties":{"kind":"road","name":"","class":"residential"},"geometry":{"type":"LineString","coordinates":[[77.4593573,27.4976145],[77.4589927,27.4969547]]}},{"type":"Feature","properties":{"kind":"road","name":"","class":"residential"},"geometry":{"type":"LineString","coordinates":[[77.4583908,27.4973356],[77.4586004,27.4972667],[77.4587285,27.4972234],[77.4587549,27.4972162],[77.4587793,27.497218],[77.4588037,27.4972378],[77.4589147,27.4974281],[77.4590831,27.4977459],[77.4592105,27.4979869],[77.4592872,27.4981]]}},{"type":"Feature","properties":{"kind":"road","name":"","class":"residential"},"geometry":{"type":"LineString","coordinates":[[77.4599007,27.4973684],[77.4598103,27.4971775],[77.4597119,27.4969914],[77.4595298,27.4966474]]}},{"type":"Feature","properties":{"kind":"road","name":"","class":"residential"},"geometry":{"type":"LineString","coordinates":[[77.4597119,27.4969914],[77.4594257,27.4971241],[77.4593143,27.4971757]]}},{"type":"Feature","properties":{"kind":"road","name":"","class":"residential"},"geometry":{"type":"LineString","coordinates":[[77.4594257,27.4971241],[77.4593509,27.4969683],[77.4592798,27.4967844],[77.4591497,27.4964761]]}},{"type":"Feature","properties":{"kind":"road","name":"","class":"residential"},"geometry":{"type":"LineString","coordinates":[[77.4584192,27.4967795],[77.4587425,27.4966514],[77.4591497,27.4964761],[77.4596893,27.4962327]]}},{"type":"Feature","properties":{"kind":"road","name":"","class":"residential"},"geometry":{"type":"LineString","coordinates":[[77.4603423,27.4952958],[77.4600715,27.4954461],[77.4599883,27.495489],[77.459932,27.4955009],[77.4598874,27.4955085],[77.4598623,27.4955127],[77.4596772,27.4955318],[77.459645,27.4955318],[77.4596209,27.4955246],[77.4596021,27.4955009],[77.4594165,27.4951805]]}},{"type":"Feature","properties":{"kind":"road","name":"","class":"residential"},"geometry":{"type":"LineString","coordinates":[[77.4587889,27.4953092],[77.4588994,27.4955365],[77.4590124,27.4957434],[77.4591137,27.4959286],[77.4591998,27.4960861]]}},{"type":"Feature","properties":{"kind":"road","name":"","class":"residential"},"geometry":{"type":"LineString","coordinates":[[77.4590124,27.4957434],[77.4593044,27.4956032],[77.4593526,27.4955817],[77.4593929,27.4955699],[77.4594519,27.4955556],[77.4594859,27.4955489],[77.4595243,27.4955413],[77.4596209,27.4955246]]}},{"type":"Feature","properties":{"kind":"road","name":"","class":"residential"},"geometry":{"type":"LineString","coordinates":[[77.4593044,27.4956032],[77.4594092,27.4957967],[77.4595029,27.4959696]]}},{"type":"Feature","properties":{"kind":"road","name":"","class":"residential"},"geometry":{"type":"LineString","coordinates":[[77.4598874,27.4955085],[77.4600164,27.4957741],[77.4600348,27.4958198],[77.4600507,27.4958497],[77.4600702,27.4958622],[77.4600985,27.4958575],[77.4603144,27.4957539],[77.4605949,27.4955912]]}},{"type":"Feature","properties":{"kind":"road","name":"","class":"residential"},"geometry":{"type":"LineString","coordinates":[[77.4591137,27.4959286],[77.4594092,27.4957967]]}},{"type":"Feature","properties":{"kind":"road","name":"","class":"residential"},"geometry":{"type":"LineString","coordinates":[[77.457574,27.4952093],[77.4575816,27.4954501],[77.4575708,27.4955738],[77.4575547,27.495688],[77.4575574,27.4957594],[77.4575628,27.4958022],[77.4576111,27.4960187]]}},{"type":"Feature","properties":{"kind":"road","name":"","class":"residential"},"geometry":{"type":"LineString","coordinates":[[77.457574,27.4952093],[77.4572421,27.4947082],[77.4571497,27.4945688],[77.457125,27.4945305],[77.4571127,27.4944841],[77.4571219,27.4944431],[77.4571867,27.4943501],[77.4572175,27.4943009],[77.4572205,27.4942599],[77.4571928,27.4941998],[77.4571688,27.4941493],[77.4569587,27.4937079]]}},{"type":"Feature","properties":{"kind":"road","name":"","class":"residential"},"geometry":{"type":"LineString","coordinates":[[77.4571688,27.4941493],[77.4576222,27.4939222],[77.4576852,27.4938932],[77.4577273,27.493889],[77.4577693,27.4938994],[77.4578137,27.4939263],[77.4578926,27.4940103],[77.4580962,27.4942267],[77.45821,27.4943839]]}},{"type":"Feature","properties":{"kind":"road","name":"","class":"residential"},"geometry":{"type":"LineString","coordinates":[[77.4576852,27.4938932],[77.4576899,27.4938331],[77.4577016,27.4937855],[77.4577273,27.4937316],[77.4579494,27.4934719]]}},{"type":"Feature","properties":{"kind":"road","name":"","class":"residential"},"geometry":{"type":"LineString","coordinates":[[77.4576899,27.4938331],[77.4576456,27.4938103],[77.4576199,27.4937896],[77.4575942,27.4937441],[77.4575055,27.4935514]]}},{"type":"Feature","properties":{"kind":"road","name":"","class":"residential"},"geometry":{"type":"LineString","coordinates":[[77.4578926,27.4940103],[77.4581779,27.493615]]}},{"type":"Feature","properties":{"kind":"road","name":"","class":"residential"},"geometry":{"type":"LineString","coordinates":[[77.4589166,27.4940562],[77.4587681,27.4941644],[77.4586163,27.4942534],[77.4584645,27.4943425],[77.4584132,27.4943673],[77.4583828,27.4943694],[77.4583314,27.4943611],[77.4583011,27.4943591],[77.4582591,27.4943632],[77.45821,27.4943839],[77.4576613,27.4946283]]}},{"type":"Feature","properties":{"kind":"road","name":"","class":"residential"},"geometry":{"type":"LineString","coordinates":[[77.4582255,27.4952916],[77.4580092,27.4949245],[77.4579182,27.4947485],[77.4578971,27.4947319],[77.4578691,27.4947277],[77.4575889,27.4948251]]}},{"type":"Feature","properties":{"kind":"road","name":"","class":"residential"},"geometry":{"type":"LineString","coordinates":[[77.4583314,27.4943611],[77.458465,27.4946062],[77.4586554,27.494975],[77.4588197,27.4953057]]}},{"type":"Feature","properties":{"kind":"road","name":"","class":"residential"},"geometry":{"type":"LineString","coordinates":[[77.4589167,27.4952919],[77.4587681,27.4949679],[77.4585723,27.4945705]]}},{"type":"Feature","properties":{"kind":"road","name":"","class":"residential"},"geometry":{"type":"LineString","coordinates":[[77.4594363,27.4944096],[77.4591724,27.4946003],[77.4591449,27.4946119],[77.4591246,27.4946083],[77.4590961,27.4945884],[77.4588583,27.4942801]]}},{"type":"Feature","properties":{"kind":"road","name":"","class":"residential"},"geometry":{"type":"LineString","coordinates":[[77.4601072,27.4945695],[77.4598422,27.494354]]}},{"type":"Feature","properties":{"kind":"road","name":"","class":"residential"},"geometry":{"type":"LineString","coordinates":[[77.4591582,27.494205],[77.4594051,27.4939465],[77.4596825,27.4936637],[77.459878,27.4934644]]}},{"type":"Feature","properties":{"kind":"road","name":"","class":"residential"},"geometry":{"type":"LineString","coordinates":[[77.4596825,27.4936637],[77.4599032,27.4938762],[77.460078,27.4940277]]}},{"type":"Feature","properties":{"kind":"road","name":"","class":"residential"},"geometry":{"type":"LineString","coordinates":[[77.4588683,27.4940285],[77.459084,27.4938296],[77.4591632,27.4937503],[77.4593479,27.4935656],[77.4593945,27.4935189],[77.4594202,27.4935002],[77.4594529,27.493492],[77.4594786,27.4934982],[77.4595113,27.4935168],[77.4596825,27.4936637]]}},{"type":"Feature","properties":{"kind":"road","name":"","class":"residential"},"geometry":{"type":"LineString","coordinates":[[77.4580981,27.4935651],[77.4584104,27.4932336],[77.45861,27.4930218]]}},{"type":"Feature","properties":{"kind":"road","name":"","class":"residential"},"geometry":{"type":"LineString","coordinates":[[77.4584104,27.4932336],[77.4586427,27.4933905],[77.4587618,27.4934775]]}},{"type":"Feature","properties":{"kind":"road","name":"","class":"residential"},"geometry":{"type":"LineString","coordinates":[[77.4593479,27.4935656],[77.4589976,27.4932703]]}},{"type":"Feature","properties":{"kind":"road","name":"","class":"residential"},"geometry":{"type":"LineString","coordinates":[[77.4591632,27.4937503],[77.459109,27.4937044],[77.4590907,27.4936899],[77.4590745,27.4936755],[77.4590724,27.4936503],[77.4590745,27.4936286],[77.4590623,27.4936016],[77.4589302,27.493488]]}},{"type":"Feature","properties":{"kind":"road","name":"","class":"residential"},"geometry":{"type":"LineString","coordinates":[[77.4613272,27.50043],[77.4616428,27.5005928],[77.4617164,27.5006308],[77.4617995,27.5006736],[77.4618344,27.5006998],[77.4618505,27.5007284],[77.4618451,27.5007617],[77.46177,27.5008973],[77.4617593,27.5009282],[77.46177,27.5009472],[77.4618693,27.5010091],[77.4618988,27.5010258],[77.4619149,27.5010495],[77.4619068,27.5010805],[77.4618497,27.5011686],[77.4618237,27.5012089],[77.4617807,27.5012589],[77.4616466,27.5013921],[77.4615857,27.5014476],[77.4613355,27.5016753],[77.4612548,27.5017535],[77.4612226,27.5017963],[77.461118,27.5019343],[77.4608095,27.5023102]]}},{"type":"Feature","properties":{"kind":"road","name":"","class":"residential"},"geometry":{"type":"LineString","coordinates":[[77.4609066,27.5009932],[77.4611657,27.5011666],[77.4612089,27.5011955],[77.4613652,27.5013001],[77.4614085,27.501329],[77.4615857,27.5014476]]}},{"type":"Feature","properties":{"kind":"road","name":"","class":"residential"},"geometry":{"type":"LineString","coordinates":[[77.4612089,27.5011955],[77.4614489,27.5008621],[77.4616428,27.5005928]]}},{"type":"Feature","properties":{"kind":"road","name":"","class":"residential"},"geometry":{"type":"LineString","coordinates":[[77.4614085,27.501329],[77.4615659,27.5011516],[77.4616276,27.5010826],[77.4616732,27.5010302]]}},{"type":"Feature","properties":{"kind":"road","name":"","class":"residential"},"geometry":{"type":"LineString","coordinates":[[77.4618497,27.5011686],[77.4616732,27.5010302],[77.4614489,27.5008621]]}},{"type":"Feature","properties":{"kind":"road","name":"","class":"residential"},"geometry":{"type":"LineString","coordinates":[[77.4613652,27.5013001],[77.4610463,27.5016633],[77.4608229,27.5019177]]}},{"type":"Feature","properties":{"kind":"road","name":"","class":"residential"},"geometry":{"type":"LineString","coordinates":[[77.4611657,27.5011666],[77.4608605,27.5015465]]}},{"type":"Feature","properties":{"kind":"road","name":"","class":"residential"},"geometry":{"type":"LineString","coordinates":[[77.4606116,27.5013883],[77.4608326,27.5015288],[77.4608605,27.5015465],[77.4610463,27.5016633]]}},{"type":"Feature","properties":{"kind":"road","name":"","class":"residential"},"geometry":{"type":"LineString","coordinates":[[77.4608326,27.5015288],[77.4605064,27.5019581]]}},{"type":"Feature","properties":{"kind":"road","name":"","class":"residential"},"geometry":{"type":"LineString","coordinates":[[77.4635531,27.5013251],[77.4632729,27.5011745],[77.4630824,27.5010722],[77.4630395,27.5010484],[77.4630181,27.5010294],[77.463012,27.5010051],[77.4630421,27.5007177]]}},{"type":"Feature","properties":{"kind":"road","name":"","class":"residential"},"geometry":{"type":"LineString","coordinates":[[77.4633523,27.5015865],[77.4627429,27.5012782]]}},{"type":"Feature","properties":{"kind":"road","name":"","class":"residential"},"geometry":{"type":"LineString","coordinates":[[77.4631461,27.5018871],[77.4625966,27.5016884]]}},{"type":"Feature","properties":{"kind":"road","name":"","class":"residential"},"geometry":{"type":"LineString","coordinates":[[77.462952,27.5023816],[77.4624319,27.5021665]]}},{"type":"Feature","properties":{"kind":"road","name":"","class":"service"},"geometry":{"type":"LineString","coordinates":[[77.463326,27.5016222],[77.4634555,27.501714],[77.4636283,27.5018424],[77.4640743,27.50218]]}},{"type":"Feature","properties":{"kind":"road","name":"","class":"residential"},"geometry":{"type":"LineString","coordinates":[[77.4642038,27.499746],[77.4644273,27.5002088],[77.4645162,27.5003587],[77.4645524,27.5004196],[77.4649808,27.5009799],[77.4654925,27.5016271],[77.4656253,27.501795],[77.4657901,27.5019687],[77.4661345,27.5023316]]}},{"type":"Feature","properties":{"kind":"road","name":"","class":"residential"},"geometry":{"type":"LineString","coordinates":[[77.4661013,27.5027967],[77.4662793,27.5026583],[77.4663501,27.5026003],[77.4663691,27.5025714],[77.4663855,27.5025303],[77.4663855,27.5025013],[77.4663719,27.5024603],[77.4662207,27.5022405]]}},{"type":"Feature","properties":{"kind":"road","name":"","class":"residential"},"geometry":{"type":"LineString","coordinates":[[77.4657901,27.5019687],[77.4655389,27.5021464],[77.4650869,27.5024727]]}},{"type":"Feature","properties":{"kind":"road","name":"","class":"residential"},"geometry":{"type":"LineString","coordinates":[[77.4647123,27.5021507],[77.4654925,27.5016271]]}},{"type":"Feature","properties":{"kind":"road","name":"","class":"residential"},"geometry":{"type":"LineString","coordinates":[[77.4641354,27.5015305],[77.4645997,27.5011856],[77.4646433,27.5011518],[77.4646623,27.5011325],[77.4646732,27.5011035],[77.464665,27.501077],[77.4644412,27.5008052],[77.4643847,27.5007365]]}},{"type":"Feature","properties":{"kind":"road","name":"","class":"residential"},"geometry":{"type":"LineString","coordinates":[[77.4638656,27.5012297],[77.4644412,27.5008052]]}},{"type":"Feature","properties":{"kind":"road","name":"","class":"residential"},"geometry":{"type":"LineString","coordinates":[[77.4645162,27.5003587],[77.4648706,27.5001422]]}},{"type":"Feature","properties":{"kind":"road","name":"","class":"service"},"geometry":{"type":"LineString","coordinates":[[77.4663884,27.4987402],[77.4663499,27.4988186],[77.4663145,27.4988621],[77.4663009,27.4988934],[77.4662982,27.4989297],[77.4663308,27.4989924],[77.4663526,27.4990383],[77.4663499,27.4990649],[77.4663335,27.4990914],[77.466192,27.4992243],[77.4659307,27.499473]]}},{"type":"Feature","properties":{"kind":"road","name":"","class":"residential"},"geometry":{"type":"LineString","coordinates":[[77.4617474,27.4994699],[77.4618037,27.4995535],[77.4618965,27.4996871],[77.4619192,27.4997182],[77.4619398,27.4997347],[77.4619666,27.4997365],[77.4620374,27.4997189],[77.4621647,27.4996871],[77.462241,27.4996651],[77.4623132,27.4996377],[77.4623772,27.4996194],[77.462763,27.4995316]]}},{"type":"Feature","properties":{"kind":"road","name":"","class":"residential"},"geometry":{"type":"LineString","coordinates":[[77.4621647,27.4996871],[77.462285,27.4999578]]}},{"type":"Feature","properties":{"kind":"road","name":"","class":"residential"},"geometry":{"type":"LineString","coordinates":[[77.4620374,27.4997189],[77.4620892,27.4998702],[77.4621072,27.4999435],[77.4621198,27.5000311],[77.4621162,27.5000582],[77.4621072,27.5000773],[77.4620892,27.50009],[77.4620284,27.5001183],[77.4619949,27.500123],[77.4619515,27.5001139],[77.4619123,27.5000974],[77.4618814,27.5000809],[77.4618546,27.5000773],[77.4617328,27.5001139],[77.4616194,27.5001743]]}},{"type":"Feature","properties":{"kind":"road","name":"","class":"residential"},"geometry":{"type":"LineString","coordinates":[[77.4621072,27.5000773],[77.4623119,27.5000359],[77.4626711,27.4999706]]}},{"type":"Feature","properties":{"kind":"road","name":"","class":"residential"},"geometry":{"type":"LineString","coordinates":[[77.4637158,27.5004011],[77.4635076,27.5000522],[77.4632981,27.4996251]]}},{"type":"Feature","properties":{"kind":"road","name":"","class":"residential"},"geometry":{"type":"LineString","coordinates":[[77.4642829,27.4994917],[77.4640734,27.4994818],[77.463904,27.4994738],[77.4637478,27.4994672],[77.4636414,27.4994627],[77.4635382,27.4994516],[77.4634975,27.4994432],[77.4634631,27.4994155],[77.4634475,27.4993684],[77.4633693,27.4989024]]}},{"type":"Feature","properties":{"kind":"road","name":"","class":"residential"},"geometry":{"type":"LineString","coordinates":[[77.4637478,27.4994672],[77.4636977,27.4991659],[77.463607,27.4988469]]}},{"type":"Feature","properties":{"kind":"road","name":"","class":"residential"},"geometry":{"type":"LineString","coordinates":[[77.4640734,27.4994818],[77.4640229,27.499238],[77.4639885,27.4991409],[77.4637883,27.4986333]]}},{"type":"Feature","properties":{"kind":"road","name":"","class":"residential"},"geometry":{"type":"LineString","coordinates":[[77.46592,27.4986371],[77.4657863,27.4984771],[77.465746,27.4984287],[77.4656678,27.4983551],[77.4656394,27.4983341],[77.4656109,27.4983236],[77.4655801,27.4983299],[77.4650659,27.4985548],[77.464926,27.4986011],[77.4648573,27.4986221],[77.464817,27.4986242],[77.4646393,27.4986284],[77.4645682,27.4986242],[77.4644781,27.4986032],[77.4643952,27.4985738]]}},{"type":"Feature","properties":{"kind":"road","name":"","class":"residential"},"geometry":{"type":"LineString","coordinates":[[77.4618705,27.4991893],[77.4623625,27.4990817],[77.4624223,27.4990743],[77.4624574,27.4990762],[77.4624718,27.4990908],[77.4624842,27.4991274],[77.4625502,27.4994202]]}},{"type":"Feature","properties":{"kind":"road","name":"","class":"residential"},"geometry":{"type":"LineString","coordinates":[[77.4613068,27.4977438],[77.4617018,27.497611],[77.4617372,27.4975974],[77.4619056,27.4975332],[77.4620691,27.4974575],[77.4621995,27.4973734],[77.4623748,27.4972347],[77.4624222,27.4971919],[77.4626364,27.4969985],[77.4627263,27.4969091],[77.4627589,27.4968488],[77.4627807,27.4967787],[77.4627834,27.496728],[77.4627834,27.496629],[77.4627753,27.496559],[77.4627589,27.4965011],[77.4627432,27.4964608],[77.4626664,27.4962644],[77.4625887,27.4960796],[77.4625548,27.4959988],[77.4625286,27.49593],[77.4625262,27.4958921],[77.4625404,27.4958438],[77.4625641,27.4957765],[77.4625689,27.4957429],[77.4625547,27.4957134],[77.462278,27.4953871],[77.4621027,27.4951803]]}},{"type":"Feature","properties":{"kind":"road","name":"","class":"residential"},"geometry":{"type":"LineString","coordinates":[[77.4617372,27.4975974],[77.4618401,27.4978907],[77.4618843,27.4980167],[77.4619554,27.4981827],[77.4620525,27.4985254],[77.4620786,27.4985464],[77.4621118,27.4985485],[77.4621876,27.4985485],[77.4624483,27.498517]]}},{"type":"Feature","properties":{"kind":"road","name":"","class":"residential"},"geometry":{"type":"LineString","coordinates":[[77.4643543,27.4993882],[77.4643046,27.4993434],[77.4642794,27.4993115],[77.4642758,27.4992573],[77.4642722,27.4990662],[77.4642471,27.4989929],[77.4640244,27.4985022]]}},{"type":"Feature","properties":{"kind":"road","name":"","class":"residential"},"geometry":{"type":"LineString","coordinates":[[77.4609469,27.4951348],[77.4610425,27.4952919],[77.4611782,27.4955148],[77.4612853,27.4956907],[77.4616502,27.4962061],[77.4618554,27.4964998],[77.4619365,27.496615],[77.4619962,27.4966997],[77.4621157,27.496882],[77.4621387,27.4969172],[77.4621813,27.4969782],[77.462252,27.4970408],[77.4624222,27.4971919]]}},{"type":"Feature","properties":{"kind":"road","name":"","class":"residential"},"geometry":{"type":"LineString","coordinates":[[77.4621813,27.4969782],[77.4625226,27.4966944]]}},{"type":"Feature","properties":{"kind":"road","name":"","class":"residential"},"geometry":{"type":"LineString","coordinates":[[77.4618554,27.4964998],[77.4621126,27.4963517],[77.4621718,27.4963171],[77.4623425,27.4962172],[77.4623638,27.4961941],[77.4624017,27.4961646],[77.4625887,27.4960796]]}},{"type":"Feature","properties":{"kind":"road","name":"","class":"residential"},"geometry":{"type":"LineString","coordinates":[[77.4616502,27.4962061],[77.4619799,27.4959964]]}},{"type":"Feature","properties":{"kind":"road","name":"","class":"residential"},"geometry":{"type":"LineString","coordinates":[[77.4621718,27.4963171],[77.4619799,27.4959964],[77.4618235,27.495761]]}},{"type":"Feature","properties":{"kind":"road","name":"","class":"residential"},"geometry":{"type":"LineString","coordinates":[[77.462278,27.4953871],[77.461987,27.4955823],[77.4618875,27.4956412],[77.4618543,27.4956391],[77.4618282,27.4956223],[77.4616268,27.4953616],[77.4616078,27.4953301],[77.4615818,27.4952838],[77.4615213,27.4951736]]}},{"type":"Feature","properties":{"kind":"road","name":"","class":"residential"},"geometry":{"type":"LineString","coordinates":[[77.4621157,27.496882],[77.461782,27.4970478]]}},{"type":"Feature","properties":{"kind":"road","name":"","class":"residential"},"geometry":{"type":"LineString","coordinates":[[77.462252,27.4970408],[77.462141,27.4971778],[77.4621038,27.4972162],[77.4620626,27.4972418],[77.4618418,27.4973534]]}},{"type":"Feature","properties":{"kind":"road","name":"","class":"residential"},"geometry":{"type":"LineString","coordinates":[[77.4609539,27.4965107],[77.4609974,27.4964903],[77.4610201,27.4964867],[77.4610428,27.4964958],[77.4610572,27.4965105],[77.4610779,27.496516],[77.4611026,27.4965068],[77.4613419,27.4963754],[77.4616502,27.4962061]]}},{"type":"Feature","properties":{"kind":"road","name":"","class":"residential"},"geometry":{"type":"LineString","coordinates":[[77.4619365,27.496615],[77.4617917,27.4966935],[77.4617525,27.4967118],[77.4617277,27.4967136],[77.4617071,27.4967045],[77.4615359,27.4964556]]}},{"type":"Feature","properties":{"kind":"road","name":"","class":"residential"},"geometry":{"type":"LineString","coordinates":[[77.4610193,27.4968919],[77.4612581,27.496788],[77.4613079,27.4967586],[77.4613387,27.496746],[77.4613624,27.4967523],[77.4613861,27.4967838],[77.461507,27.497013]]}},{"type":"Feature","properties":{"kind":"road","name":"","class":"residential"},"geometry":{"type":"LineString","coordinates":[[77.4607587,27.4957766],[77.4611782,27.4955148]]}},{"type":"Feature","properties":{"kind":"road","name":"","class":"residential"},"geometry":{"type":"LineString","coordinates":[[77.4609607,27.4962963],[77.461125,27.4961955],[77.4611559,27.4961845],[77.4611889,27.4961827],[77.4612116,27.4961973],[77.4613419,27.4963754]]}},{"type":"Feature","properties":{"kind":"road","name":"","class":"residential"},"geometry":{"type":"LineString","coordinates":[[77.4605692,27.4955616],[77.4607472,27.4954396],[77.4608398,27.4953865],[77.4610425,27.4952919]]}},{"type":"Feature","properties":{"kind":"road","name":"","class":"residential"},"geometry":{"type":"LineString","coordinates":[[77.4631387,27.4949084],[77.4634026,27.4953471],[77.4635821,27.4956556],[77.4635931,27.4956746],[77.4636709,27.4958082],[77.4638245,27.496125],[77.4638359,27.4961486],[77.4639344,27.4963567],[77.4641495,27.4968111]]}},{"type":"Feature","properties":{"kind":"road","name":"","class":"residential"},"geometry":{"type":"LineString","coordinates":[[77.4638245,27.496125],[77.4640495,27.4959698],[77.4642727,27.4958201],[77.4644687,27.4956969],[77.4646072,27.495624]]}},{"type":"Feature","properties":{"kind":"road","name":"","class":"residential"},"geometry":{"type":"LineString","coordinates":[[77.4653924,27.4972385],[77.4653371,27.4972602],[77.4649638,27.4974065],[77.464856,27.4974487],[77.4645375,27.4975874],[77.4640789,27.4977828],[77.4640125,27.4978112],[77.4639829,27.4978207],[77.4639604,27.4978228],[77.4639332,27.4978207],[77.4633964,27.4976462],[77.4630809,27.4975484],[77.4630114,27.4975242],[77.4629883,27.4975133],[77.4629638,27.4975025],[77.4629393,27.4974964],[77.4625691,27.4975363],[77.4624873,27.4975375],[77.462442,27.4975348],[77.462406,27.4975237],[77.462345,27.4974876],[77.4621995,27.4973734]]}},{"type":"Feature","properties":{"kind":"road","name":"","class":"residential"},"geometry":{"type":"LineString","coordinates":[[77.462406,27.4975237],[77.462208,27.4976168],[77.4620464,27.4977459],[77.4618401,27.4978907]]}},{"type":"Feature","properties":{"kind":"road","name":"","class":"residential"},"geometry":{"type":"LineString","coordinates":[[77.4653371,27.4972602],[77.4652413,27.4971181],[77.4652145,27.4970705],[77.4651897,27.4970412],[77.4651547,27.4970119],[77.4650907,27.4969863],[77.4650515,27.4969643],[77.4650206,27.4969277],[77.4649752,27.4968564],[77.4648638,27.4966459],[77.4648374,27.4965747],[77.4648089,27.4964128]]}},{"type":"Feature","properties":{"kind":"road","name":"","class":"residential"},"geometry":{"type":"LineString","coordinates":[[77.4627589,27.4968488],[77.4629279,27.4971056],[77.462945,27.4971309],[77.4630701,27.4973158],[77.4630938,27.497341],[77.4631293,27.497362],[77.4631658,27.4973774],[77.4632786,27.4974251],[77.46339,27.4974755]]}},{"type":"Feature","properties":{"kind":"road","name":"","class":"residential"},"geometry":{"type":"LineString","coordinates":[[77.4631658,27.4973774],[77.4632976,27.4972969],[77.4633373,27.4972627],[77.4633758,27.4972296],[77.4634516,27.497156],[77.4634895,27.4971224],[77.4637076,27.4969836]]}},{"type":"Feature","properties":{"kind":"road","name":"","class":"residential"},"geometry":{"type":"LineString","coordinates":[[77.4633373,27.4972627],[77.4631909,27.4970972],[77.4631578,27.4970698],[77.4631317,27.4970635],[77.4631033,27.4970698],[77.462945,27.4971309]]}},{"type":"Feature","properties":{"kind":"road","name":"","class":"residential"},"geometry":{"type":"LineString","coordinates":[[77.4627432,27.4964608],[77.4629777,27.4963614],[77.4630274,27.4963509],[77.4631364,27.4963341],[77.4631791,27.4963341],[77.4632099,27.4963446],[77.4632336,27.4963677],[77.4632597,27.4963887],[77.4632881,27.496395],[77.4634516,27.4963866],[77.4636317,27.496374]]}},{"type":"Feature","properties":{"kind":"road","name":"","class":"residential"},"geometry":{"type":"LineString","coordinates":[[77.4649638,27.4974065],[77.4649584,27.4972659],[77.4649537,27.4972365],[77.4649418,27.4972134],[77.464911,27.4971923],[77.4648612,27.4971755],[77.4647309,27.4971713],[77.4646645,27.4971755],[77.4646242,27.497186],[77.4645982,27.4972028],[77.4645176,27.4972974]]}},{"type":"Feature","properties":{"kind":"road","name":"","class":"residential"},"geometry":{"type":"LineString","coordinates":[[77.4642727,27.4958201],[77.464426,27.4960481],[77.4644722,27.4961326]]}},{"type":"Feature","properties":{"kind":"road","name":"","class":"residential"},"geometry":{"type":"LineString","coordinates":[[77.4639344,27.4963567],[77.4640721,27.4963354],[77.4641292,27.4963234],[77.4641728,27.4963065],[77.4642762,27.4962292],[77.4643171,27.4962026],[77.4643552,27.4961833],[77.4644722,27.4961326],[77.4645962,27.4961224],[77.4646919,27.4961157],[77.4647288,27.4961188],[77.4647556,27.4961335],[77.4647845,27.4961737],[77.464799,27.496192],[77.4648217,27.4961975],[77.4650383,27.4961829],[77.46516,27.4961591],[77.4652466,27.4961298],[77.4654306,27.4960598]]}},{"type":"Feature","properties":{"kind":"road","name":"","class":"residential"},"geometry":{"type":"LineString","coordinates":[[77.4657233,27.4948137],[77.4655067,27.4948262],[77.4654223,27.4948359],[77.465357,27.4948455],[77.4651882,27.4949059],[77.4650962,27.4949532],[77.4649677,27.4950194],[77.4649113,27.4950515],[77.4648499,27.4950864],[77.4648234,27.4951015],[77.4647091,27.4951691],[77.4646764,27.4952005],[77.4646628,27.4952415],[77.4646111,27.495512],[77.4646093,27.4955634],[77.4646072,27.495624],[77.4646164,27.4957337],[77.4646235,27.4957863],[77.4646188,27.4958199],[77.4646022,27.4958914],[77.464588,27.4959629],[77.4645856,27.4960091],[77.4645962,27.4961224]]}},{"type":"Feature","properties":{"kind":"road","name":"","class":"residential"},"geometry":{"type":"LineString","coordinates":[[77.4650962,27.4949532],[77.465051,27.4945277],[77.4649977,27.4940854]]}},{"type":"Feature","properties":{"kind":"road","name":"","class":"residential"},"geometry":{"type":"LineString","coordinates":[[77.4639451,27.4945419],[77.4640604,27.4947295],[77.4640912,27.4947547],[77.4641196,27.494761],[77.4642589,27.4947798],[77.4644633,27.4948073],[77.464558,27.4948136],[77.464686,27.4948031]]}},{"type":"Feature","properties":{"kind":"road","name":"","class":"residential"},"geometry":{"type":"LineString","coordinates":[[77.4642589,27.4947798],[77.4643898,27.4950532],[77.4644253,27.4951016],[77.4644561,27.4951352],[77.4645012,27.4951667],[77.4646628,27.4952415]]}},{"type":"Feature","properties":{"kind":"road","name":"","class":"residential"},"geometry":{"type":"LineString","coordinates":[[77.4649113,27.4950515],[77.4648448,27.4947358],[77.464814,27.4946244]]}},{"type":"Feature","properties":{"kind":"road","name":"","class":"residential"},"geometry":{"type":"LineString","coordinates":[[77.4635931,27.4956746],[77.4637866,27.4955577],[77.4638691,27.4954918],[77.4639516,27.4954003],[77.4640197,27.4953326],[77.464061,27.4952978],[77.4642012,27.4952246],[77.4644253,27.4951016]]}},{"type":"Feature","properties":{"kind":"road","name":"","class":"residential"},"geometry":{"type":"LineString","coordinates":[[77.464061,27.4952978],[77.4640109,27.4952715],[77.4639778,27.4952587],[77.4639407,27.4952569],[77.4638974,27.4952569],[77.4638706,27.4952495],[77.4638499,27.4952257],[77.4637612,27.4950885]]}},{"type":"Feature","properties":{"kind":"road","name":"","class":"residential"},"geometry":{"type":"LineString","coordinates":[[77.4635821,27.4956556],[77.4632953,27.4957966],[77.4631735,27.4958533]]}},{"type":"Feature","properties":{"kind":"road","name":"","class":"residential"},"geometry":{"type":"LineString","coordinates":[[77.4652466,27.4961298],[77.4651858,27.4958919],[77.4651754,27.4958498],[77.4651631,27.4958187],[77.4651259,27.4957547]]}},{"type":"Feature","properties":{"kind":"road","name":"","class":"residential"},"geometry":{"type":"LineString","coordinates":[[77.4648499,27.4950864],[77.4650269,27.4952825],[77.4651789,27.4954495],[77.4652085,27.495482],[77.4654441,27.49569]]}},{"type":"Feature","properties":{"kind":"road","name":"","class":"residential"},"geometry":{"type":"LineString","coordinates":[[77.4651789,27.4954495],[77.4650145,27.4955827],[77.4649444,27.4956321],[77.4647608,27.4957162]]}},{"type":"Feature","properties":{"kind":"road","name":"","class":"residential"},"geometry":{"type":"LineString","coordinates":[[77.4646072,27.495624],[77.4646597,27.4955827],[77.4646803,27.4955772],[77.4647009,27.4955827],[77.4647174,27.4955991],[77.4647608,27.4957162],[77.4647958,27.4958169]]}},{"type":"Feature","properties":{"kind":"road","name":"","class":"residential"},"geometry":{"type":"LineString","coordinates":[[77.4656516,27.4950843],[77.4652992,27.4952569]]}},{"type":"Feature","properties":{"kind":"road","name":"","class":"residential"},"geometry":{"type":"LineString","coordinates":[[77.4673596,27.4966602],[77.4670553,27.496094],[77.4669641,27.4959243]]}},{"type":"Feature","properties":{"kind":"road","name":"","class":"residential"},"geometry":{"type":"LineString","coordinates":[[77.4677266,27.4967871],[77.468189,27.4975365],[77.4682203,27.4975878],[77.4682357,27.497613],[77.4682788,27.4976544],[77.4687566,27.4980368]]}},{"type":"Feature","properties":{"kind":"road","name":"","class":"residential"},"geometry":{"type":"LineString","coordinates":[[77.4654519,27.4961513],[77.4660017,27.4960394]]}},{"type":"Feature","properties":{"kind":"road","name":"","class":"residential"},"geometry":{"type":"LineString","coordinates":[[77.4657059,27.4972104],[77.4662736,27.4970629]]}},{"type":"Feature","properties":{"kind":"road","name":"","class":"residential"},"geometry":{"type":"LineString","coordinates":[[77.4658121,27.497393],[77.4663549,27.4972377],[77.4667615,27.4971225],[77.4669742,27.4970623],[77.4670897,27.4970296],[77.4675463,27.4969159],[77.4675744,27.4969048],[77.4676026,27.4968882],[77.4676546,27.4968089]]}},{"type":"Feature","properties":{"kind":"road","name":"","class":"residential"},"geometry":{"type":"LineString","coordinates":[[77.4669742,27.4970623],[77.466931,27.497203],[77.4669278,27.4972474],[77.4669497,27.4972973],[77.4669935,27.4973722],[77.4670154,27.4974471],[77.4670248,27.4975303],[77.4670154,27.4975747],[77.4669904,27.4976052],[77.4669185,27.4976496],[77.4665758,27.4978629],[77.4663837,27.4979825],[77.4662274,27.4980906]]}},{"type":"Feature","properties":{"kind":"road","name":"","class":"residential"},"geometry":{"type":"LineString","coordinates":[[77.4658633,27.4975565],[77.4660979,27.4975088],[77.4661598,27.4974978],[77.4661928,27.497485],[77.4662712,27.4974502],[77.4663296,27.4974194],[77.4666983,27.4972251],[77.4667313,27.4971995],[77.4667498,27.4971775],[77.4667615,27.4971225]]}},{"type":"Feature","properties":{"kind":"road","name":"","class":"residential"},"geometry":{"type":"LineString","coordinates":[[77.4663296,27.4974194],[77.4665758,27.4978629]]}},{"type":"Feature","properties":{"kind":"road","name":"","class":"residential"},"geometry":{"type":"LineString","coordinates":[[77.4655809,27.4967077],[77.4657437,27.496654],[77.4659305,27.4965759]]}},{"type":"Feature","properties":{"kind":"road","name":"","class":"residential"},"geometry":{"type":"LineString","coordinates":[[77.4663549,27.4972377],[77.4662736,27.4970629],[77.4661636,27.4968174]]}},{"type":"Feature","properties":{"kind":"road","name":"","class":"residential"},"geometry":{"type":"LineString","coordinates":[[77.4662359,27.4964721],[77.4666823,27.4962661],[77.4667096,27.4962535],[77.4670553,27.496094]]}},{"type":"Feature","properties":{"kind":"road","name":"","class":"residential"},"geometry":{"type":"LineString","coordinates":[[77.4666823,27.4962661],[77.4669849,27.4968377]]}},{"type":"Feature","properties":{"kind":"road","name":"","class":"service"},"geometry":{"type":"LineString","coordinates":[[77.4659874,27.496013],[77.4662987,27.4958591],[77.4663414,27.4958423],[77.4663864,27.4958444],[77.4664291,27.4958633],[77.4664599,27.4958907],[77.4667096,27.4962535]]}},{"type":"Feature","properties":{"kind":"road","name":"","class":"residential"},"geometry":{"type":"LineString","coordinates":[[77.4695483,27.497467],[77.4692435,27.4975705],[77.4691465,27.4976151],[77.4690674,27.4976661],[77.4689812,27.4977425],[77.4687566,27.4980368],[77.4683932,27.4984737],[77.4682794,27.4986106],[77.4682592,27.4986442],[77.4682542,27.4986885],[77.4682666,27.4987196],[77.4683532,27.498855],[77.4683698,27.4988971],[77.4683698,27.4989319],[77.4683574,27.4989648],[77.4683244,27.4990087],[77.4682737,27.4990644],[77.468213,27.4991222],[77.4681366,27.4991917],[77.4680901,27.499222],[77.4672402,27.4996905]]}},{"type":"Feature","properties":{"kind":"road","name":"","class":"residential"},"geometry":{"type":"LineString","coordinates":[[77.4691465,27.4976151],[77.4689746,27.4972882]]}},{"type":"Feature","properties":{"kind":"road","name":"","class":"residential"},"geometry":{"type":"LineString","coordinates":[[77.4682203,27.4975878],[77.4679018,27.4977494]]}},{"type":"Feature","properties":{"kind":"road","name":"","class":"residential"},"geometry":{"type":"LineString","coordinates":[[77.4677213,27.5001163],[77.46821,27.4997415],[77.4686034,27.4994725],[77.4689294,27.4992687],[77.4689869,27.4992209],[77.4690084,27.4991858],[77.4690084,27.4991571],[77.4689761,27.4990902],[77.4689378,27.4990408],[77.468648,27.4987302]]}},{"type":"Feature","properties":{"kind":"road","name":"","class":"residential"},"geometry":{"type":"LineString","coordinates":[[77.4701482,27.4994819],[77.4696953,27.4997825],[77.4692743,27.500062]]}},{"type":"Feature","properties":{"kind":"road","name":"","class":"residential"},"geometry":{"type":"LineString","coordinates":[[77.4696953,27.4997825],[77.4694432,27.4994926],[77.4693676,27.4994057],[77.4692168,27.4991954],[77.4691809,27.4991603],[77.4691449,27.4991444],[77.4690084,27.4991571]]}},{"type":"Feature","properties":{"kind":"road","name":"","class":"residential"},"geometry":{"type":"LineString","coordinates":[[77.4694432,27.4994926],[77.4689546,27.4998071]]}},{"type":"Feature","properties":{"kind":"road","name":"","class":"service"},"geometry":{"type":"LineString","coordinates":[[77.4696649,27.5025451],[77.470403,27.5020952],[77.4708817,27.5018324]]}},{"type":"Feature","properties":{"kind":"road","name":"","class":"residential"},"geometry":{"type":"LineString","coordinates":[[77.4689773,27.4955359],[77.4678698,27.4959878]]}},{"type":"Feature","properties":{"kind":"road","name":"","class":"residential"},"geometry":{"type":"LineString","coordinates":[[77.4694765,27.4933238],[77.4697049,27.4938068],[77.4698865,27.4942021],[77.4699195,27.4942753],[77.4699277,27.4943192],[77.4699153,27.4943595],[77.4698122,27.4945059],[77.4697916,27.4945608],[77.4697833,27.494634],[77.4697957,27.4947292],[77.4698303,27.4948695],[77.4698823,27.4950805]]}},{"type":"Feature","properties":{"kind":"road","name":"","class":"residential"},"geometry":{"type":"LineString","coordinates":[[77.4688746,27.4952042],[77.4693171,27.4950586],[77.4695894,27.4949583],[77.4698303,27.4948695]]}},{"type":"Feature","properties":{"kind":"road","name":"","class":"residential"},"geometry":{"type":"LineString","coordinates":[[77.4698303,27.4948695],[77.4700763,27.494795],[77.4703734,27.4947072]]}},{"type":"Feature","properties":{"kind":"road","name":"","class":"residential"},"geometry":{"type":"LineString","coordinates":[[77.4695894,27.4949583],[77.469412,27.4945974]]}},{"type":"Feature","properties":{"kind":"road","name":"","class":"residential"},"geometry":{"type":"LineString","coordinates":[[77.4688081,27.4935831],[77.4688632,27.4937446],[77.4689395,27.4940081],[77.4689705,27.4940875],[77.468983,27.4941319],[77.4689924,27.4941707],[77.4689892,27.4941929],[77.4689736,27.4942206],[77.4689392,27.4942401],[77.4686032,27.4943274]]}},{"type":"Feature","properties":{"kind":"road","name":"","class":"residential"},"geometry":{"type":"LineString","coordinates":[[77.4692366,27.4963909],[77.4702301,27.4963304],[77.4706416,27.496296],[77.4708767,27.4962763],[77.4710347,27.4962763],[77.4718429,27.4962221]]}},{"type":"Feature","properties":{"kind":"road","name":"","class":"residential"},"geometry":{"type":"LineString","coordinates":[[77.4695319,27.4974098],[77.4700115,27.4973205],[77.4700931,27.4973053],[77.470594,27.4972401],[77.4709377,27.4971956],[77.4710043,27.497187],[77.4710976,27.4971749],[77.4713835,27.4971242],[77.4724071,27.4969745],[77.4730795,27.4968586],[77.4733437,27.4968111],[77.4734633,27.4967895],[77.4737068,27.4967457],[77.4738426,27.4967213],[77.4740944,27.496676],[77.474223,27.4966528],[77.4746087,27.4965835]]}},{"type":"Feature","properties":{"kind":"road","name":"","class":"residential"},"geometry":{"type":"LineString","coordinates":[[77.4709377,27.4971956],[77.4706416,27.496296]]}},{"type":"Feature","properties":{"kind":"road","name":"","class":"service"},"geometry":{"type":"LineString","coordinates":[[77.4710043,27.497187],[77.4713127,27.4980442]]}},{"type":"Feature","properties":{"kind":"road","name":"","class":"residential"},"geometry":{"type":"LineString","coordinates":[[77.4700115,27.4973205],[77.4702456,27.4978873],[77.4702674,27.4979283],[77.4702919,27.49795],[77.4703327,27.4979718],[77.4703708,27.4979766],[77.4704907,27.4979641],[77.4705282,27.4979651],[77.4705638,27.4979819],[77.4705875,27.4980114],[77.470729,27.4983446],[77.4707723,27.4984465]]}},{"type":"Feature","properties":{"kind":"road","name":"","class":"residential"},"geometry":{"type":"LineString","coordinates":[[77.4694262,27.4970402],[77.4695984,27.497018],[77.469809,27.4969908],[77.4700906,27.4969544]]}},{"type":"Feature","properties":{"kind":"road","name":"","class":"service"},"geometry":{"type":"LineString","coordinates":[[77.4702983,27.4999652],[77.4708899,27.4996385],[77.47109,27.4995276],[77.4711369,27.4995026],[77.4711838,27.4994887],[77.4712307,27.499486],[77.4712651,27.4995026],[77.4714246,27.4998049],[77.471606,27.500074],[77.4716935,27.5001849],[77.4717342,27.5002099],[77.4717905,27.5002099],[77.4718436,27.500196],[77.4720438,27.50011]]}},{"type":"Feature","properties":{"kind":"road","name":"","class":"service"},"geometry":{"type":"LineString","coordinates":[[77.4705002,27.5006151],[77.4708868,27.5004429],[77.4709712,27.5003957],[77.4710337,27.5003541],[77.471065,27.5003181],[77.4711651,27.5001156]]}},{"type":"Feature","properties":{"kind":"road","name":"","class":"residential"},"geometry":{"type":"LineString","coordinates":[[77.4762154,27.5023509],[77.4761001,27.5018242],[77.4760401,27.5015504],[77.4759997,27.5013903],[77.475964,27.5012492],[77.4759309,27.5011735],[77.4758787,27.50106],[77.4758408,27.5009633],[77.4758029,27.5008582],[77.4757821,27.5007941],[77.4757749,27.5007367],[77.4757893,27.5006825],[77.4758109,27.500622],[77.475818,27.500571],[77.4758037,27.5005105],[77.4757749,27.5004627],[77.475739,27.5004213],[77.4756995,27.5003958],[77.475642,27.5003958],[77.4755379,27.5004085],[77.4754876,27.5004085],[77.4754517,27.5003894],[77.4754229,27.5003512],[77.4753583,27.5000517],[77.4752107,27.4994881],[77.4751131,27.4991091],[77.4750007,27.4985701],[77.474844,27.4978465],[77.4747305,27.4973223],[77.474706,27.4972094],[77.4746087,27.4965835],[77.4745842,27.4964261],[77.4745175,27.4960868],[77.4744986,27.4959905],[77.4744455,27.4958131]]}},{"type":"Feature","properties":{"kind":"road","name":"","class":"residential"},"geometry":{"type":"LineString","coordinates":[[77.4744455,27.4958131],[77.4744305,27.4957587]]}},{"type":"Feature","properties":{"kind":"road","name":"","class":"residential"},"geometry":{"type":"LineString","coordinates":[[77.4744305,27.4957587],[77.4743788,27.4954883],[77.4742841,27.4950412],[77.4742485,27.494873],[77.4742209,27.4947159],[77.4741807,27.4944876],[77.4741184,27.4941329],[77.4740923,27.4939058],[77.4740726,27.4937349],[77.4740495,27.4935728],[77.4740397,27.4935042],[77.4740007,27.49323],[77.4739977,27.4932096],[77.4739194,27.4926808],[77.4738714,27.4924503],[77.4738,27.492137]]}},{"type":"Feature","properties":{"kind":"road","name":"","class":"tertiary"},"geometry":{"type":"LineString","coordinates":[[77.4692313,27.4963732],[77.4692366,27.4963909],[77.4694262,27.4970402],[77.4695319,27.4974098],[77.4695483,27.497467],[77.4695779,27.4975705],[77.4697655,27.4982522],[77.4701482,27.4994819],[77.4702983,27.4999652],[77.4705002,27.5006151],[77.4707398,27.5013863],[77.4708054,27.5015973],[77.4708817,27.5018324],[77.471558,27.5039589],[77.471664,27.5042925],[77.471931,27.5050883]]}},{"type":"Feature","properties":{"kind":"road","name":"","class":"tertiary"},"geometry":{"type":"LineString","coordinates":[[77.4692159,27.4963225],[77.4692313,27.4963732]]}},{"type":"Feature","properties":{"kind":"road","name":"","class":"residential"},"geometry":{"type":"LineString","coordinates":[[77.4748734,27.5023784],[77.4750122,27.5021707],[77.4750666,27.5020982],[77.4750884,27.5020644],[77.4750939,27.5020185],[77.4750993,27.5019727],[77.4751129,27.5019437],[77.4751429,27.5019292],[77.4752572,27.5019171],[77.4757635,27.5018613],[77.4761001,27.5018242]]}},{"type":"Feature","properties":{"kind":"road","name":"","class":"residential"},"geometry":{"type":"LineString","coordinates":[[77.4759997,27.5013903],[77.4756947,27.5014267],[77.4752463,27.5014801],[77.4751783,27.5014946],[77.4751456,27.5015139],[77.4750939,27.5015646],[77.4750585,27.5016201],[77.4750503,27.5016564],[77.4751129,27.5019437]]}},{"type":"Feature","properties":{"kind":"road","name":"","class":"residential"},"geometry":{"type":"LineString","coordinates":[[77.4756947,27.5014267],[77.4757635,27.5018613]]}},{"type":"Feature","properties":{"kind":"road","name":"","class":"residential"},"geometry":{"type":"LineString","coordinates":[[77.4730795,27.4968586],[77.4732024,27.4974672],[77.4732531,27.4977185]]}},{"type":"Feature","properties":{"kind":"road","name":"","class":"residential"},"geometry":{"type":"LineString","coordinates":[[77.4732024,27.4974672],[77.4735791,27.4974026],[77.4739753,27.4973347],[77.4743528,27.49727],[77.474706,27.4972094]]}},{"type":"Feature","properties":{"kind":"road","name":"","class":"residential"},"geometry":{"type":"LineString","coordinates":[[77.4735791,27.4974026],[77.4734633,27.4967895]]}},{"type":"Feature","properties":{"kind":"road","name":"","class":"residential"},"geometry":{"type":"LineString","coordinates":[[77.4743528,27.49727],[77.474223,27.4966528]]}},{"type":"Feature","properties":{"kind":"road","name":"","class":"residential"},"geometry":{"type":"LineString","coordinates":[[77.4739753,27.4973347],[77.4738426,27.4967213]]}},{"type":"Feature","properties":{"kind":"road","name":"","class":"residential"},"geometry":{"type":"LineString","coordinates":[[77.4733437,27.4968111],[77.4731406,27.4960459]]}},{"type":"Feature","properties":{"kind":"road","name":"","class":"residential"},"geometry":{"type":"LineString","coordinates":[[77.4737068,27.4967457],[77.4735033,27.4959877]]}},{"type":"Feature","properties":{"kind":"road","name":"","class":"residential"},"geometry":{"type":"LineString","coordinates":[[77.4740944,27.496676],[77.4738942,27.4959544]]}},{"type":"Feature","properties":{"kind":"road","name":"","class":"service"},"geometry":{"type":"LineString","coordinates":[[77.474844,27.4978465],[77.475443,27.4980409]]}},{"type":"Feature","properties":{"kind":"road","name":"","class":"track"},"geometry":{"type":"LineString","coordinates":[[77.4747305,27.4973223],[77.47499,27.4974175],[77.4756322,27.4976425],[77.4758858,27.4977434],[77.4759332,27.4977623],[77.4759711,27.4977833],[77.4760398,27.4978443],[77.4760778,27.4978674],[77.4761346,27.4978863],[77.4764664,27.4979305],[77.4765138,27.4979389],[77.4766307,27.497958],[77.4768866,27.4980043],[77.476998,27.4980295],[77.4770312,27.49804],[77.4770573,27.4980589],[77.4770715,27.4980905],[77.4770905,27.498143],[77.4771047,27.4981661],[77.477126,27.4981787],[77.4771592,27.4981872],[77.4774554,27.4981535],[77.4780526,27.4980673],[77.4781802,27.4980459],[77.4782319,27.4980314],[77.4782673,27.4980097],[77.4782755,27.4979928],[77.4782238,27.4976571]]}},{"type":"Feature","properties":{"kind":"road","name":"","class":"service"},"geometry":{"type":"LineString","coordinates":[[77.4745175,27.4960868],[77.4758629,27.4959212],[77.4759317,27.4959156],[77.4759661,27.495924],[77.4759942,27.4959489],[77.4760067,27.4959878],[77.4760724,27.4963095]]}},{"type":"Feature","properties":{"kind":"road","name":"","class":"residential"},"geometry":{"type":"LineString","coordinates":[[77.4702793,27.4930017],[77.4704036,27.4932463],[77.4704226,27.493303],[77.4705719,27.4938496],[77.4707164,27.4943268],[77.4707303,27.4943638],[77.4707468,27.4943858],[77.4707715,27.4943949],[77.4708087,27.4943949],[77.4709487,27.4943731],[77.4715938,27.4942723],[77.4718629,27.4942302],[77.4724399,27.4941432],[77.4730488,27.4940513],[77.4740631,27.4939099],[77.4740923,27.4939058]]}},{"type":"Feature","properties":{"kind":"road","name":"","class":"residential"},"geometry":{"type":"LineString","coordinates":[[77.4742841,27.4950412],[77.4736014,27.495169],[77.4734071,27.4952005],[77.4733549,27.4952026],[77.4733099,27.4951984],[77.4732815,27.4951816],[77.4732673,27.4951542],[77.4732163,27.4948955],[77.4731849,27.4947362]]}},{"type":"Feature","properties":{"kind":"road","name":"","class":"residential"},"geometry":{"type":"LineString","coordinates":[[77.4732163,27.4948955],[77.4740177,27.4947522],[77.4742209,27.4947159]]}},{"type":"Feature","properties":{"kind":"road","name":"","class":"residential"},"geometry":{"type":"LineString","coordinates":[[77.4741807,27.4944876],[77.4741398,27.4944943],[77.4741027,27.4945003],[77.4739921,27.4945183],[77.4737622,27.4945558],[77.4735142,27.4945962]]}},{"type":"Feature","properties":{"kind":"road","name":"","class":"residential"},"geometry":{"type":"LineString","coordinates":[[77.4709487,27.4943731],[77.4708966,27.4941973],[77.4707116,27.493573]]}},{"type":"Feature","properties":{"kind":"road","name":"","class":"residential"},"geometry":{"type":"LineString","coordinates":[[77.4715938,27.4942723],[77.4715197,27.494041],[77.4714133,27.4937088],[77.4713402,27.4934806],[77.4711821,27.4930727]]}},{"type":"Feature","properties":{"kind":"road","name":"","class":"residential"},"geometry":{"type":"LineString","coordinates":[[77.4708966,27.4941973],[77.4715197,27.494041]]}},{"type":"Feature","properties":{"kind":"road","name":"","class":"residential"},"geometry":{"type":"LineString","coordinates":[[77.4714133,27.4937088],[77.4713007,27.4937291],[77.4712468,27.4937291],[77.4711965,27.49371],[77.4711642,27.4936718],[77.4711247,27.4935634],[77.4708409,27.4927943]]}},{"type":"Feature","properties":{"kind":"road","name":"","class":"residential"},"geometry":{"type":"LineString","coordinates":[[77.4724399,27.4941432],[77.4721233,27.4930664],[77.4721017,27.4930281],[77.472073,27.4930058],[77.4720227,27.493009],[77.4716958,27.4931205]]}},{"type":"Feature","properties":{"kind":"road","name":"","class":"residential"},"geometry":{"type":"LineString","coordinates":[[77.4714906,27.4925617],[77.4716958,27.4931205],[77.4718395,27.4936017]]}},{"type":"Feature","properties":{"kind":"road","name":"","class":"residential"},"geometry":{"type":"LineString","coordinates":[[77.4739977,27.4932096],[77.4733558,27.4933269]]}},{"type":"Feature","properties":{"kind":"road","name":"","class":"residential"},"geometry":{"type":"LineString","coordinates":[[77.4740397,27.4935042],[77.4734121,27.4936154]]}},{"type":"Feature","properties":{"kind":"road","name":"","class":"service"},"geometry":{"type":"LineString","coordinates":[[77.4722524,27.4923766],[77.4723762,27.492707]]}},{"type":"Feature","properties":{"kind":"road","name":"","class":"residential"},"geometry":{"type":"LineString","coordinates":[[77.4740495,27.4935728],[77.4746706,27.4934889],[77.475095,27.4934316],[77.4755394,27.4933715],[77.4757897,27.4933377],[77.4759486,27.4933137],[77.4763962,27.4932462]]}},{"type":"Feature","properties":{"kind":"road","name":"","class":"residential"},"geometry":{"type":"LineString","coordinates":[[77.4760652,27.4918066],[77.4761911,27.4923718],[77.4762848,27.4927923],[77.4763962,27.4932462],[77.4764562,27.4935734],[77.4764847,27.4937289],[77.4765419,27.4940408],[77.4766046,27.4943822]]}},{"type":"Feature","properties":{"kind":"road","name":"","class":"residential"},"geometry":{"type":"LineString","coordinates":[[77.4746706,27.4934889],[77.4748288,27.4944769],[77.4748388,27.494539],[77.4748462,27.4945855]]}},{"type":"Feature","properties":{"kind":"road","name":"","class":"residential"},"geometry":{"type":"LineString","coordinates":[[77.4746706,27.4934889],[77.4746564,27.4933922],[77.4746522,27.4933373],[77.4746398,27.4932385],[77.4745161,27.4927737],[77.4743061,27.4920624]]}},{"type":"Feature","properties":{"kind":"road","name":"","class":"residential"},"geometry":{"type":"LineString","coordinates":[[77.4754162,27.4918974],[77.4755808,27.4925138]]}},{"type":"Feature","properties":{"kind":"road","name":"","class":"residential"},"geometry":{"type":"LineString","coordinates":[[77.4750549,27.4919487],[77.4751964,27.4923732]]}},{"type":"Feature","properties":{"kind":"road","name":"","class":"residential"},"geometry":{"type":"LineString","coordinates":[[77.4746843,27.4920052],[77.474899,27.4927229],[77.4749628,27.4929966],[77.4749841,27.4930406],[77.475016,27.4930626],[77.4750657,27.4930689],[77.4752891,27.4930438]]}},{"type":"Feature","properties":{"kind":"road","name":"","class":"residential"},"geometry":{"type":"LineString","coordinates":[[77.475095,27.4934316],[77.4750997,27.4934612],[77.4751236,27.4936125],[77.4752678,27.4945255]]}},{"type":"Feature","properties":{"kind":"road","name":"","class":"residential"},"geometry":{"type":"LineString","coordinates":[[77.4755394,27.4933715],[77.4755914,27.4937724],[77.4756827,27.4944752]]}},{"type":"Feature","properties":{"kind":"road","name":"","class":"residential"},"geometry":{"type":"LineString","coordinates":[[77.4759486,27.4933137],[77.4761154,27.4944563]]}},{"type":"Feature","properties":{"kind":"road","name":"","class":"residential"},"geometry":{"type":"LineString","coordinates":[[77.4742209,27.4947159],[77.4748462,27.4945855],[77.4752678,27.4945255],[77.4756827,27.4944752],[77.4761154,27.4944563],[77.4764536,27.4944051],[77.4766046,27.4943822],[77.4767638,27.4943582],[77.4768311,27.4943487],[77.4768914,27.4943424],[77.4769269,27.494355],[77.4769446,27.4943865],[77.4769603,27.4945257],[77.4769978,27.4948584]]}},{"type":"Feature","properties":{"kind":"road","name":"","class":"residential"},"geometry":{"type":"LineString","coordinates":[[77.4765419,27.4940408],[77.4767673,27.4940152],[77.4768337,27.4940134],[77.4768656,27.494017],[77.4768879,27.4940245],[77.4769073,27.4940399],[77.4769144,27.4940606],[77.4769343,27.494217],[77.4769439,27.4942928],[77.4769429,27.4943118],[77.4769269,27.494355]]}},{"type":"Feature","properties":{"kind":"road","name":"","class":"service"},"geometry":{"type":"LineString","coordinates":[[77.4769603,27.4945257],[77.4775868,27.4944604],[77.4776316,27.4944532],[77.4776662,27.4944423],[77.4776886,27.4944297],[77.4777029,27.4944098],[77.477707,27.4943827],[77.4776914,27.4941366],[77.4776825,27.4939961]]}},{"type":"Feature","properties":{"kind":"road","name":"","class":"service"},"geometry":{"type":"LineString","coordinates":[[77.4769343,27.494217],[77.4776914,27.4941366]]}},{"type":"Feature","properties":{"kind":"road","name":"","class":"residential"},"geometry":{"type":"LineString","coordinates":[[77.4764536,27.4944051],[77.4763201,27.4936754],[77.4763201,27.493642],[77.4763363,27.4936134],[77.4763631,27.4935991],[77.4764562,27.4935734]]}},{"type":"Feature","properties":{"kind":"road","name":"","class":"residential"},"geometry":{"type":"LineString","coordinates":[[77.4761911,27.4923718],[77.4763301,27.4923532],[77.4763826,27.4923368],[77.4764104,27.4923231],[77.4764258,27.4922957],[77.4764227,27.4922464],[77.4763292,27.4917726]]}},{"type":"Feature","properties":{"kind":"road","name":"","class":"residential"},"geometry":{"type":"LineString","coordinates":[[77.4791798,27.4929528],[77.4790705,27.4929832],[77.4784903,27.493087]]}},{"type":"Feature","properties":{"kind":"road","name":"","class":"residential"},"geometry":{"type":"LineString","coordinates":[[77.4642666,27.4943956],[77.4639389,27.4938062],[77.4637034,27.4934212],[77.4635067,27.4930997]]}},{"type":"Feature","properties":{"kind":"road","name":"","class":"residential"},"geometry":{"type":"LineString","coordinates":[[77.4630242,27.491864],[77.463149,27.4920771],[77.4632964,27.4923137],[77.4633268,27.4923626],[77.4633535,27.4924051],[77.4633672,27.4924268],[77.4634679,27.4925871],[77.4635522,27.4927214],[77.4635841,27.4927611],[77.4636708,27.4928691],[77.4636986,27.4929047],[77.4637078,27.4929403],[77.4636955,27.4929704],[77.4636646,27.4929978],[77.4635067,27.4930997],[77.4631336,27.4933319],[77.4628897,27.4934798]]}},{"type":"Feature","properties":{"kind":"road","name":"","class":"residential"},"geometry":{"type":"LineString","coordinates":[[77.4637034,27.4934212],[77.4638283,27.4933511],[77.4638807,27.4933155],[77.4639085,27.4932936],[77.4639209,27.4932716],[77.4639116,27.4932388],[77.4637665,27.4929896],[77.4636986,27.4929047]]}},{"type":"Feature","properties":{"kind":"road","name":"","class":"residential"},"geometry":{"type":"LineString","coordinates":[[77.4637034,27.4934212],[77.463149,27.4938002]]}},{"type":"Feature","properties":{"kind":"road","name":"","class":"residential"},"geometry":{"type":"LineString","coordinates":[[77.4624001,27.4940776],[77.4626581,27.4939426],[77.4627075,27.4939317],[77.4627631,27.4939426],[77.4628002,27.4939618],[77.4631058,27.4943123]]}},{"type":"Feature","properties":{"kind":"road","name":"","class":"residential"},"geometry":{"type":"LineString","coordinates":[[77.4627582,27.4944764],[77.4631058,27.4943123],[77.4635319,27.4941289]]}},{"type":"Feature","properties":{"kind":"road","name":"","class":"residential"},"geometry":{"type":"LineString","coordinates":[[77.4624038,27.4922112],[77.4626777,27.4926559],[77.4628067,27.4928752]]}},{"type":"Feature","properties":{"kind":"road","name":"","class":"residential"},"geometry":{"type":"LineString","coordinates":[[77.4633672,27.4924268],[77.4630675,27.4925581],[77.4630352,27.4925748],[77.463011,27.4925987],[77.4630083,27.4926273],[77.4630191,27.4926606],[77.4630943,27.4927584]]}},{"type":"Feature","properties":{"kind":"road","name":"","class":"residential"},"geometry":{"type":"LineString","coordinates":[[77.4619414,27.4924582],[77.4620592,27.4926247],[77.4621698,27.4927942]]}},{"type":"Feature","properties":{"kind":"road","name":"","class":"residential"},"geometry":{"type":"LineString","coordinates":[[77.4620592,27.4926247],[77.4621644,27.4925677],[77.4622074,27.492551],[77.4622343,27.4925438],[77.4622611,27.4925534],[77.4622826,27.492582],[77.4624197,27.4928108]]}},{"type":"Feature","properties":{"kind":"road","name":"","class":"residential"},"geometry":{"type":"LineString","coordinates":[[77.4635522,27.4927214],[77.4633101,27.4928808],[77.4630129,27.4930635]]}},{"type":"Feature","properties":{"kind":"road","name":"","class":"residential"},"geometry":{"type":"LineString","coordinates":[[77.463373,27.4916908],[77.4634983,27.4918863],[77.4635918,27.492025],[77.4637025,27.4921894]]}},{"type":"Feature","properties":{"kind":"road","name":"","class":"residential"},"geometry":{"type":"LineString","coordinates":[[77.4632964,27.4923137],[77.4637025,27.4921894],[77.463871,27.4921354]]}},{"type":"Feature","properties":{"kind":"road","name":"","class":"residential"},"geometry":{"type":"LineString","coordinates":[[77.4635918,27.492025],[77.4639599,27.4918511]]}},{"type":"Feature","properties":{"kind":"road","name":"","class":"residential"},"geometry":{"type":"LineString","coordinates":[[77.463149,27.4920771],[77.4634983,27.4918863]]}},{"type":"Feature","properties":{"kind":"road","name":"","class":"residential"},"geometry":{"type":"LineString","coordinates":[[77.4634679,27.4925871],[77.4637914,27.4924883],[77.4643272,27.4923223]]}},{"type":"Feature","properties":{"kind":"road","name":"","class":"residential"},"geometry":{"type":"LineString","coordinates":[[77.4635841,27.4927611],[77.4637283,27.4926772],[77.4637633,27.4926709],[77.4638218,27.4926689],[77.4638663,27.4926647],[77.4639154,27.4926523],[77.4644934,27.4924447],[77.4645846,27.4924157],[77.4646104,27.492399],[77.4646291,27.49237],[77.4646361,27.4923409],[77.464615,27.4920732],[77.4646104,27.4920213],[77.4646174,27.4919964],[77.4646478,27.4919632],[77.4647016,27.4919134],[77.4647227,27.4918885],[77.4647273,27.4918656],[77.464725,27.4918241],[77.4646515,27.4914677]]}},{"type":"Feature","properties":{"kind":"road","name":"","class":"residential"},"geometry":{"type":"LineString","coordinates":[[77.4633535,27.4924051],[77.463863,27.4922738],[77.464307,27.49216]]}},{"type":"Feature","properties":{"kind":"road","name":"","class":"residential"},"geometry":{"type":"LineString","coordinates":[[77.4641885,27.4915956],[77.4643183,27.4919615]]}},{"type":"Feature","properties":{"kind":"road","name":"","class":"residential"},"geometry":{"type":"LineString","coordinates":[[77.4611082,27.4924985],[77.4620517,27.4919771],[77.4629958,27.4914554]]}},{"type":"Feature","properties":{"kind":"road","name":"","class":"residential"},"geometry":{"type":"LineString","coordinates":[[77.4631641,27.4917945],[77.4629958,27.4914554],[77.4628362,27.4911228],[77.4627382,27.4909187],[77.4626802,27.4907978]]}},{"type":"Feature","properties":{"kind":"road","name":"","class":"residential"},"geometry":{"type":"LineString","coordinates":[[77.4620517,27.4919771],[77.4618852,27.4916268],[77.4618007,27.4914491],[77.4617581,27.491339],[77.4617546,27.4912918],[77.4617794,27.4912603],[77.4618503,27.491232],[77.4627382,27.4909187]]}},{"type":"Feature","properties":{"kind":"road","name":"","class":"residential"},"geometry":{"type":"LineString","coordinates":[[77.4618852,27.4916268],[77.4628362,27.4911228]]}},{"type":"Feature","properties":{"kind":"road","name":"","class":"residential"},"geometry":{"type":"LineString","coordinates":[[77.4648402,27.4914053],[77.4646357,27.4910263],[77.4643918,27.4905799],[77.4643132,27.4904295],[77.4642586,27.4903249],[77.4642338,27.4902683],[77.4642338,27.4902368],[77.4642799,27.4902085],[77.4643362,27.4901865],[77.4646112,27.4900798],[77.4647658,27.4900198]]}},{"type":"Feature","properties":{"kind":"road","name":"","class":"residential"},"geometry":{"type":"LineString","coordinates":[[77.4643362,27.4901865],[77.4641026,27.4896737]]}},{"type":"Feature","properties":{"kind":"road","name":"","class":"residential"},"geometry":{"type":"LineString","coordinates":[[77.4646112,27.4900798],[77.4647764,27.4904445]]}},{"type":"Feature","properties":{"kind":"road","name":"","class":"residential"},"geometry":{"type":"LineString","coordinates":[[77.4641201,27.4914374],[77.4641047,27.4913281],[77.4640831,27.4912651],[77.4638432,27.4907831],[77.4637157,27.4905147]]}},{"type":"Feature","properties":{"kind":"road","name":"","class":"residential"},"geometry":{"type":"LineString","coordinates":[[77.4643132,27.4904295],[77.4641325,27.4904764],[77.4640862,27.4904764],[77.4640553,27.490449],[77.4640213,27.4904106],[77.4639781,27.4903969],[77.4639071,27.4904161],[77.4637157,27.4905147],[77.4636015,27.4905558],[77.4633857,27.4906378],[77.4630179,27.4907776]]}},{"type":"Feature","properties":{"kind":"road","name":"","class":"residential"},"geometry":{"type":"LineString","coordinates":[[77.4638432,27.4907831],[77.4635182,27.4909185],[77.4630797,27.4910816]]}},{"type":"Feature","properties":{"kind":"road","name":"","class":"residential"},"geometry":{"type":"LineString","coordinates":[[77.4635182,27.4909185],[77.4633857,27.4906378]]}},{"type":"Feature","properties":{"kind":"road","name":"","class":"residential"},"geometry":{"type":"LineString","coordinates":[[77.4638432,27.4907831],[77.464043,27.4907092],[77.4641232,27.490679],[77.464151,27.4906653],[77.4641664,27.4906407],[77.4641325,27.4904764]]}},{"type":"Feature","properties":{"kind":"road","name":"","class":"residential"},"geometry":{"type":"LineString","coordinates":[[77.4635182,27.4909185],[77.4638219,27.4915118]]}},{"type":"Feature","properties":{"kind":"road","name":"","class":"residential"},"geometry":{"type":"LineString","coordinates":[[77.4634942,27.4916425],[77.4632958,27.4912432]]}},{"type":"Feature","properties":{"kind":"road","name":"","class":"residential"},"geometry":{"type":"LineString","coordinates":[[77.4599679,27.4909594],[77.4617789,27.4900061],[77.4619786,27.4899013]]}},{"type":"Feature","properties":{"kind":"road","name":"","class":"residential"},"geometry":{"type":"LineString","coordinates":[[77.4616959,27.4895223],[77.4617916,27.4896898],[77.4618645,27.4898146],[77.4619134,27.4898688],[77.4619786,27.4899013],[77.4621008,27.4899411],[77.4621863,27.4899736],[77.4622678,27.4900061],[77.4623126,27.4900278],[77.4623534,27.4900748],[77.4624715,27.4903169]]}},{"type":"Feature","properties":{"kind":"road","name":"","class":"residential"},"geometry":{"type":"LineString","coordinates":[[77.4596387,27.4904724],[77.4601942,27.4901941],[77.4607972,27.4899592],[77.4614123,27.4897712],[77.4617916,27.4896898]]}},{"type":"Feature","properties":{"kind":"road","name":"","class":"residential"},"geometry":{"type":"LineString","coordinates":[[77.4695981,27.4900803],[77.4696277,27.4900311],[77.4697945,27.4897537],[77.4698459,27.4896683],[77.4699904,27.489428],[77.4701846,27.4890327],[77.4702918,27.4888145],[77.4703936,27.4886212],[77.4704591,27.4885257],[77.4705153,27.4884593],[77.4706182,27.4884136],[77.470821,27.4883571],[77.4711844,27.4882559],[77.4713435,27.4881812],[77.4714463,27.488118],[77.4717354,27.4879405],[77.471773,27.4879174],[77.4718302,27.4878823],[77.471943,27.4878123],[77.472201,27.4876521],[77.4722706,27.4876089],[77.4723317,27.4875692],[77.4723562,27.4875294],[77.4723562,27.4874788],[77.4723154,27.4874174],[77.4719467,27.4869587]]}},{"type":"Feature","properties":{"kind":"road","name":"","class":"residential"},"geometry":{"type":"LineString","coordinates":[[77.470821,27.4883571],[77.4710298,27.4893145],[77.4710504,27.4894092],[77.4710678,27.489489],[77.4711032,27.4896579],[77.4711342,27.4898062],[77.4711641,27.4899488],[77.4712034,27.4901366],[77.4712259,27.4902439],[77.47127,27.4904549],[77.4712871,27.4905436],[77.4713662,27.4909529]]}},{"type":"Feature","properties":{"kind":"road","name":"","class":"residential"},"geometry":{"type":"LineString","coordinates":[[77.4696277,27.4900311],[77.4702472,27.4899448],[77.470294,27.4899365],[77.4703267,27.4899168],[77.4703362,27.4898809],[77.470308,27.4897082],[77.4702707,27.4895525]]}},{"type":"Feature","properties":{"kind":"road","name":"","class":"residential"},"geometry":{"type":"LineString","coordinates":[[77.4712034,27.4901366],[77.4707987,27.4901988],[77.4706145,27.4902271]]}},{"type":"Feature","properties":{"kind":"road","name":"","class":"residential"},"geometry":{"type":"LineString","coordinates":[[77.4707987,27.4901988],[77.470744,27.489867],[77.4706941,27.489565],[77.4706932,27.4895298],[77.4707025,27.4895028],[77.4707797,27.4893794]]}},{"type":"Feature","properties":{"kind":"road","name":"","class":"residential"},"geometry":{"type":"LineString","coordinates":[[77.4693627,27.4904288],[77.4695809,27.4903937],[77.4699427,27.4903355],[77.4703121,27.4902761]]}},{"type":"Feature","properties":{"kind":"road","name":"","class":"residential"},"geometry":{"type":"LineString","coordinates":[[77.4699427,27.4903355],[77.4701368,27.4905715]]}},{"type":"Feature","properties":{"kind":"road","name":"","class":"residential"},"geometry":{"type":"LineString","coordinates":[[77.4695809,27.4903937],[77.469815,27.4905896],[77.4698272,27.4906041],[77.4698353,27.490633],[77.4698272,27.4907649],[77.4698211,27.4908155],[77.469815,27.490848],[77.4697785,27.4909517]]}},{"type":"Feature","properties":{"kind":"road","name":"","class":"residential"},"geometry":{"type":"LineString","coordinates":[[77.4694746,27.4902632],[77.469127,27.4901093],[77.4690592,27.4900738],[77.4690191,27.4900273],[77.4689637,27.4899262],[77.4688528,27.489396]]}},{"type":"Feature","properties":{"kind":"road","name":"","class":"service"},"geometry":{"type":"LineString","coordinates":[[77.4684006,27.4903118],[77.4685528,27.4900722],[77.4685793,27.4900325],[77.4685935,27.49],[77.4685935,27.4899658],[77.4685183,27.4894861]]}},{"type":"Feature","properties":{"kind":"road","name":"","class":"residential"},"geometry":{"type":"LineString","coordinates":[[77.4723562,27.4874788],[77.4724568,27.4875242],[77.4724938,27.487546],[77.4725246,27.487587],[77.4727711,27.4883332],[77.4729036,27.4887541],[77.4729236,27.4888069],[77.4730268,27.4890794],[77.4730638,27.4891313],[77.4732148,27.4893609],[77.4732902,27.4894861],[77.4733439,27.4895876],[77.4733579,27.4896187],[77.4734163,27.4899605],[77.4734211,27.4899799],[77.4734414,27.4900616],[77.4734683,27.4901702],[77.4735571,27.4906052],[77.4735852,27.4906819],[77.4736296,27.4907441],[77.4737179,27.4908497],[77.4739485,27.4911253],[77.4740732,27.4912744],[77.4741059,27.4912951],[77.4741386,27.4912992],[77.4741643,27.491293],[77.474197,27.4912764],[77.4745893,27.4910879]]}},{"type":"Feature","properties":{"kind":"road","name":"","class":"residential"},"geometry":{"type":"LineString","coordinates":[[77.4747609,27.4919271],[77.4746848,27.4914519],[77.4746334,27.491222],[77.4745893,27.4910879],[77.4745166,27.4909278],[77.4744022,27.4907207],[77.47433,27.4906177],[77.4742848,27.4905533],[77.4742416,27.4904904],[77.4742293,27.4904631],[77.4742355,27.4904357],[77.4742632,27.4904111],[77.4744727,27.4902909]]}},{"type":"Feature","properties":{"kind":"road","name":"","class":"residential"},"geometry":{"type":"LineString","coordinates":[[77.4737179,27.4908497],[77.4742848,27.4905533]]}},{"type":"Feature","properties":{"kind":"road","name":"","class":"residential"},"geometry":{"type":"LineString","coordinates":[[77.47433,27.4906177],[77.4747593,27.4903565],[77.4748579,27.4903018],[77.4749349,27.4902663],[77.474978,27.4902581],[77.4750212,27.4902635],[77.4750489,27.4902854],[77.4750612,27.4903264],[77.4750612,27.4903674],[77.4750489,27.4904111],[77.4749873,27.4905041],[77.4749626,27.4905533],[77.4749595,27.4905915],[77.4749688,27.4906271],[77.4750561,27.4907466],[77.4752183,27.4909687],[77.4752601,27.4910291],[77.4753108,27.4911026],[77.4753629,27.4911807],[77.4754004,27.491252],[77.4755131,27.4915376],[77.4755911,27.4918078]]}},{"type":"Feature","properties":{"kind":"road","name":"","class":"residential"},"geometry":{"type":"LineString","coordinates":[[77.4752939,27.4918488],[77.4752234,27.4915994],[77.4751859,27.4915209],[77.4751537,27.4914733],[77.4750544,27.4913258],[77.474813,27.4909879]]}},{"type":"Feature","properties":{"kind":"road","name":"","class":"residential"},"geometry":{"type":"LineString","coordinates":[[77.4752601,27.4910291],[77.4753573,27.4909618],[77.4753868,27.4909403],[77.4754083,27.4909189],[77.4754137,27.4908951],[77.4754029,27.4908547],[77.4752474,27.4906429]]}},{"type":"Feature","properties":{"kind":"road","name":"","class":"residential"},"geometry":{"type":"LineString","coordinates":[[77.4750561,27.4907466],[77.4752474,27.4906429],[77.4754083,27.4905454]]}},{"type":"Feature","properties":{"kind":"road","name":"","class":"residential"},"geometry":{"type":"LineString","coordinates":[[77.4746848,27.4914519],[77.4743581,27.4914999],[77.4741855,27.4915409],[77.4739822,27.491601],[77.4739236,27.4916147],[77.4738836,27.4916119],[77.4738559,27.4915955],[77.4736926,27.4913933],[77.4736741,27.4913495],[77.473671,27.491314],[77.4736987,27.4912839],[77.4739485,27.4911253]]}},{"type":"Feature","properties":{"kind":"road","name":"","class":"service"},"geometry":{"type":"LineString","coordinates":[[77.4775605,27.4915934],[77.4772966,27.4910298]]}},{"type":"Feature","properties":{"kind":"road","name":"","class":"service"},"geometry":{"type":"LineString","coordinates":[[77.4789947,27.4914959],[77.4788546,27.4913081],[77.4787961,27.4912315],[77.4787745,27.4911905],[77.4787437,27.4910621],[77.4787252,27.4910019],[77.4786944,27.4909527],[77.4786328,27.490909],[77.4785958,27.4908762],[77.478565,27.4908325],[77.4783616,27.4903241],[77.4781752,27.4899446],[77.4778281,27.4893257],[77.4775309,27.488905],[77.4774492,27.4888033],[77.4773413,27.4887131],[77.4769281,27.4883902]]}},{"type":"Feature","properties":{"kind":"road","name":"","class":"service"},"geometry":{"type":"LineString","coordinates":[[77.4734414,27.4900616],[77.4745912,27.4894849]]}},{"type":"Feature","properties":{"kind":"road","name":"","class":"residential"},"geometry":{"type":"LineString","coordinates":[[77.4712871,27.4905436],[77.4718906,27.4904756],[77.471932,27.4904709],[77.4719929,27.4904661],[77.4720331,27.4904614],[77.472068,27.4904471],[77.4720975,27.4904209],[77.4721806,27.4903138],[77.4722128,27.4902686],[77.4722423,27.4902472],[77.4722879,27.4902353],[77.4726256,27.4901592],[77.4734211,27.4899799]]}},{"type":"Feature","properties":{"kind":"road","name":"","class":"residential"},"geometry":{"type":"LineString","coordinates":[[77.4722128,27.4902686],[77.4722023,27.4901775],[77.4721628,27.4898351]]}},{"type":"Feature","properties":{"kind":"road","name":"","class":"residential"},"geometry":{"type":"LineString","coordinates":[[77.4712259,27.4902439],[77.4717273,27.4901782],[77.4718722,27.4901663],[77.4719553,27.4901687],[77.4722023,27.4901775]]}},{"type":"Feature","properties":{"kind":"road","name":"","class":"residential"},"geometry":{"type":"LineString","coordinates":[[77.4718906,27.4904756],[77.4719312,27.4908587],[77.4719956,27.4911323]]}},{"type":"Feature","properties":{"kind":"road","name":"","class":"residential"},"geometry":{"type":"LineString","coordinates":[[77.4683813,27.4913781],[77.4682366,27.4909806],[77.4682151,27.4909211],[77.4682098,27.4908901],[77.4682151,27.4908568],[77.4682393,27.4908378],[77.4687852,27.4904878]]}},{"type":"Feature","properties":{"kind":"road","name":"","class":"residential"},"geometry":{"type":"LineString","coordinates":[[77.4681402,27.4915935],[77.4679549,27.4910091],[77.4679308,27.4909401],[77.4679093,27.4909116],[77.4678772,27.4908973],[77.4678369,27.4908925],[77.4677324,27.4909078]]}},{"type":"Feature","properties":{"kind":"road","name":"","class":"residential"},"geometry":{"type":"LineString","coordinates":[[77.4678761,27.4918102],[77.4675955,27.491109],[77.4674882,27.4907331],[77.4673579,27.490283],[77.4672122,27.4897681]]}},{"type":"Feature","properties":{"kind":"road","name":"","class":"residential"},"geometry":{"type":"LineString","coordinates":[[77.4658179,27.4906178],[77.4661175,27.4905782],[77.4661526,27.4905736],[77.4662095,27.4905682],[77.4662481,27.4905646],[77.4662745,27.4905763],[77.4662932,27.4906041],[77.4663172,27.490689],[77.4663355,27.4907251],[77.4663559,27.4907485],[77.4663823,27.4907792],[77.4664026,27.4908098],[77.4664168,27.4908477],[77.4664595,27.4909739],[77.4664738,27.4910028],[77.4664961,27.4910244],[77.4665307,27.4910442],[77.4665571,27.4910677],[77.4665835,27.4911001],[77.466612,27.4911398],[77.4666852,27.4913093]]}},{"type":"Feature","properties":{"kind":"road","name":"","class":"residential"},"geometry":{"type":"LineString","coordinates":[[77.4656262,27.4913141],[77.4659635,27.4912931],[77.4659954,27.4912925],[77.4660591,27.4912913],[77.4660875,27.4912931],[77.4661079,27.4913021],[77.4661282,27.4913183],[77.4661424,27.4913418],[77.4661607,27.4914103],[77.466176,27.4914409],[77.4662054,27.4914481],[77.4666852,27.4913093],[77.4669282,27.4912344]]}},{"type":"Feature","properties":{"kind":"road","name":"","class":"residential"},"geometry":{"type":"LineString","coordinates":[[77.4659954,27.4912925],[77.4659667,27.4909748]]}},{"type":"Feature","properties":{"kind":"road","name":"","class":"residential"},"geometry":{"type":"LineString","coordinates":[[77.4661175,27.4905782],[77.4662046,27.4910974]]}},{"type":"Feature","properties":{"kind":"road","name":"","class":"residential"},"geometry":{"type":"LineString","coordinates":[[77.4664738,27.4910028],[77.4666019,27.490927],[77.4666507,27.4908946],[77.4666771,27.4908783],[77.4666913,27.4908639],[77.4666893,27.4908405],[77.4665897,27.4905118],[77.4665368,27.4903374]]}},{"type":"Feature","properties":{"kind":"road","name":"","class":"residential"},"geometry":{"type":"LineString","coordinates":[[77.4665897,27.4905118],[77.4668255,27.4904564],[77.4668722,27.490442],[77.4668946,27.4904248],[77.4668894,27.4903744],[77.4668356,27.4901805]]}},{"type":"Feature","properties":{"kind":"road","name":"","class":"residential"},"geometry":{"type":"LineString","coordinates":[[77.4668255,27.4904564],[77.4669129,27.4907647],[77.4670511,27.4911813],[77.4671068,27.4913416],[77.4673287,27.4919065],[77.4674646,27.4921749]]}},{"type":"Feature","properties":{"kind":"road","name":"","class":"residential"},"geometry":{"type":"LineString","coordinates":[[77.4671601,27.4924062],[77.4668204,27.4916468]]}},{"type":"Feature","properties":{"kind":"road","name":"","class":"residential"},"geometry":{"type":"LineString","coordinates":[[77.4675696,27.4920819],[77.4673441,27.4914009],[77.4673318,27.4913653],[77.4673133,27.4913435],[77.4672671,27.4913216],[77.4672271,27.4913243],[77.4671068,27.4913416]]}},{"type":"Feature","properties":{"kind":"road","name":"","class":"residential"},"geometry":{"type":"LineString","coordinates":[[77.466691,27.4927626],[77.4662426,27.4918721]]}},{"type":"Feature","properties":{"kind":"road","name":"","class":"residential"},"geometry":{"type":"LineString","coordinates":[[77.4661508,27.4932177],[77.466014,27.4930968],[77.4659341,27.4930261],[77.4658938,27.492992],[77.4658778,27.4929785],[77.4657946,27.4929071],[77.4657174,27.4928398],[77.46568,27.4928191],[77.4656123,27.4928025],[77.4654056,27.4927775]]}},{"type":"Feature","properties":{"kind":"road","name":"","class":"residential"},"geometry":{"type":"LineString","coordinates":[[77.4658434,27.4934776],[77.465645,27.4932707],[77.4654536,27.492989],[77.4653891,27.4928906]]}},{"type":"Feature","properties":{"kind":"road","name":"","class":"residential"},"geometry":{"type":"LineString","coordinates":[[77.4664208,27.4929843],[77.4663201,27.4928411],[77.4662702,27.4927701],[77.4662407,27.4927208],[77.4659026,27.4921549]]}},{"type":"Feature","properties":{"kind":"road","name":"","class":"residential"},"geometry":{"type":"LineString","coordinates":[[77.4654786,27.4921835],[77.4657145,27.4921881],[77.4658079,27.4921777],[77.4658709,27.4921673],[77.4659026,27.4921549],[77.4659503,27.4921363],[77.4660951,27.4920762]]}},{"type":"Feature","properties":{"kind":"road","name":"","class":"residential"},"geometry":{"type":"LineString","coordinates":[[77.4658938,27.492992],[77.4662407,27.4927208]]}},{"type":"Feature","properties":{"kind":"road","name":"","class":"residential"},"geometry":{"type":"LineString","coordinates":[[77.466014,27.4930968],[77.4663201,27.4928411]]}},{"type":"Feature","properties":{"kind":"road","name":"","class":"residential"},"geometry":{"type":"LineString","coordinates":[[77.4661969,27.4931778],[77.4665429,27.4935506],[77.4666207,27.4936448],[77.4666632,27.493695],[77.4666844,27.4937389],[77.4667892,27.4942412]]}},{"type":"Feature","properties":{"kind":"road","name":"","class":"residential"},"geometry":{"type":"LineString","coordinates":[[77.4665429,27.4935506],[77.4667189,27.4934189],[77.4668735,27.4933031],[77.4670155,27.4931968],[77.467103,27.4931313],[77.4673056,27.4929835],[77.4676249,27.4927505],[77.4679302,27.4925278],[77.4682393,27.4923023]]}},{"type":"Feature","properties":{"kind":"road","name":"","class":"residential"},"geometry":{"type":"LineString","coordinates":[[77.4678299,27.4918512],[77.4681889,27.4922468],[77.4682393,27.4923023],[77.4686676,27.4928612],[77.4690897,27.4934195]]}},{"type":"Feature","properties":{"kind":"road","name":"","class":"residential"},"geometry":{"type":"LineString","coordinates":[[77.4675324,27.4921148],[77.4679302,27.4925278]]}},{"type":"Feature","properties":{"kind":"road","name":"","class":"residential"},"geometry":{"type":"LineString","coordinates":[[77.4676249,27.4927505],[77.4672425,27.4923436]]}},{"type":"Feature","properties":{"kind":"road","name":"","class":"residential"},"geometry":{"type":"LineString","coordinates":[[77.4673056,27.4929835],[77.466941,27.4925726]]}},{"type":"Feature","properties":{"kind":"road","name":"","class":"residential"},"geometry":{"type":"LineString","coordinates":[[77.4670155,27.4931968],[77.4666366,27.4928039]]}},{"type":"Feature","properties":{"kind":"road","name":"","class":"residential"},"geometry":{"type":"LineString","coordinates":[[77.4667189,27.4934189],[77.4663617,27.4930354]]}},{"type":"Feature","properties":{"kind":"road","name":"","class":"residential"},"geometry":{"type":"LineString","coordinates":[[77.4681889,27.4922468],[77.4685239,27.4919866],[77.468794,27.4917769],[77.4688451,27.4917372],[77.4690847,27.4915356],[77.4694046,27.4912664],[77.4697198,27.4910011],[77.4697785,27.4909517]]}},{"type":"Feature","properties":{"kind":"road","name":"","class":"residential"},"geometry":{"type":"LineString","coordinates":[[77.4685239,27.4919866],[77.4681402,27.4915935]]}},{"type":"Feature","properties":{"kind":"road","name":"","class":"residential"},"geometry":{"type":"LineString","coordinates":[[77.468794,27.4917769],[77.4684118,27.4913533]]}},{"type":"Feature","properties":{"kind":"road","name":"","class":"residential"},"geometry":{"type":"LineString","coordinates":[[77.4690847,27.4915356],[77.4686729,27.4911406]]}},{"type":"Feature","properties":{"kind":"road","name":"","class":"residential"},"geometry":{"type":"LineString","coordinates":[[77.4694046,27.4912664],[77.4689932,27.4908678]]}},{"type":"Feature","properties":{"kind":"road","name":"","class":"residential"},"geometry":{"type":"LineString","coordinates":[[77.4694046,27.4912664],[77.4697662,27.4916037]]}},{"type":"Feature","properties":{"kind":"road","name":"","class":"residential"},"geometry":{"type":"LineString","coordinates":[[77.4690847,27.4915356],[77.4694488,27.4918606]]}},{"type":"Feature","properties":{"kind":"road","name":"","class":"residential"},"geometry":{"type":"LineString","coordinates":[[77.470466,27.4912825],[77.4702931,27.4914561],[77.4701791,27.4915627],[77.4700774,27.4916474],[77.4698802,27.491795]]}},{"type":"Feature","properties":{"kind":"road","name":"","class":"residential"},"geometry":{"type":"LineString","coordinates":[[77.468794,27.4917769],[77.469061,27.4920835],[77.469175,27.492201],[77.4693927,27.492385],[77.4695017,27.4924771],[77.469779,27.4927286]]}},{"type":"Feature","properties":{"kind":"road","name":"","class":"residential"},"geometry":{"type":"LineString","coordinates":[[77.47035,27.4929125],[77.4699396,27.4924314],[77.4697784,27.4922698],[77.4695029,27.4920129]]}},{"type":"Feature","properties":{"kind":"road","name":"","class":"residential"},"geometry":{"type":"LineString","coordinates":[[77.4685239,27.4919866],[77.4687999,27.4923071],[77.4688349,27.492363],[77.4690525,27.4927506],[77.4691152,27.4928623],[77.4693709,27.493309]]}},{"type":"Feature","properties":{"kind":"road","name":"","class":"residential"},"geometry":{"type":"LineString","coordinates":[[77.4690525,27.4927506],[77.4693927,27.492385]]}},{"type":"Feature","properties":{"kind":"road","name":"","class":"residential"},"geometry":{"type":"LineString","coordinates":[[77.4697198,27.4910011],[77.4700603,27.4913798]]}},{"type":"Feature","properties":{"kind":"road","name":"","class":"residential"},"geometry":{"type":"LineString","coordinates":[[77.4679302,27.4925278],[77.4681502,27.4927873]]}},{"type":"Feature","properties":{"kind":"road","name":"","class":"residential"},"geometry":{"type":"LineString","coordinates":[[77.4687481,27.4935537],[77.4686644,27.4934275],[77.4686527,27.4934005],[77.468655,27.4933674],[77.4686924,27.4932928],[77.4687181,27.493239],[77.4687228,27.4932079],[77.4687158,27.4931789],[77.4686761,27.4930504]]}},{"type":"Feature","properties":{"kind":"road","name":"","class":"service"},"geometry":{"type":"LineString","coordinates":[[77.4683299,27.4937166],[77.4681962,27.4935778],[77.4681145,27.4935033],[77.4680537,27.4934515],[77.4680257,27.4934349],[77.4679907,27.4934245],[77.467944,27.4934245],[77.4676497,27.4935302]]}},{"type":"Feature","properties":{"kind":"road","name":"","class":"residential"},"geometry":{"type":"LineString","coordinates":[[77.4668735,27.4933031],[77.4669561,27.4933872],[77.4669923,27.4934152],[77.4670168,27.4934204],[77.4670379,27.493408],[77.4674722,27.4930951]]}},{"type":"Feature","properties":{"kind":"road","name":"","class":"residential"},"geometry":{"type":"LineString","coordinates":[[77.4627066,27.4920418],[77.4629407,27.4923776],[77.4629568,27.4924085],[77.4629568,27.4924287],[77.4629581,27.4924965],[77.4629594,27.4925156],[77.4629635,27.492537],[77.4629755,27.4925774],[77.4630083,27.4926273]]}},{"type":"Feature","properties":{"kind":"road","name":"","class":"residential"},"geometry":{"type":"LineString","coordinates":[[77.4726256,27.4901592],[77.4725937,27.4898071]]}},{"type":"Feature","properties":{"kind":"road","name":"","class":"service"},"geometry":{"type":"LineString","coordinates":[[77.470727,27.4927707],[77.4704656,27.4924216],[77.4704254,27.4923692],[77.4704026,27.4923181],[77.4704012,27.4922741],[77.47042,27.4922431],[77.4704576,27.4922098],[77.4705836,27.4921004],[77.4709674,27.4918787]]}},{"type":"Feature","properties":{"kind":"road","name":"","class":"service"},"geometry":{"type":"LineString","coordinates":[[77.4703982,27.4912499],[77.4706104,27.4911439],[77.4707767,27.4910606],[77.4708679,27.4909987],[77.4709082,27.4909845],[77.4709403,27.4909797],[77.4709752,27.490994],[77.4710101,27.4910178],[77.4711388,27.4911225]]}},{"type":"Feature","properties":{"kind":"road","name":"","class":"residential"},"geometry":{"type":"LineString","coordinates":[[77.4728994,27.4922138],[77.472496,27.49196],[77.4722868,27.4918553],[77.4721688,27.4918268],[77.4720508,27.4918363],[77.4715143,27.4919457]]}},{"type":"Feature","properties":{"kind":"road","name":"Chhatikara-Govardan Road","class":"tertiary"},"geometry":{"type":"LineString","coordinates":[[77.498858,27.5191494],[77.4981636,27.5187569],[77.4978876,27.5186165],[77.4977602,27.5185644],[77.4975898,27.5185096],[77.4973476,27.5184495],[77.4969146,27.5183438],[77.4960742,27.5181391],[77.4950888,27.517875],[77.4946488,27.5177806],[77.4943834,27.5177481],[77.4940793,27.5177418],[77.4937064,27.5177653],[77.493455,27.5178013],[77.4933454,27.5178273],[77.4931874,27.5178719],[77.4930611,27.5179324],[77.4930224,27.517953]]}},{"type":"Feature","properties":{"kind":"road","name":"","class":"secondary"},"geometry":{"type":"LineString","coordinates":[[77.4826875,27.5298587],[77.4826667,27.5298326],[77.4816488,27.528724],[77.4805956,27.5276531],[77.4796994,27.5266474],[77.4791619,27.5260204],[77.479098,27.5259082],[77.4790321,27.5257536],[77.4787345,27.5245532],[77.4786593,27.524344],[77.478568,27.5241452],[77.4784145,27.5239763],[77.4782791,27.5238744],[77.4781217,27.5237859],[77.4779573,27.5237241]]}},{"type":"Feature","properties":{"kind":"road","name":"","class":"secondary"},"geometry":{"type":"LineString","coordinates":[[77.4829581,27.5301975],[77.4826875,27.5298587]]}},{"type":"Feature","properties":{"kind":"road","name":"","class":"secondary"},"geometry":{"type":"LineString","coordinates":[[77.4445813,27.4913553],[77.4447966,27.4919334],[77.4454001,27.4934895],[77.4455528,27.4938638],[77.4458965,27.4947067],[77.4461461,27.4953025],[77.4462207,27.4954759],[77.4463001,27.4956606],[77.4466513,27.4964532],[77.4475865,27.4985997],[77.4476713,27.4987872],[77.4482095,27.4999896],[77.4484047,27.5004151],[77.4485024,27.5006272],[77.4486164,27.5008623],[77.4488813,27.5013706],[77.449287,27.5021795],[77.449401,27.5024026],[77.4494461,27.5024907],[77.4495684,27.5026906],[77.4500367,27.5032699],[77.450327,27.5036026],[77.4505969,27.5039006],[77.4512623,27.5046006],[77.45282,27.5062793],[77.4535038,27.507059],[77.4536169,27.5071785],[77.4537027,27.5072642],[77.4540245,27.5075809],[77.4546842,27.508232],[77.4550679,27.5086177],[77.4552173,27.508771],[77.4553277,27.5088848],[77.4553791,27.5089452],[77.4554226,27.5089993],[77.4555186,27.5091314],[77.455689,27.5093674],[77.4561373,27.5099908],[77.4567804,27.5109243]]}},{"type":"Feature","properties":{"kind":"road","name":"","class":"secondary"},"geometry":{"type":"LineString","coordinates":[[77.4568395,27.5108172],[77.4560302,27.5096437],[77.4556574,27.5091217],[77.4555296,27.5089523],[77.455484,27.5088931],[77.4554224,27.5088222],[77.4552261,27.5086135],[77.454432,27.5078443],[77.4539236,27.5073278],[77.4537032,27.5071145],[77.4533844,27.5067512],[77.4529161,27.5062183],[77.4525494,27.5058139],[77.452038,27.5052646],[77.4515789,27.5047809],[77.4509473,27.5041223],[77.4506115,27.5037697],[77.4503003,27.5034145],[77.4499779,27.5030187],[77.4497375,27.5027181],[77.4496328,27.5025732],[77.449565,27.502453],[77.4495217,27.5023717],[77.4494849,27.5023027],[77.4491799,27.5017233],[77.4489241,27.5012232],[77.4487146,27.5007996],[77.4477712,27.4987583],[77.4476878,27.4985658],[77.4467602,27.496426],[77.4463344,27.4954473],[77.4459876,27.4946503],[77.4455213,27.4934898],[77.4452236,27.4927124],[77.4447339,27.4914338]]}},{"type":"Feature","properties":{"kind":"road","name":"","class":"residential"},"geometry":{"type":"LineString","coordinates":[[77.4567804,27.5109243],[77.4565464,27.5113352],[77.456209,27.5120049]]}},{"type":"Feature","properties":{"kind":"road","name":"","class":"secondary"},"geometry":{"type":"LineString","coordinates":[[77.4567804,27.5109243],[77.4571533,27.5114657],[77.4583457,27.5131899],[77.4586223,27.513574],[77.4587591,27.5135993]]}},{"type":"Feature","properties":{"kind":"road","name":"","class":"secondary"},"geometry":{"type":"LineString","coordinates":[[77.4587591,27.5135993],[77.458646,27.5134491],[77.4581714,27.5127379],[77.4570008,27.511051],[77.4568395,27.5108172]]}},{"type":"Feature","properties":{"kind":"road","name":"","class":"tertiary"},"geometry":{"type":"LineString","coordinates":[[77.4905453,27.5162666],[77.4905675,27.5163139]]}},{"type":"Feature","properties":{"kind":"road","name":"","class":"steps"},"geometry":{"type":"LineString","coordinates":[[77.4614103,27.5200451],[77.4615114,27.5202023]]}},{"type":"Feature","properties":{"kind":"road","name":"","class":"steps"},"geometry":{"type":"LineString","coordinates":[[77.4612887,27.5203155],[77.4611873,27.5201579]]}},{"type":"Feature","properties":{"kind":"road","name":"","class":"footway"},"geometry":{"type":"LineString","coordinates":[[77.4611873,27.5201579],[77.4614103,27.5200451]]}},{"type":"Feature","properties":{"kind":"road","name":"","class":"service"},"geometry":{"type":"LineString","coordinates":[[77.4688181,27.4948386],[77.4688683,27.4948177],[77.4690723,27.4947328],[77.469102,27.4947141],[77.4691048,27.4946825],[77.4690959,27.4946297],[77.4689915,27.4943528]]}},{"type":"Feature","properties":{"kind":"road","name":"","class":"service"},"geometry":{"type":"LineString","coordinates":[[77.4688683,27.4948177],[77.4687696,27.4943979]]}},{"type":"Feature","properties":{"kind":"road","name":"","class":"service"},"geometry":{"type":"LineString","coordinates":[[77.4687679,27.4948595],[77.4688181,27.4948386]]}}]}